ID_EST,RA,Logro_RA,Fecha_corte
E2016CEB8005,RA1,77.75,2026-03-04 01:23:58
E2016CEB8005,RA2,71.0,2026-03-04 01:23:58
E2016CEB8005,RA5,84.5,2026-03-04 01:23:58
E2016CEB8005,RA6,76.5,2026-03-04 01:23:58
E2016CEB8005,RA9,54.5,2026-03-04 01:23:58
E2016DVE7203,RA1,74.91363636363636,2026-03-04 01:23:58
E2016DVE7203,RA10,77.2,2026-03-04 01:23:58
E2016DVE7203,RA11,73.7,2026-03-04 01:23:58
E2016DVE7203,RA12,75.46666666666667,2026-03-04 01:23:58
E2016DVE7203,RA2,73.0375,2026-03-04 01:23:58
E2016DVE7203,RA3,70.4,2026-03-04 01:23:58
E2016DVE7203,RA4,71.1,2026-03-04 01:23:58
E2016DVE7203,RA5,70.6,2026-03-04 01:23:58
E2016DVE7203,RA6,76.1,2026-03-04 01:23:58
E2016DVE7203,RA7,74.0,2026-03-04 01:23:58
E2016DVE7203,RA9,75.68,2026-03-04 01:23:58
E2016EYU4689,RA1,75.92272727272727,2026-03-04 01:23:58
E2016EYU4689,RA10,75.46666666666667,2026-03-04 01:23:58
E2016EYU4689,RA11,76.85,2026-03-04 01:23:58
E2016EYU4689,RA12,78.375,2026-03-04 01:23:58
E2016EYU4689,RA2,73.9625,2026-03-04 01:23:58
E2016EYU4689,RA3,75.8,2026-03-04 01:23:58
E2016EYU4689,RA4,70.6,2026-03-04 01:23:58
E2016EYU4689,RA5,77.55,2026-03-04 01:23:58
E2016EYU4689,RA6,75.8125,2026-03-04 01:23:58
E2016EYU4689,RA7,74.77142857142857,2026-03-04 01:23:58
E2016EYU4689,RA9,75.75666666666666,2026-03-04 01:23:58
E2016FEZ4344,RA1,74.45454545454545,2026-03-04 01:23:58
E2016FEZ4344,RA10,73.7,2026-03-04 01:23:58
E2016FEZ4344,RA11,69.1,2026-03-04 01:23:58
E2016FEZ4344,RA12,75.08333333333333,2026-03-04 01:23:58
E2016FEZ4344,RA2,74.5625,2026-03-04 01:23:58
E2016FEZ4344,RA3,75.25,2026-03-04 01:23:58
E2016FEZ4344,RA4,73.45,2026-03-04 01:23:58
E2016FEZ4344,RA5,75.65,2026-03-04 01:23:58
E2016FEZ4344,RA6,74.9875,2026-03-04 01:23:58
E2016FEZ4344,RA7,74.47857142857143,2026-03-04 01:23:58
E2016FEZ4344,RA9,74.63,2026-03-04 01:23:58
E2016GAZ1481,RA1,74.39545454545454,2026-03-04 01:23:58
E2016GAZ1481,RA10,73.23333333333333,2026-03-04 01:23:58
E2016GAZ1481,RA11,71.4,2026-03-04 01:23:58
E2016GAZ1481,RA12,75.83333333333333,2026-03-04 01:23:58
E2016GAZ1481,RA2,76.2375,2026-03-04 01:23:58
E2016GAZ1481,RA3,80.425,2026-03-04 01:23:58
E2016GAZ1481,RA4,82.85,2026-03-04 01:23:58
E2016GAZ1481,RA5,71.8,2026-03-04 01:23:58
E2016GAZ1481,RA6,75.4625,2026-03-04 01:23:58
E2016GAZ1481,RA7,75.71428571428571,2026-03-04 01:23:58
E2016GAZ1481,RA9,74.30333333333333,2026-03-04 01:23:58
E2016GYY2304,RA1,88.25,2026-03-04 01:23:58
E2016GYY2304,RA2,69.5,2026-03-04 01:23:58
E2016GYY2304,RA5,61.5,2026-03-04 01:23:58
E2016GYY2304,RA6,76.0,2026-03-04 01:23:58
E2016GYY2304,RA9,77.0,2026-03-04 01:23:58
E2016HAO5559,RA1,76.62272727272727,2026-03-04 01:23:58
E2016HAO5559,RA10,73.16666666666667,2026-03-04 01:23:58
E2016HAO5559,RA11,74.45,2026-03-04 01:23:58
E2016HAO5559,RA12,76.08333333333333,2026-03-04 01:23:58
E2016HAO5559,RA2,72.2625,2026-03-04 01:23:58
E2016HAO5559,RA3,73.375,2026-03-04 01:23:58
E2016HAO5559,RA4,72.9,2026-03-04 01:23:58
E2016HAO5559,RA5,75.75,2026-03-04 01:23:58
E2016HAO5559,RA6,74.7875,2026-03-04 01:23:58
E2016HAO5559,RA7,77.10714285714286,2026-03-04 01:23:58
E2016HAO5559,RA9,73.81666666666666,2026-03-04 01:23:58
E2016ISA3949,RA1,75.1,2026-03-04 01:23:58
E2016ISA3949,RA10,74.55,2026-03-04 01:23:58
E2016ISA3949,RA11,78.75,2026-03-04 01:23:58
E2016ISA3949,RA12,74.725,2026-03-04 01:23:58
E2016ISA3949,RA2,76.125,2026-03-04 01:23:58
E2016ISA3949,RA3,71.875,2026-03-04 01:23:58
E2016ISA3949,RA4,73.05,2026-03-04 01:23:58
E2016ISA3949,RA5,80.4,2026-03-04 01:23:58
E2016ISA3949,RA6,74.6125,2026-03-04 01:23:58
E2016ISA3949,RA7,75.25,2026-03-04 01:23:58
E2016ISA3949,RA9,73.70666666666666,2026-03-04 01:23:58
E2016JQE6064,RA1,71.64285714285714,2026-03-04 01:23:58
E2016JQE6064,RA12,89.5,2026-03-04 01:23:58
E2016JQE6064,RA2,77.66666666666667,2026-03-04 01:23:58
E2016JQE6064,RA4,85.0,2026-03-04 01:23:58
E2016JQE6064,RA5,79.5,2026-03-04 01:23:58
E2016JQE6064,RA6,82.25,2026-03-04 01:23:58
E2016JQE6064,RA7,83.5,2026-03-04 01:23:58
E2016JQE6064,RA9,76.5,2026-03-04 01:23:58
E2016JSM4884,RA1,73.51818181818182,2026-03-04 01:23:58
E2016JSM4884,RA10,75.81666666666666,2026-03-04 01:23:58
E2016JSM4884,RA11,72.2,2026-03-04 01:23:58
E2016JSM4884,RA12,72.29166666666667,2026-03-04 01:23:58
E2016JSM4884,RA2,77.8375,2026-03-04 01:23:58
E2016JSM4884,RA3,78.625,2026-03-04 01:23:58
E2016JSM4884,RA4,74.3,2026-03-04 01:23:58
E2016JSM4884,RA5,77.3,2026-03-04 01:23:58
E2016JSM4884,RA6,73.3125,2026-03-04 01:23:58
E2016JSM4884,RA7,75.25714285714285,2026-03-04 01:23:58
E2016JSM4884,RA9,74.32,2026-03-04 01:23:58
E2016KUM7535,RA1,71.35714285714286,2026-03-04 01:23:58
E2016KUM7535,RA12,57.0,2026-03-04 01:23:58
E2016KUM7535,RA2,84.0,2026-03-04 01:23:58
E2016KUM7535,RA4,82.5,2026-03-04 01:23:58
E2016KUM7535,RA5,85.0,2026-03-04 01:23:58
E2016KUM7535,RA6,80.0,2026-03-04 01:23:58
E2016KUM7535,RA7,84.5,2026-03-04 01:23:58
E2016KUM7535,RA9,75.9375,2026-03-04 01:23:58
E2016LES4111,RA1,75.82727272727273,2026-03-04 01:23:58
E2016LES4111,RA10,76.15,2026-03-04 01:23:58
E2016LES4111,RA11,77.75,2026-03-04 01:23:58
E2016LES4111,RA12,73.76666666666667,2026-03-04 01:23:58
E2016LES4111,RA2,72.625,2026-03-04 01:23:58
E2016LES4111,RA3,76.7,2026-03-04 01:23:58
E2016LES4111,RA4,74.75,2026-03-04 01:23:58
E2016LES4111,RA5,79.2,2026-03-04 01:23:58
E2016LES4111,RA6,74.675,2026-03-04 01:23:58
E2016LES4111,RA7,73.65714285714286,2026-03-04 01:23:58
E2016LES4111,RA9,74.26333333333334,2026-03-04 01:23:58
E2016LLG6751,RA1,73.1590909090909,2026-03-04 01:23:58
E2016LLG6751,RA10,77.43333333333334,2026-03-04 01:23:58
E2016LLG6751,RA11,75.15,2026-03-04 01:23:58
E2016LLG6751,RA12,73.29166666666667,2026-03-04 01:23:58
E2016LLG6751,RA2,74.125,2026-03-04 01:23:58
E2016LLG6751,RA3,75.275,2026-03-04 01:23:58
E2016LLG6751,RA4,78.9,2026-03-04 01:23:58
E2016LLG6751,RA5,73.2,2026-03-04 01:23:58
E2016LLG6751,RA6,77.7125,2026-03-04 01:23:58
E2016LLG6751,RA7,75.24285714285715,2026-03-04 01:23:58
E2016LLG6751,RA9,75.38,2026-03-04 01:23:58
E2016LOP8678,RA1,70.75,2026-03-04 01:23:58
E2016LOP8678,RA2,71.0,2026-03-04 01:23:58
E2016LOP8678,RA5,60.5,2026-03-04 01:23:58
E2016LOP8678,RA6,69.5,2026-03-04 01:23:58
E2016LOP8678,RA9,77.5,2026-03-04 01:23:58
E2016LWE3765,RA1,75.35454545454546,2026-03-04 01:23:58
E2016LWE3765,RA10,74.6,2026-03-04 01:23:58
E2016LWE3765,RA11,71.95,2026-03-04 01:23:58
E2016LWE3765,RA12,74.56666666666666,2026-03-04 01:23:58
E2016LWE3765,RA2,73.1125,2026-03-04 01:23:58
E2016LWE3765,RA3,77.975,2026-03-04 01:23:58
E2016LWE3765,RA4,73.65,2026-03-04 01:23:58
E2016LWE3765,RA5,83.75,2026-03-04 01:23:58
E2016LWE3765,RA6,76.075,2026-03-04 01:23:58
E2016LWE3765,RA7,76.12142857142857,2026-03-04 01:23:58
E2016LWE3765,RA9,74.26333333333334,2026-03-04 01:23:58
E2016MMR8761,RA1,77.13181818181818,2026-03-04 01:23:58
E2016MMR8761,RA10,77.66666666666667,2026-03-04 01:23:58
E2016MMR8761,RA11,76.9,2026-03-04 01:23:58
E2016MMR8761,RA12,74.20833333333333,2026-03-04 01:23:58
E2016MMR8761,RA2,72.8625,2026-03-04 01:23:58
E2016MMR8761,RA3,73.625,2026-03-04 01:23:58
E2016MMR8761,RA4,77.9,2026-03-04 01:23:58
E2016MMR8761,RA5,70.15,2026-03-04 01:23:58
E2016MMR8761,RA6,74.7875,2026-03-04 01:23:58
E2016MMR8761,RA7,75.62857142857143,2026-03-04 01:23:58
E2016MMR8761,RA9,74.46333333333334,2026-03-04 01:23:58
E2016NMQ8582,RA1,66.75,2026-03-04 01:23:58
E2016NMQ8582,RA2,60.0,2026-03-04 01:23:58
E2016NMQ8582,RA5,75.5,2026-03-04 01:23:58
E2016NMQ8582,RA6,63.5,2026-03-04 01:23:58
E2016NMQ8582,RA9,98.5,2026-03-04 01:23:58
E2016OMU0021,RA1,76.38636363636364,2026-03-04 01:23:58
E2016OMU0021,RA10,75.1,2026-03-04 01:23:58
E2016OMU0021,RA11,74.95,2026-03-04 01:23:58
E2016OMU0021,RA12,71.98333333333333,2026-03-04 01:23:58
E2016OMU0021,RA2,76.9875,2026-03-04 01:23:58
E2016OMU0021,RA3,76.7,2026-03-04 01:23:58
E2016OMU0021,RA4,75.4,2026-03-04 01:23:58
E2016OMU0021,RA5,77.85,2026-03-04 01:23:58
E2016OMU0021,RA6,75.45,2026-03-04 01:23:58
E2016OMU0021,RA7,76.67857142857143,2026-03-04 01:23:58
E2016OMU0021,RA9,76.08,2026-03-04 01:23:58
E2016OTW2460,RA1,73.74545454545455,2026-03-04 01:23:58
E2016OTW2460,RA10,73.8,2026-03-04 01:23:58
E2016OTW2460,RA11,68.25,2026-03-04 01:23:58
E2016OTW2460,RA12,75.95833333333333,2026-03-04 01:23:58
E2016OTW2460,RA2,73.1375,2026-03-04 01:23:58
E2016OTW2460,RA3,78.4,2026-03-04 01:23:58
E2016OTW2460,RA4,76.1,2026-03-04 01:23:58
E2016OTW2460,RA5,73.3,2026-03-04 01:23:58
E2016OTW2460,RA6,75.75,2026-03-04 01:23:58
E2016OTW2460,RA7,72.42142857142858,2026-03-04 01:23:58
E2016OTW2460,RA9,75.51,2026-03-04 01:23:58
E2016OXB5150,RA1,75.33636363636364,2026-03-04 01:23:58
E2016OXB5150,RA10,72.86666666666666,2026-03-04 01:23:58
E2016OXB5150,RA11,75.75,2026-03-04 01:23:58
E2016OXB5150,RA12,76.81666666666666,2026-03-04 01:23:58
E2016OXB5150,RA2,76.575,2026-03-04 01:23:58
E2016OXB5150,RA3,76.7,2026-03-04 01:23:58
E2016OXB5150,RA4,75.5,2026-03-04 01:23:58
E2016OXB5150,RA5,77.15,2026-03-04 01:23:58
E2016OXB5150,RA6,76.8625,2026-03-04 01:23:58
E2016OXB5150,RA7,74.74285714285715,2026-03-04 01:23:58
E2016OXB5150,RA9,73.60666666666667,2026-03-04 01:23:58
E2016PAO1670,RA1,73.9090909090909,2026-03-04 01:23:58
E2016PAO1670,RA10,72.26666666666667,2026-03-04 01:23:58
E2016PAO1670,RA11,71.9,2026-03-04 01:23:58
E2016PAO1670,RA12,74.79166666666667,2026-03-04 01:23:58
E2016PAO1670,RA2,74.125,2026-03-04 01:23:58
E2016PAO1670,RA3,75.7,2026-03-04 01:23:58
E2016PAO1670,RA4,75.2,2026-03-04 01:23:58
E2016PAO1670,RA5,72.85,2026-03-04 01:23:58
E2016PAO1670,RA6,73.5375,2026-03-04 01:23:58
E2016PAO1670,RA7,76.87142857142857,2026-03-04 01:23:58
E2016PAO1670,RA9,75.52333333333333,2026-03-04 01:23:58
E2016PIP5018,RA1,74.88181818181818,2026-03-04 01:23:58
E2016PIP5018,RA10,78.15,2026-03-04 01:23:58
E2016PIP5018,RA11,76.15,2026-03-04 01:23:58
E2016PIP5018,RA12,74.31666666666666,2026-03-04 01:23:58
E2016PIP5018,RA2,74.9125,2026-03-04 01:23:58
E2016PIP5018,RA3,79.375,2026-03-04 01:23:58
E2016PIP5018,RA4,69.55,2026-03-04 01:23:58
E2016PIP5018,RA5,79.35,2026-03-04 01:23:58
E2016PIP5018,RA6,75.6875,2026-03-04 01:23:58
E2016PIP5018,RA7,77.27857142857142,2026-03-04 01:23:58
E2016PIP5018,RA9,76.51,2026-03-04 01:23:58
E2016QPX8739,RA1,74.0,2026-03-04 01:23:58
E2016QPX8739,RA12,67.5,2026-03-04 01:23:58
E2016QPX8739,RA2,68.5,2026-03-04 01:23:58
E2016QPX8739,RA4,80.0,2026-03-04 01:23:58
E2016QPX8739,RA5,85.0,2026-03-04 01:23:58
E2016QPX8739,RA6,75.75,2026-03-04 01:23:58
E2016QPX8739,RA7,64.0,2026-03-04 01:23:58
E2016QPX8739,RA9,72.75,2026-03-04 01:23:58
E2016QZG9410,RA1,74.24090909090908,2026-03-04 01:23:58
E2016QZG9410,RA10,78.68333333333334,2026-03-04 01:23:58
E2016QZG9410,RA11,77.9,2026-03-04 01:23:58
E2016QZG9410,RA12,78.25,2026-03-04 01:23:58
E2016QZG9410,RA2,74.65,2026-03-04 01:23:58
E2016QZG9410,RA3,77.5,2026-03-04 01:23:58
E2016QZG9410,RA4,70.75,2026-03-04 01:23:58
E2016QZG9410,RA5,74.7,2026-03-04 01:23:58
E2016QZG9410,RA6,75.25,2026-03-04 01:23:58
E2016QZG9410,RA7,76.34285714285714,2026-03-04 01:23:58
E2016QZG9410,RA9,73.94333333333333,2026-03-04 01:23:58
E2016RQK0343,RA1,74.80454545454545,2026-03-04 01:23:58
E2016RQK0343,RA10,75.61666666666666,2026-03-04 01:23:58
E2016RQK0343,RA11,79.05,2026-03-04 01:23:58
E2016RQK0343,RA12,73.26666666666667,2026-03-04 01:23:58
E2016RQK0343,RA2,75.5625,2026-03-04 01:23:58
E2016RQK0343,RA3,74.85,2026-03-04 01:23:58
E2016RQK0343,RA4,73.9,2026-03-04 01:23:58
E2016RQK0343,RA5,74.15,2026-03-04 01:23:58
E2016RQK0343,RA6,75.175,2026-03-04 01:23:58
E2016RQK0343,RA7,75.97142857142858,2026-03-04 01:23:58
E2016RQK0343,RA9,75.48,2026-03-04 01:23:58
E2016SPQ4817,RA1,64.0,2026-03-04 01:23:58
E2016SPQ4817,RA2,66.0,2026-03-04 01:23:58
E2016SPQ4817,RA5,72.5,2026-03-04 01:23:58
E2016SPQ4817,RA6,75.5,2026-03-04 01:23:58
E2016SPQ4817,RA9,75.0,2026-03-04 01:23:58
E2016VDQ7117,RA1,68.25,2026-03-04 01:23:58
E2016VDQ7117,RA2,86.0,2026-03-04 01:23:58
E2016VDQ7117,RA5,86.0,2026-03-04 01:23:58
E2016VDQ7117,RA6,64.5,2026-03-04 01:23:58
E2016VDQ7117,RA9,83.0,2026-03-04 01:23:58
E2016VHF1904,RA1,74.79545454545455,2026-03-04 01:23:58
E2016VHF1904,RA10,73.16666666666667,2026-03-04 01:23:58
E2016VHF1904,RA11,78.45,2026-03-04 01:23:58
E2016VHF1904,RA12,73.46666666666667,2026-03-04 01:23:58
E2016VHF1904,RA2,74.825,2026-03-04 01:23:58
E2016VHF1904,RA3,79.925,2026-03-04 01:23:58
E2016VHF1904,RA4,79.8,2026-03-04 01:23:58
E2016VHF1904,RA5,74.85,2026-03-04 01:23:58
E2016VHF1904,RA6,75.375,2026-03-04 01:23:58
E2016VHF1904,RA7,75.08571428571429,2026-03-04 01:23:58
E2016VHF1904,RA9,74.90666666666667,2026-03-04 01:23:58
E2016WEI3160,RA1,74.37272727272727,2026-03-04 01:23:58
E2016WEI3160,RA10,75.8,2026-03-04 01:23:58
E2016WEI3160,RA11,76.35,2026-03-04 01:23:58
E2016WEI3160,RA12,76.63333333333334,2026-03-04 01:23:58
E2016WEI3160,RA2,74.875,2026-03-04 01:23:58
E2016WEI3160,RA3,79.25,2026-03-04 01:23:58
E2016WEI3160,RA4,71.55,2026-03-04 01:23:58
E2016WEI3160,RA5,76.8,2026-03-04 01:23:58
E2016WEI3160,RA6,77.175,2026-03-04 01:23:58
E2016WEI3160,RA7,75.87142857142857,2026-03-04 01:23:58
E2016WEI3160,RA9,75.06666666666666,2026-03-04 01:23:58
E2016WEK2049,RA1,75.76818181818182,2026-03-04 01:23:58
E2016WEK2049,RA10,72.06666666666666,2026-03-04 01:23:58
E2016WEK2049,RA11,77.4,2026-03-04 01:23:58
E2016WEK2049,RA12,73.56666666666666,2026-03-04 01:23:58
E2016WEK2049,RA2,77.8,2026-03-04 01:23:58
E2016WEK2049,RA3,74.0,2026-03-04 01:23:58
E2016WEK2049,RA4,75.15,2026-03-04 01:23:58
E2016WEK2049,RA5,71.85,2026-03-04 01:23:58
E2016WEK2049,RA6,74.8625,2026-03-04 01:23:58
E2016WEK2049,RA7,75.28571428571429,2026-03-04 01:23:58
E2016WEK2049,RA9,72.62666666666667,2026-03-04 01:23:58
E2017BTO5711,RA1,74.1919191919192,2026-03-04 01:23:58
E2017BTO5711,RA10,76.11111111111111,2026-03-04 01:23:58
E2017BTO5711,RA11,73.16666666666667,2026-03-04 01:23:58
E2017BTO5711,RA12,75.10185185185185,2026-03-04 01:23:58
E2017BTO5711,RA2,75.70833333333333,2026-03-04 01:23:58
E2017BTO5711,RA3,75.27777777777777,2026-03-04 01:23:58
E2017BTO5711,RA4,70.61111111111111,2026-03-04 01:23:58
E2017BTO5711,RA5,75.94444444444444,2026-03-04 01:23:58
E2017BTO5711,RA6,74.18055555555556,2026-03-04 01:23:58
E2017BTO5711,RA7,76.22222222222223,2026-03-04 01:23:58
E2017BTO5711,RA9,73.83333333333333,2026-03-04 01:23:58
E2017EAH1974,RA1,68.0,2026-03-04 01:23:58
E2017EAH1974,RA2,86.5,2026-03-04 01:23:58
E2017EAH1974,RA5,77.5,2026-03-04 01:23:58
E2017EAH1974,RA6,70.5,2026-03-04 01:23:58
E2017EAH1974,RA9,69.5,2026-03-04 01:23:58
E2017FSE0482,RA1,70.28571428571429,2026-03-04 01:23:58
E2017FSE0482,RA12,62.0,2026-03-04 01:23:58
E2017FSE0482,RA2,73.5,2026-03-04 01:23:58
E2017FSE0482,RA4,92.5,2026-03-04 01:23:58
E2017FSE0482,RA5,73.5,2026-03-04 01:23:58
E2017FSE0482,RA6,63.5,2026-03-04 01:23:58
E2017FSE0482,RA7,80.5,2026-03-04 01:23:58
E2017FSE0482,RA9,70.625,2026-03-04 01:23:58
E2017FSK4568,RA1,73.1969696969697,2026-03-04 01:23:58
E2017FSK4568,RA10,77.29629629629629,2026-03-04 01:23:58
E2017FSK4568,RA11,73.55555555555556,2026-03-04 01:23:58
E2017FSK4568,RA12,76.62037037037037,2026-03-04 01:23:58
E2017FSK4568,RA2,73.375,2026-03-04 01:23:58
E2017FSK4568,RA3,73.11111111111111,2026-03-04 01:23:58
E2017FSK4568,RA4,74.72222222222223,2026-03-04 01:23:58
E2017FSK4568,RA5,77.38888888888889,2026-03-04 01:23:58
E2017FSK4568,RA6,75.36111111111111,2026-03-04 01:23:58
E2017FSK4568,RA7,73.2936507936508,2026-03-04 01:23:58
E2017FSK4568,RA9,74.58518518518518,2026-03-04 01:23:58
E2017FXV3230,RA1,75.71717171717172,2026-03-04 01:23:58
E2017FXV3230,RA10,77.66666666666667,2026-03-04 01:23:58
E2017FXV3230,RA11,78.66666666666667,2026-03-04 01:23:58
E2017FXV3230,RA12,75.47222222222223,2026-03-04 01:23:58
E2017FXV3230,RA2,73.15277777777777,2026-03-04 01:23:58
E2017FXV3230,RA3,71.25,2026-03-04 01:23:58
E2017FXV3230,RA4,76.72222222222223,2026-03-04 01:23:58
E2017FXV3230,RA5,74.94444444444444,2026-03-04 01:23:58
E2017FXV3230,RA6,78.97222222222223,2026-03-04 01:23:58
E2017FXV3230,RA7,78.57142857142857,2026-03-04 01:23:58
E2017FXV3230,RA9,75.05925925925926,2026-03-04 01:23:58
E2017HBB7711,RA1,78.75,2026-03-04 01:23:58
E2017HBB7711,RA2,70.5,2026-03-04 01:23:58
E2017HBB7711,RA5,80.0,2026-03-04 01:23:58
E2017HBB7711,RA6,75.0,2026-03-04 01:23:58
E2017HBB7711,RA9,80.0,2026-03-04 01:23:58
E2017HSX6372,RA1,73.57142857142857,2026-03-04 01:23:58
E2017HSX6372,RA12,70.0,2026-03-04 01:23:58
E2017HSX6372,RA2,75.33333333333333,2026-03-04 01:23:58
E2017HSX6372,RA4,59.0,2026-03-04 01:23:58
E2017HSX6372,RA5,76.5,2026-03-04 01:23:58
E2017HSX6372,RA6,71.75,2026-03-04 01:23:58
E2017HSX6372,RA7,71.5,2026-03-04 01:23:58
E2017HSX6372,RA9,78.0,2026-03-04 01:23:58
E2017IGQ7121,RA1,76.28787878787878,2026-03-04 01:23:58
E2017IGQ7121,RA10,75.22222222222223,2026-03-04 01:23:58
E2017IGQ7121,RA11,74.66666666666667,2026-03-04 01:23:58
E2017IGQ7121,RA12,73.75925925925925,2026-03-04 01:23:58
E2017IGQ7121,RA2,75.18055555555556,2026-03-04 01:23:58
E2017IGQ7121,RA3,74.5,2026-03-04 01:23:58
E2017IGQ7121,RA4,73.77777777777777,2026-03-04 01:23:58
E2017IGQ7121,RA5,73.33333333333333,2026-03-04 01:23:58
E2017IGQ7121,RA6,77.88888888888889,2026-03-04 01:23:58
E2017IGQ7121,RA7,75.55555555555556,2026-03-04 01:23:58
E2017IGQ7121,RA9,74.64814814814815,2026-03-04 01:23:58
E2017JZJ9863,RA1,75.45959595959596,2026-03-04 01:23:58
E2017JZJ9863,RA10,73.07407407407408,2026-03-04 01:23:58
E2017JZJ9863,RA11,76.38888888888889,2026-03-04 01:23:58
E2017JZJ9863,RA12,75.00925925925925,2026-03-04 01:23:58
E2017JZJ9863,RA2,76.75,2026-03-04 01:23:58
E2017JZJ9863,RA3,74.58333333333333,2026-03-04 01:23:58
E2017JZJ9863,RA4,70.05555555555556,2026-03-04 01:23:58
E2017JZJ9863,RA5,79.38888888888889,2026-03-04 01:23:58
E2017JZJ9863,RA6,74.79166666666667,2026-03-04 01:23:58
E2017JZJ9863,RA7,75.23809523809524,2026-03-04 01:23:58
E2017JZJ9863,RA9,75.57037037037037,2026-03-04 01:23:58
E2017KCD1631,RA1,75.44444444444444,2026-03-04 01:23:58
E2017KCD1631,RA10,74.35185185185185,2026-03-04 01:23:58
E2017KCD1631,RA11,77.05555555555556,2026-03-04 01:23:58
E2017KCD1631,RA12,75.71296296296296,2026-03-04 01:23:58
E2017KCD1631,RA2,76.22222222222223,2026-03-04 01:23:58
E2017KCD1631,RA3,77.0,2026-03-04 01:23:58
E2017KCD1631,RA4,73.16666666666667,2026-03-04 01:23:58
E2017KCD1631,RA5,76.5,2026-03-04 01:23:58
E2017KCD1631,RA6,75.59722222222223,2026-03-04 01:23:58
E2017KCD1631,RA7,73.39682539682539,2026-03-04 01:23:58
E2017KCD1631,RA9,74.72222222222223,2026-03-04 01:23:58
E2017KEN2311,RA1,74.24242424242425,2026-03-04 01:23:58
E2017KEN2311,RA10,77.87037037037037,2026-03-04 01:23:58
E2017KEN2311,RA11,67.44444444444444,2026-03-04 01:23:58
E2017KEN2311,RA12,75.4074074074074,2026-03-04 01:23:58
E2017KEN2311,RA2,74.45833333333333,2026-03-04 01:23:58
E2017KEN2311,RA3,74.13888888888889,2026-03-04 01:23:58
E2017KEN2311,RA4,74.11111111111111,2026-03-04 01:23:58
E2017KEN2311,RA5,76.66666666666667,2026-03-04 01:23:58
E2017KEN2311,RA6,73.04166666666667,2026-03-04 01:23:58
E2017KEN2311,RA7,73.46825396825396,2026-03-04 01:23:58
E2017KEN2311,RA9,74.88148148148149,2026-03-04 01:23:58
E2017KZW1648,RA1,73.87878787878788,2026-03-04 01:23:58
E2017KZW1648,RA10,75.0,2026-03-04 01:23:58
E2017KZW1648,RA11,76.05555555555556,2026-03-04 01:23:58
E2017KZW1648,RA12,74.61111111111111,2026-03-04 01:23:58
E2017KZW1648,RA2,76.11111111111111,2026-03-04 01:23:58
E2017KZW1648,RA3,72.41666666666667,2026-03-04 01:23:58
E2017KZW1648,RA4,76.16666666666667,2026-03-04 01:23:58
E2017KZW1648,RA5,78.55555555555556,2026-03-04 01:23:58
E2017KZW1648,RA6,75.95833333333333,2026-03-04 01:23:58
E2017KZW1648,RA7,76.30952380952381,2026-03-04 01:23:58
E2017KZW1648,RA9,75.26666666666667,2026-03-04 01:23:58
E2017LTR5703,RA1,73.82323232323232,2026-03-04 01:23:58
E2017LTR5703,RA10,72.27777777777777,2026-03-04 01:23:58
E2017LTR5703,RA11,71.22222222222223,2026-03-04 01:23:58
E2017LTR5703,RA12,72.50925925925925,2026-03-04 01:23:58
E2017LTR5703,RA2,71.20833333333333,2026-03-04 01:23:58
E2017LTR5703,RA3,78.47222222222223,2026-03-04 01:23:58
E2017LTR5703,RA4,77.33333333333333,2026-03-04 01:23:58
E2017LTR5703,RA5,81.33333333333333,2026-03-04 01:23:58
E2017LTR5703,RA6,73.66666666666667,2026-03-04 01:23:58
E2017LTR5703,RA7,76.68253968253968,2026-03-04 01:23:58
E2017LTR5703,RA9,75.10740740740741,2026-03-04 01:23:58
E2017LUR0757,RA1,75.01010101010101,2026-03-04 01:23:58
E2017LUR0757,RA10,72.42592592592592,2026-03-04 01:23:58
E2017LUR0757,RA11,70.33333333333333,2026-03-04 01:23:58
E2017LUR0757,RA12,72.80555555555556,2026-03-04 01:23:58
E2017LUR0757,RA2,72.47222222222223,2026-03-04 01:23:58
E2017LUR0757,RA3,75.91666666666667,2026-03-04 01:23:58
E2017LUR0757,RA4,79.38888888888889,2026-03-04 01:23:58
E2017LUR0757,RA5,74.33333333333333,2026-03-04 01:23:58
E2017LUR0757,RA6,79.06944444444444,2026-03-04 01:23:58
E2017LUR0757,RA7,73.16666666666667,2026-03-04 01:23:58
E2017LUR0757,RA9,73.85185185185185,2026-03-04 01:23:58
E2017MMP8386,RA1,75.48484848484848,2026-03-04 01:23:58
E2017MMP8386,RA10,74.24074074074075,2026-03-04 01:23:58
E2017MMP8386,RA11,75.44444444444444,2026-03-04 01:23:58
E2017MMP8386,RA12,76.37962962962963,2026-03-04 01:23:58
E2017MMP8386,RA2,75.95833333333333,2026-03-04 01:23:58
E2017MMP8386,RA3,72.27777777777777,2026-03-04 01:23:58
E2017MMP8386,RA4,81.05555555555556,2026-03-04 01:23:58
E2017MMP8386,RA5,79.94444444444444,2026-03-04 01:23:58
E2017MMP8386,RA6,75.875,2026-03-04 01:23:58
E2017MMP8386,RA7,75.63492063492063,2026-03-04 01:23:58
E2017MMP8386,RA9,74.17037037037036,2026-03-04 01:23:58
E2017OBH1615,RA1,75.9949494949495,2026-03-04 01:23:58
E2017OBH1615,RA10,73.5,2026-03-04 01:23:58
E2017OBH1615,RA11,72.38888888888889,2026-03-04 01:23:58
E2017OBH1615,RA12,76.6574074074074,2026-03-04 01:23:58
E2017OBH1615,RA2,73.29166666666667,2026-03-04 01:23:58
E2017OBH1615,RA3,72.33333333333333,2026-03-04 01:23:58
E2017OBH1615,RA4,74.66666666666667,2026-03-04 01:23:58
E2017OBH1615,RA5,78.38888888888889,2026-03-04 01:23:58
E2017OBH1615,RA6,73.43055555555556,2026-03-04 01:23:58
E2017OBH1615,RA7,76.3015873015873,2026-03-04 01:23:58
E2017OBH1615,RA9,75.07777777777778,2026-03-04 01:23:58
E2017PBZ2994,RA1,75.61111111111111,2026-03-04 01:23:58
E2017PBZ2994,RA10,75.72222222222223,2026-03-04 01:23:58
E2017PBZ2994,RA11,80.22222222222223,2026-03-04 01:23:58
E2017PBZ2994,RA12,74.43518518518519,2026-03-04 01:23:58
E2017PBZ2994,RA2,71.83333333333333,2026-03-04 01:23:58
E2017PBZ2994,RA3,74.86111111111111,2026-03-04 01:23:58
E2017PBZ2994,RA4,75.22222222222223,2026-03-04 01:23:58
E2017PBZ2994,RA5,75.72222222222223,2026-03-04 01:23:58
E2017PBZ2994,RA6,73.80555555555556,2026-03-04 01:23:58
E2017PBZ2994,RA7,74.17460317460318,2026-03-04 01:23:58
E2017PBZ2994,RA9,74.99259259259259,2026-03-04 01:23:58
E2017PGV6499,RA1,78.25,2026-03-04 01:23:58
E2017PGV6499,RA2,55.0,2026-03-04 01:23:58
E2017PGV6499,RA5,79.5,2026-03-04 01:23:58
E2017PGV6499,RA6,76.5,2026-03-04 01:23:58
E2017PGV6499,RA9,74.5,2026-03-04 01:23:58
E2017PTO4975,RA1,74.42857142857143,2026-03-04 01:23:58
E2017PTO4975,RA12,70.5,2026-03-04 01:23:58
E2017PTO4975,RA2,70.0,2026-03-04 01:23:58
E2017PTO4975,RA4,59.5,2026-03-04 01:23:58
E2017PTO4975,RA5,81.0,2026-03-04 01:23:58
E2017PTO4975,RA6,79.0,2026-03-04 01:23:58
E2017PTO4975,RA7,68.5,2026-03-04 01:23:58
E2017PTO4975,RA9,74.1875,2026-03-04 01:23:58
E2017RIM4032,RA1,74.51010101010101,2026-03-04 01:23:58
E2017RIM4032,RA10,78.44444444444444,2026-03-04 01:23:58
E2017RIM4032,RA11,75.72222222222223,2026-03-04 01:23:58
E2017RIM4032,RA12,76.76851851851852,2026-03-04 01:23:58
E2017RIM4032,RA2,76.01388888888889,2026-03-04 01:23:58
E2017RIM4032,RA3,71.77777777777777,2026-03-04 01:23:58
E2017RIM4032,RA4,79.33333333333333,2026-03-04 01:23:58
E2017RIM4032,RA5,71.5,2026-03-04 01:23:58
E2017RIM4032,RA6,73.63888888888889,2026-03-04 01:23:58
E2017RIM4032,RA7,73.23015873015873,2026-03-04 01:23:58
E2017RIM4032,RA9,74.76296296296296,2026-03-04 01:23:58
E2017ROM3077,RA1,76.75,2026-03-04 01:23:58
E2017ROM3077,RA2,57.5,2026-03-04 01:23:58
E2017ROM3077,RA5,59.5,2026-03-04 01:23:58
E2017ROM3077,RA6,83.5,2026-03-04 01:23:58
E2017ROM3077,RA9,85.0,2026-03-04 01:23:58
E2017RWO7997,RA1,73.5959595959596,2026-03-04 01:23:58
E2017RWO7997,RA10,75.72222222222223,2026-03-04 01:23:58
E2017RWO7997,RA11,67.33333333333333,2026-03-04 01:23:58
E2017RWO7997,RA12,75.48148148148148,2026-03-04 01:23:58
E2017RWO7997,RA2,74.80555555555556,2026-03-04 01:23:58
E2017RWO7997,RA3,75.08333333333333,2026-03-04 01:23:58
E2017RWO7997,RA4,75.5,2026-03-04 01:23:58
E2017RWO7997,RA5,79.77777777777777,2026-03-04 01:23:58
E2017RWO7997,RA6,73.02777777777777,2026-03-04 01:23:58
E2017RWO7997,RA7,73.64285714285714,2026-03-04 01:23:58
E2017RWO7997,RA9,75.05185185185185,2026-03-04 01:23:58
E2017TQE7830,RA1,76.5,2026-03-04 01:23:58
E2017TQE7830,RA2,75.0,2026-03-04 01:23:58
E2017TQE7830,RA5,74.0,2026-03-04 01:23:58
E2017TQE7830,RA6,77.5,2026-03-04 01:23:58
E2017TQE7830,RA9,71.5,2026-03-04 01:23:58
E2017URK3278,RA1,76.47979797979798,2026-03-04 01:23:58
E2017URK3278,RA10,74.0,2026-03-04 01:23:58
E2017URK3278,RA11,74.44444444444444,2026-03-04 01:23:58
E2017URK3278,RA12,76.30555555555556,2026-03-04 01:23:58
E2017URK3278,RA2,74.76388888888889,2026-03-04 01:23:58
E2017URK3278,RA3,72.83333333333333,2026-03-04 01:23:58
E2017URK3278,RA4,75.72222222222223,2026-03-04 01:23:58
E2017URK3278,RA5,74.55555555555556,2026-03-04 01:23:58
E2017URK3278,RA6,75.06944444444444,2026-03-04 01:23:58
E2017URK3278,RA7,75.92857142857143,2026-03-04 01:23:58
E2017URK3278,RA9,75.8,2026-03-04 01:23:58
E2017WDG7540,RA1,73.47979797979798,2026-03-04 01:23:58
E2017WDG7540,RA10,72.18518518518519,2026-03-04 01:23:58
E2017WDG7540,RA11,77.83333333333333,2026-03-04 01:23:58
E2017WDG7540,RA12,77.38888888888889,2026-03-04 01:23:58
E2017WDG7540,RA2,74.5,2026-03-04 01:23:58
E2017WDG7540,RA3,73.52777777777777,2026-03-04 01:23:58
E2017WDG7540,RA4,72.22222222222223,2026-03-04 01:23:58
E2017WDG7540,RA5,70.77777777777777,2026-03-04 01:23:58
E2017WDG7540,RA6,74.01388888888889,2026-03-04 01:23:58
E2017WDG7540,RA7,73.44444444444444,2026-03-04 01:23:58
E2017WDG7540,RA9,74.47037037037038,2026-03-04 01:23:58
E2017WFZ9948,RA1,75.71717171717172,2026-03-04 01:23:58
E2017WFZ9948,RA10,75.0,2026-03-04 01:23:58
E2017WFZ9948,RA11,75.66666666666667,2026-03-04 01:23:58
E2017WFZ9948,RA12,72.58333333333333,2026-03-04 01:23:58
E2017WFZ9948,RA2,75.72222222222223,2026-03-04 01:23:58
E2017WFZ9948,RA3,76.25,2026-03-04 01:23:58
E2017WFZ9948,RA4,75.72222222222223,2026-03-04 01:23:58
E2017WFZ9948,RA5,75.88888888888889,2026-03-04 01:23:58
E2017WFZ9948,RA6,73.15277777777777,2026-03-04 01:23:58
E2017WFZ9948,RA7,74.08730158730158,2026-03-04 01:23:58
E2017WFZ9948,RA9,75.01851851851852,2026-03-04 01:23:58
E2017WMU3607,RA1,73.77272727272727,2026-03-04 01:23:58
E2017WMU3607,RA10,74.88888888888889,2026-03-04 01:23:58
E2017WMU3607,RA11,73.61111111111111,2026-03-04 01:23:58
E2017WMU3607,RA12,75.83333333333333,2026-03-04 01:23:58
E2017WMU3607,RA2,75.66666666666667,2026-03-04 01:23:58
E2017WMU3607,RA3,74.58333333333333,2026-03-04 01:23:58
E2017WMU3607,RA4,75.77777777777777,2026-03-04 01:23:58
E2017WMU3607,RA5,72.66666666666667,2026-03-04 01:23:58
E2017WMU3607,RA6,75.38888888888889,2026-03-04 01:23:58
E2017WMU3607,RA7,73.45238095238095,2026-03-04 01:23:58
E2017WMU3607,RA9,75.14814814814815,2026-03-04 01:23:58
E2017YUR5942,RA1,74.79797979797979,2026-03-04 01:23:58
E2017YUR5942,RA10,74.46296296296296,2026-03-04 01:23:58
E2017YUR5942,RA11,76.22222222222223,2026-03-04 01:23:58
E2017YUR5942,RA12,76.1574074074074,2026-03-04 01:23:58
E2017YUR5942,RA2,78.22222222222223,2026-03-04 01:23:58
E2017YUR5942,RA3,70.94444444444444,2026-03-04 01:23:58
E2017YUR5942,RA4,76.88888888888889,2026-03-04 01:23:58
E2017YUR5942,RA5,77.22222222222223,2026-03-04 01:23:58
E2017YUR5942,RA6,74.875,2026-03-04 01:23:58
E2017YUR5942,RA7,74.0079365079365,2026-03-04 01:23:58
E2017YUR5942,RA9,76.04074074074074,2026-03-04 01:23:58
E2017ZCQ9903,RA1,74.0,2026-03-04 01:23:58
E2017ZCQ9903,RA2,84.0,2026-03-04 01:23:58
E2017ZCQ9903,RA5,64.0,2026-03-04 01:23:58
E2017ZCQ9903,RA6,64.5,2026-03-04 01:23:58
E2017ZCQ9903,RA9,73.0,2026-03-04 01:23:58
E2017ZUU4930,RA1,73.91414141414141,2026-03-04 01:23:58
E2017ZUU4930,RA10,75.12962962962963,2026-03-04 01:23:58
E2017ZUU4930,RA11,80.05555555555556,2026-03-04 01:23:58
E2017ZUU4930,RA12,76.05555555555556,2026-03-04 01:23:58
E2017ZUU4930,RA2,75.41666666666667,2026-03-04 01:23:58
E2017ZUU4930,RA3,72.63888888888889,2026-03-04 01:23:58
E2017ZUU4930,RA4,78.83333333333333,2026-03-04 01:23:58
E2017ZUU4930,RA5,78.72222222222223,2026-03-04 01:23:58
E2017ZUU4930,RA6,72.86111111111111,2026-03-04 01:23:58
E2017ZUU4930,RA7,75.17460317460318,2026-03-04 01:23:58
E2017ZUU4930,RA9,75.2074074074074,2026-03-04 01:23:58
E2018CJQ1634,RA1,73.5,2026-03-04 01:23:58
E2018CJQ1634,RA2,63.5,2026-03-04 01:23:58
E2018CJQ1634,RA5,85.0,2026-03-04 01:23:58
E2018CJQ1634,RA6,76.0,2026-03-04 01:23:58
E2018CJQ1634,RA9,77.5,2026-03-04 01:23:58
E2018COV6478,RA1,74.29545454545455,2026-03-04 01:23:58
E2018COV6478,RA10,74.64583333333333,2026-03-04 01:23:58
E2018COV6478,RA11,74.0,2026-03-04 01:23:58
E2018COV6478,RA12,74.60416666666667,2026-03-04 01:23:58
E2018COV6478,RA2,76.171875,2026-03-04 01:23:58
E2018COV6478,RA3,78.4375,2026-03-04 01:23:58
E2018COV6478,RA4,79.3125,2026-03-04 01:23:58
E2018COV6478,RA5,68.75,2026-03-04 01:23:58
E2018COV6478,RA6,74.5,2026-03-04 01:23:58
E2018COV6478,RA7,71.5,2026-03-04 01:23:58
E2018COV6478,RA9,74.32083333333334,2026-03-04 01:23:58
E2018DSE0383,RA1,77.01136363636364,2026-03-04 01:23:58
E2018DSE0383,RA10,72.27083333333333,2026-03-04 01:23:58
E2018DSE0383,RA11,76.9375,2026-03-04 01:23:58
E2018DSE0383,RA12,75.1875,2026-03-04 01:23:58
E2018DSE0383,RA2,75.28125,2026-03-04 01:23:58
E2018DSE0383,RA3,72.875,2026-03-04 01:23:58
E2018DSE0383,RA4,73.5,2026-03-04 01:23:58
E2018DSE0383,RA5,73.375,2026-03-04 01:23:58
E2018DSE0383,RA6,75.265625,2026-03-04 01:23:58
E2018DSE0383,RA7,74.25892857142857,2026-03-04 01:23:58
E2018DSE0383,RA9,76.15,2026-03-04 01:23:58
E2018DSU7488,RA1,72.57142857142857,2026-03-04 01:23:58
E2018DSU7488,RA12,75.0,2026-03-04 01:23:58
E2018DSU7488,RA2,71.0,2026-03-04 01:23:58
E2018DSU7488,RA4,66.5,2026-03-04 01:23:58
E2018DSU7488,RA5,70.0,2026-03-04 01:23:58
E2018DSU7488,RA6,84.25,2026-03-04 01:23:58
E2018DSU7488,RA7,71.5,2026-03-04 01:23:58
E2018DSU7488,RA9,76.3125,2026-03-04 01:23:58
E2018DVE2160,RA1,75.75,2026-03-04 01:23:58
E2018DVE2160,RA2,80.0,2026-03-04 01:23:58
E2018DVE2160,RA5,69.5,2026-03-04 01:23:58
E2018DVE2160,RA6,85.0,2026-03-04 01:23:58
E2018DVE2160,RA9,66.5,2026-03-04 01:23:58
E2018DVY0768,RA1,74.9034090909091,2026-03-04 01:23:58
E2018DVY0768,RA10,72.5625,2026-03-04 01:23:58
E2018DVY0768,RA11,75.25,2026-03-04 01:23:58
E2018DVY0768,RA12,75.45833333333333,2026-03-04 01:23:58
E2018DVY0768,RA2,75.546875,2026-03-04 01:23:58
E2018DVY0768,RA3,77.84375,2026-03-04 01:23:58
E2018DVY0768,RA4,79.5625,2026-03-04 01:23:58
E2018DVY0768,RA5,82.625,2026-03-04 01:23:58
E2018DVY0768,RA6,75.421875,2026-03-04 01:23:58
E2018DVY0768,RA7,72.67857142857143,2026-03-04 01:23:58
E2018DVY0768,RA9,73.72916666666667,2026-03-04 01:23:58
E2018DWA9092,RA1,78.125,2026-03-04 01:23:58
E2018DWA9092,RA10,75.75,2026-03-04 01:23:58
E2018DWA9092,RA11,76.5,2026-03-04 01:23:58
E2018DWA9092,RA12,78.04166666666667,2026-03-04 01:23:58
E2018DWA9092,RA2,74.984375,2026-03-04 01:23:58
E2018DWA9092,RA3,78.28125,2026-03-04 01:23:58
E2018DWA9092,RA4,69.25,2026-03-04 01:23:58
E2018DWA9092,RA5,76.1875,2026-03-04 01:23:58
E2018DWA9092,RA6,76.890625,2026-03-04 01:23:58
E2018DWA9092,RA7,74.05357142857143,2026-03-04 01:23:58
E2018DWA9092,RA9,75.25833333333334,2026-03-04 01:23:58
E2018DYT1082,RA1,75.8409090909091,2026-03-04 01:23:58
E2018DYT1082,RA10,77.72916666666667,2026-03-04 01:23:58
E2018DYT1082,RA11,75.75,2026-03-04 01:23:58
E2018DYT1082,RA12,74.59375,2026-03-04 01:23:58
E2018DYT1082,RA2,74.75,2026-03-04 01:23:58
E2018DYT1082,RA3,72.375,2026-03-04 01:23:58
E2018DYT1082,RA4,82.0,2026-03-04 01:23:58
E2018DYT1082,RA5,74.8125,2026-03-04 01:23:58
E2018DYT1082,RA6,76.4375,2026-03-04 01:23:58
E2018DYT1082,RA7,73.80357142857143,2026-03-04 01:23:58
E2018DYT1082,RA9,74.17083333333333,2026-03-04 01:23:58
E2018EER7641,RA1,74.45454545454545,2026-03-04 01:23:58
E2018EER7641,RA10,74.25,2026-03-04 01:23:58
E2018EER7641,RA11,80.1875,2026-03-04 01:23:58
E2018EER7641,RA12,79.0625,2026-03-04 01:23:58
E2018EER7641,RA2,74.921875,2026-03-04 01:23:58
E2018EER7641,RA3,76.03125,2026-03-04 01:23:58
E2018EER7641,RA4,77.0,2026-03-04 01:23:58
E2018EER7641,RA5,77.8125,2026-03-04 01:23:58
E2018EER7641,RA6,75.90625,2026-03-04 01:23:58
E2018EER7641,RA7,74.30357142857143,2026-03-04 01:23:58
E2018EER7641,RA9,75.59583333333333,2026-03-04 01:23:58
E2018EHH7764,RA1,75.5,2026-03-04 01:23:58
E2018EHH7764,RA2,78.0,2026-03-04 01:23:58
E2018EHH7764,RA5,53.0,2026-03-04 01:23:58
E2018EHH7764,RA6,87.5,2026-03-04 01:23:58
E2018EHH7764,RA9,74.5,2026-03-04 01:23:58
E2018EPB0084,RA1,74.42045454545455,2026-03-04 01:23:58
E2018EPB0084,RA10,74.10416666666667,2026-03-04 01:23:58
E2018EPB0084,RA11,69.8125,2026-03-04 01:23:58
E2018EPB0084,RA12,74.07291666666667,2026-03-04 01:23:58
E2018EPB0084,RA2,77.515625,2026-03-04 01:23:58
E2018EPB0084,RA3,76.5625,2026-03-04 01:23:58
E2018EPB0084,RA4,79.25,2026-03-04 01:23:58
E2018EPB0084,RA5,70.25,2026-03-04 01:23:58
E2018EPB0084,RA6,75.46875,2026-03-04 01:23:58
E2018EPB0084,RA7,72.57142857142857,2026-03-04 01:23:58
E2018EPB0084,RA9,74.12083333333334,2026-03-04 01:23:58
E2018FBZ0773,RA1,72.63636363636364,2026-03-04 01:23:58
E2018FBZ0773,RA10,73.22916666666667,2026-03-04 01:23:58
E2018FBZ0773,RA11,78.625,2026-03-04 01:23:58
E2018FBZ0773,RA12,76.26041666666667,2026-03-04 01:23:58
E2018FBZ0773,RA2,75.578125,2026-03-04 01:23:58
E2018FBZ0773,RA3,74.5625,2026-03-04 01:23:58
E2018FBZ0773,RA4,66.625,2026-03-04 01:23:58
E2018FBZ0773,RA5,74.125,2026-03-04 01:23:58
E2018FBZ0773,RA6,74.15625,2026-03-04 01:23:58
E2018FBZ0773,RA7,74.21428571428571,2026-03-04 01:23:58
E2018FBZ0773,RA9,73.66666666666667,2026-03-04 01:23:58
E2018FFW5373,RA1,73.38068181818181,2026-03-04 01:23:58
E2018FFW5373,RA10,76.625,2026-03-04 01:23:58
E2018FFW5373,RA11,77.5625,2026-03-04 01:23:58
E2018FFW5373,RA12,75.98958333333333,2026-03-04 01:23:58
E2018FFW5373,RA2,76.09375,2026-03-04 01:23:58
E2018FFW5373,RA3,72.71875,2026-03-04 01:23:58
E2018FFW5373,RA4,74.3125,2026-03-04 01:23:58
E2018FFW5373,RA5,77.125,2026-03-04 01:23:58
E2018FFW5373,RA6,74.9375,2026-03-04 01:23:58
E2018FFW5373,RA7,73.35714285714286,2026-03-04 01:23:58
E2018FFW5373,RA9,75.59166666666667,2026-03-04 01:23:58
E2018FTJ5011,RA1,77.28977272727273,2026-03-04 01:23:58
E2018FTJ5011,RA10,78.25,2026-03-04 01:23:58
E2018FTJ5011,RA11,71.875,2026-03-04 01:23:58
E2018FTJ5011,RA12,73.42708333333333,2026-03-04 01:23:58
E2018FTJ5011,RA2,74.6875,2026-03-04 01:23:58
E2018FTJ5011,RA3,74.40625,2026-03-04 01:23:58
E2018FTJ5011,RA4,74.25,2026-03-04 01:23:58
E2018FTJ5011,RA5,80.75,2026-03-04 01:23:58
E2018FTJ5011,RA6,74.78125,2026-03-04 01:23:58
E2018FTJ5011,RA7,76.05357142857143,2026-03-04 01:23:58
E2018FTJ5011,RA9,75.12916666666666,2026-03-04 01:23:58
E2018GAJ1567,RA1,76.11931818181819,2026-03-04 01:23:58
E2018GAJ1567,RA10,75.64583333333333,2026-03-04 01:23:58
E2018GAJ1567,RA11,77.9375,2026-03-04 01:23:58
E2018GAJ1567,RA12,75.82291666666667,2026-03-04 01:23:58
E2018GAJ1567,RA2,70.96875,2026-03-04 01:23:58
E2018GAJ1567,RA3,74.25,2026-03-04 01:23:58
E2018GAJ1567,RA4,76.5,2026-03-04 01:23:58
E2018GAJ1567,RA5,74.0,2026-03-04 01:23:58
E2018GAJ1567,RA6,77.0625,2026-03-04 01:23:58
E2018GAJ1567,RA7,75.63392857142857,2026-03-04 01:23:58
E2018GAJ1567,RA9,74.82083333333334,2026-03-04 01:23:58
E2018GTY9818,RA1,74.9715909090909,2026-03-04 01:23:58
E2018GTY9818,RA10,75.45833333333333,2026-03-04 01:23:58
E2018GTY9818,RA11,73.5625,2026-03-04 01:23:58
E2018GTY9818,RA12,75.91666666666667,2026-03-04 01:23:58
E2018GTY9818,RA2,75.453125,2026-03-04 01:23:58
E2018GTY9818,RA3,73.25,2026-03-04 01:23:58
E2018GTY9818,RA4,72.9375,2026-03-04 01:23:58
E2018GTY9818,RA5,72.875,2026-03-04 01:23:58
E2018GTY9818,RA6,79.09375,2026-03-04 01:23:58
E2018GTY9818,RA7,76.1875,2026-03-04 01:23:58
E2018GTY9818,RA9,74.95416666666667,2026-03-04 01:23:58
E2018JDB7278,RA1,76.4090909090909,2026-03-04 01:23:58
E2018JDB7278,RA10,75.60416666666667,2026-03-04 01:23:58
E2018JDB7278,RA11,74.3125,2026-03-04 01:23:58
E2018JDB7278,RA12,76.58333333333333,2026-03-04 01:23:58
E2018JDB7278,RA2,73.59375,2026-03-04 01:23:58
E2018JDB7278,RA3,74.03125,2026-03-04 01:23:58
E2018JDB7278,RA4,74.125,2026-03-04 01:23:58
E2018JDB7278,RA5,77.4375,2026-03-04 01:23:58
E2018JDB7278,RA6,78.8125,2026-03-04 01:23:58
E2018JDB7278,RA7,75.0625,2026-03-04 01:23:58
E2018JDB7278,RA9,75.17083333333333,2026-03-04 01:23:58
E2018JJX5452,RA1,74.7159090909091,2026-03-04 01:23:58
E2018JJX5452,RA10,77.625,2026-03-04 01:23:58
E2018JJX5452,RA11,81.5625,2026-03-04 01:23:58
E2018JJX5452,RA12,76.44791666666667,2026-03-04 01:23:58
E2018JJX5452,RA2,77.734375,2026-03-04 01:23:58
E2018JJX5452,RA3,77.125,2026-03-04 01:23:58
E2018JJX5452,RA4,80.3125,2026-03-04 01:23:58
E2018JJX5452,RA5,73.1875,2026-03-04 01:23:58
E2018JJX5452,RA6,75.90625,2026-03-04 01:23:58
E2018JJX5452,RA7,73.75,2026-03-04 01:23:58
E2018JJX5452,RA9,75.89166666666667,2026-03-04 01:23:58
E2018KEB4370,RA1,75.51136363636364,2026-03-04 01:23:58
E2018KEB4370,RA10,74.45833333333333,2026-03-04 01:23:58
E2018KEB4370,RA11,67.875,2026-03-04 01:23:58
E2018KEB4370,RA12,75.94791666666667,2026-03-04 01:23:58
E2018KEB4370,RA2,78.5625,2026-03-04 01:23:58
E2018KEB4370,RA3,71.1875,2026-03-04 01:23:58
E2018KEB4370,RA4,77.6875,2026-03-04 01:23:58
E2018KEB4370,RA5,71.125,2026-03-04 01:23:58
E2018KEB4370,RA6,75.828125,2026-03-04 01:23:58
E2018KEB4370,RA7,77.19642857142857,2026-03-04 01:23:58
E2018KEB4370,RA9,75.72083333333333,2026-03-04 01:23:58
E2018KUP8455,RA1,75.30113636363636,2026-03-04 01:23:58
E2018KUP8455,RA10,72.91666666666667,2026-03-04 01:23:58
E2018KUP8455,RA11,75.125,2026-03-04 01:23:58
E2018KUP8455,RA12,76.66666666666667,2026-03-04 01:23:58
E2018KUP8455,RA2,73.0625,2026-03-04 01:23:58
E2018KUP8455,RA3,74.46875,2026-03-04 01:23:58
E2018KUP8455,RA4,68.1875,2026-03-04 01:23:58
E2018KUP8455,RA5,76.6875,2026-03-04 01:23:58
E2018KUP8455,RA6,74.375,2026-03-04 01:23:58
E2018KUP8455,RA7,71.78571428571429,2026-03-04 01:23:58
E2018KUP8455,RA9,75.54583333333333,2026-03-04 01:23:58
E2018LXL6865,RA1,71.78571428571429,2026-03-04 01:23:58
E2018LXL6865,RA12,71.0,2026-03-04 01:23:58
E2018LXL6865,RA2,85.33333333333333,2026-03-04 01:23:58
E2018LXL6865,RA4,74.5,2026-03-04 01:23:58
E2018LXL6865,RA5,86.5,2026-03-04 01:23:58
E2018LXL6865,RA6,72.5,2026-03-04 01:23:58
E2018LXL6865,RA7,76.0,2026-03-04 01:23:58
E2018LXL6865,RA9,73.25,2026-03-04 01:23:58
E2018NZI4839,RA1,74.9034090909091,2026-03-04 01:23:58
E2018NZI4839,RA10,75.4375,2026-03-04 01:23:58
E2018NZI4839,RA11,79.625,2026-03-04 01:23:58
E2018NZI4839,RA12,74.61458333333333,2026-03-04 01:23:58
E2018NZI4839,RA2,73.0625,2026-03-04 01:23:58
E2018NZI4839,RA3,76.6875,2026-03-04 01:23:58
E2018NZI4839,RA4,81.6875,2026-03-04 01:23:58
E2018NZI4839,RA5,69.75,2026-03-04 01:23:58
E2018NZI4839,RA6,78.5,2026-03-04 01:23:58
E2018NZI4839,RA7,74.05357142857143,2026-03-04 01:23:58
E2018NZI4839,RA9,76.0875,2026-03-04 01:23:58
E2018ORP5676,RA1,76.75,2026-03-04 01:23:58
E2018ORP5676,RA2,81.5,2026-03-04 01:23:58
E2018ORP5676,RA5,78.0,2026-03-04 01:23:58
E2018ORP5676,RA6,72.5,2026-03-04 01:23:58
E2018ORP5676,RA9,92.0,2026-03-04 01:23:58
E2018PEA2689,RA1,75.625,2026-03-04 01:23:58
E2018PEA2689,RA10,74.875,2026-03-04 01:23:58
E2018PEA2689,RA11,76.625,2026-03-04 01:23:58
E2018PEA2689,RA12,73.60416666666667,2026-03-04 01:23:58
E2018PEA2689,RA2,74.8125,2026-03-04 01:23:58
E2018PEA2689,RA3,74.5,2026-03-04 01:23:58
E2018PEA2689,RA4,74.9375,2026-03-04 01:23:58
E2018PEA2689,RA5,75.4375,2026-03-04 01:23:58
E2018PEA2689,RA6,74.265625,2026-03-04 01:23:58
E2018PEA2689,RA7,74.25892857142857,2026-03-04 01:23:58
E2018PEA2689,RA9,75.3625,2026-03-04 01:23:58
E2018PVE2669,RA1,75.02272727272727,2026-03-04 01:23:58
E2018PVE2669,RA10,70.4375,2026-03-04 01:23:58
E2018PVE2669,RA11,72.3125,2026-03-04 01:23:58
E2018PVE2669,RA12,72.86458333333333,2026-03-04 01:23:58
E2018PVE2669,RA2,75.78125,2026-03-04 01:23:58
E2018PVE2669,RA3,70.75,2026-03-04 01:23:58
E2018PVE2669,RA4,79.5,2026-03-04 01:23:58
E2018PVE2669,RA5,73.3125,2026-03-04 01:23:58
E2018PVE2669,RA6,77.46875,2026-03-04 01:23:58
E2018PVE2669,RA7,75.25,2026-03-04 01:23:58
E2018PVE2669,RA9,74.95416666666667,2026-03-04 01:23:58
E2018TVB4232,RA1,76.14285714285714,2026-03-04 01:23:58
E2018TVB4232,RA12,85.0,2026-03-04 01:23:58
E2018TVB4232,RA2,76.16666666666667,2026-03-04 01:23:58
E2018TVB4232,RA4,79.0,2026-03-04 01:23:58
E2018TVB4232,RA5,62.5,2026-03-04 01:23:58
E2018TVB4232,RA6,76.25,2026-03-04 01:23:58
E2018TVB4232,RA7,60.5,2026-03-04 01:23:58
E2018TVB4232,RA9,71.9375,2026-03-04 01:23:58
E2018WTX8961,RA1,75.38636363636364,2026-03-04 01:23:58
E2018WTX8961,RA10,72.41666666666667,2026-03-04 01:23:58
E2018WTX8961,RA11,77.5,2026-03-04 01:23:58
E2018WTX8961,RA12,77.84375,2026-03-04 01:23:58
E2018WTX8961,RA2,74.53125,2026-03-04 01:23:58
E2018WTX8961,RA3,73.84375,2026-03-04 01:23:58
E2018WTX8961,RA4,75.625,2026-03-04 01:23:58
E2018WTX8961,RA5,74.5,2026-03-04 01:23:58
E2018WTX8961,RA6,74.3125,2026-03-04 01:23:58
E2018WTX8961,RA7,75.42857142857143,2026-03-04 01:23:58
E2018WTX8961,RA9,74.91666666666667,2026-03-04 01:23:58
E2018WYF9030,RA1,75.7215909090909,2026-03-04 01:23:58
E2018WYF9030,RA10,74.60416666666667,2026-03-04 01:23:58
E2018WYF9030,RA11,73.9375,2026-03-04 01:23:58
E2018WYF9030,RA12,74.80208333333333,2026-03-04 01:23:58
E2018WYF9030,RA2,75.390625,2026-03-04 01:23:58
E2018WYF9030,RA3,73.28125,2026-03-04 01:23:58
E2018WYF9030,RA4,72.625,2026-03-04 01:23:58
E2018WYF9030,RA5,75.875,2026-03-04 01:23:58
E2018WYF9030,RA6,74.15625,2026-03-04 01:23:58
E2018WYF9030,RA7,77.07142857142857,2026-03-04 01:23:58
E2018WYF9030,RA9,74.77916666666667,2026-03-04 01:23:58
E2018XOC0366,RA1,80.25,2026-03-04 01:23:58
E2018XOC0366,RA2,61.5,2026-03-04 01:23:58
E2018XOC0366,RA5,84.5,2026-03-04 01:23:58
E2018XOC0366,RA6,73.5,2026-03-04 01:23:58
E2018XOC0366,RA9,72.5,2026-03-04 01:23:58
E2018ZQW9872,RA1,85.25,2026-03-04 01:23:58
E2018ZQW9872,RA2,88.5,2026-03-04 01:23:58
E2018ZQW9872,RA5,80.0,2026-03-04 01:23:58
E2018ZQW9872,RA6,74.5,2026-03-04 01:23:58
E2018ZQW9872,RA9,66.5,2026-03-04 01:23:58
E2019AEU9081,RA1,76.75974025974025,2026-03-04 01:23:58
E2019AEU9081,RA10,79.5952380952381,2026-03-04 01:23:58
E2019AEU9081,RA11,79.35714285714286,2026-03-04 01:23:58
E2019AEU9081,RA12,73.30952380952381,2026-03-04 01:23:58
E2019AEU9081,RA2,75.14285714285714,2026-03-04 01:23:58
E2019AEU9081,RA3,74.10714285714286,2026-03-04 01:23:58
E2019AEU9081,RA4,70.5,2026-03-04 01:23:58
E2019AEU9081,RA5,87.85714285714286,2026-03-04 01:23:58
E2019AEU9081,RA6,75.26785714285714,2026-03-04 01:23:58
E2019AEU9081,RA7,74.42857142857143,2026-03-04 01:23:58
E2019AEU9081,RA9,74.44285714285714,2026-03-04 01:23:58
E2019AMJ7233,RA1,76.96103896103897,2026-03-04 01:23:58
E2019AMJ7233,RA10,74.19047619047619,2026-03-04 01:23:58
E2019AMJ7233,RA11,77.64285714285714,2026-03-04 01:23:58
E2019AMJ7233,RA12,74.22619047619048,2026-03-04 01:23:58
E2019AMJ7233,RA2,76.44642857142857,2026-03-04 01:23:58
E2019AMJ7233,RA3,71.96428571428571,2026-03-04 01:23:58
E2019AMJ7233,RA4,80.21428571428571,2026-03-04 01:23:58
E2019AMJ7233,RA5,76.07142857142857,2026-03-04 01:23:58
E2019AMJ7233,RA6,74.41071428571429,2026-03-04 01:23:58
E2019AMJ7233,RA7,73.23469387755102,2026-03-04 01:23:58
E2019AMJ7233,RA9,75.83809523809524,2026-03-04 01:23:58
E2019AQO9560,RA1,75.63636363636364,2026-03-04 01:23:58
E2019AQO9560,RA10,78.26190476190476,2026-03-04 01:23:58
E2019AQO9560,RA11,79.71428571428571,2026-03-04 01:23:58
E2019AQO9560,RA12,77.95238095238095,2026-03-04 01:23:58
E2019AQO9560,RA2,72.10714285714286,2026-03-04 01:23:58
E2019AQO9560,RA3,81.64285714285714,2026-03-04 01:23:58
E2019AQO9560,RA4,79.28571428571429,2026-03-04 01:23:58
E2019AQO9560,RA5,76.35714285714286,2026-03-04 01:23:58
E2019AQO9560,RA6,70.0,2026-03-04 01:23:58
E2019AQO9560,RA7,73.31632653061224,2026-03-04 01:23:58
E2019AQO9560,RA9,74.86666666666666,2026-03-04 01:23:58
E2019BPB5488,RA1,76.55194805194805,2026-03-04 01:23:58
E2019BPB5488,RA10,73.61904761904762,2026-03-04 01:23:58
E2019BPB5488,RA11,65.14285714285714,2026-03-04 01:23:58
E2019BPB5488,RA12,73.9047619047619,2026-03-04 01:23:58
E2019BPB5488,RA2,76.39285714285714,2026-03-04 01:23:58
E2019BPB5488,RA3,74.71428571428571,2026-03-04 01:23:58
E2019BPB5488,RA4,82.14285714285714,2026-03-04 01:23:58
E2019BPB5488,RA5,75.35714285714286,2026-03-04 01:23:58
E2019BPB5488,RA6,73.39285714285714,2026-03-04 01:23:58
E2019BPB5488,RA7,72.54081632653062,2026-03-04 01:23:58
E2019BPB5488,RA9,72.77619047619048,2026-03-04 01:23:58
E2019CXS3112,RA1,76.12337662337663,2026-03-04 01:23:58
E2019CXS3112,RA10,74.0,2026-03-04 01:23:58
E2019CXS3112,RA11,78.57142857142857,2026-03-04 01:23:58
E2019CXS3112,RA12,76.80952380952381,2026-03-04 01:23:58
E2019CXS3112,RA2,77.26785714285714,2026-03-04 01:23:58
E2019CXS3112,RA3,79.71428571428571,2026-03-04 01:23:58
E2019CXS3112,RA4,80.21428571428571,2026-03-04 01:23:58
E2019CXS3112,RA5,72.92857142857143,2026-03-04 01:23:58
E2019CXS3112,RA6,74.69642857142857,2026-03-04 01:23:58
E2019CXS3112,RA7,76.03061224489795,2026-03-04 01:23:58
E2019CXS3112,RA9,73.6952380952381,2026-03-04 01:23:58
E2019DWH7780,RA1,76.51948051948052,2026-03-04 01:23:58
E2019DWH7780,RA10,77.92857142857143,2026-03-04 01:23:58
E2019DWH7780,RA11,65.78571428571429,2026-03-04 01:23:58
E2019DWH7780,RA12,75.78571428571429,2026-03-04 01:23:58
E2019DWH7780,RA2,77.14285714285714,2026-03-04 01:23:58
E2019DWH7780,RA3,80.25,2026-03-04 01:23:58
E2019DWH7780,RA4,74.5,2026-03-04 01:23:58
E2019DWH7780,RA5,75.14285714285714,2026-03-04 01:23:58
E2019DWH7780,RA6,76.67857142857143,2026-03-04 01:23:58
E2019DWH7780,RA7,76.64285714285714,2026-03-04 01:23:58
E2019DWH7780,RA9,73.53333333333333,2026-03-04 01:23:58
E2019FNR7237,RA1,75.77922077922078,2026-03-04 01:23:58
E2019FNR7237,RA10,74.85714285714286,2026-03-04 01:23:58
E2019FNR7237,RA11,77.35714285714286,2026-03-04 01:23:58
E2019FNR7237,RA12,74.57142857142857,2026-03-04 01:23:58
E2019FNR7237,RA2,77.32142857142857,2026-03-04 01:23:58
E2019FNR7237,RA3,76.42857142857143,2026-03-04 01:23:58
E2019FNR7237,RA4,81.5,2026-03-04 01:23:58
E2019FNR7237,RA5,79.71428571428571,2026-03-04 01:23:58
E2019FNR7237,RA6,73.67857142857143,2026-03-04 01:23:58
E2019FNR7237,RA7,73.73469387755102,2026-03-04 01:23:58
E2019FNR7237,RA9,74.4095238095238,2026-03-04 01:23:58
E2019GKX6984,RA1,76.33766233766234,2026-03-04 01:23:58
E2019GKX6984,RA10,76.4047619047619,2026-03-04 01:23:58
E2019GKX6984,RA11,79.07142857142857,2026-03-04 01:23:58
E2019GKX6984,RA12,73.35714285714286,2026-03-04 01:23:58
E2019GKX6984,RA2,76.35714285714286,2026-03-04 01:23:58
E2019GKX6984,RA3,76.96428571428571,2026-03-04 01:23:58
E2019GKX6984,RA4,77.42857142857143,2026-03-04 01:23:58
E2019GKX6984,RA5,72.21428571428571,2026-03-04 01:23:58
E2019GKX6984,RA6,72.16071428571429,2026-03-04 01:23:58
E2019GKX6984,RA7,74.45918367346938,2026-03-04 01:23:58
E2019GKX6984,RA9,73.39047619047619,2026-03-04 01:23:58
E2019GQO2558,RA1,79.25,2026-03-04 01:23:58
E2019GQO2558,RA2,81.0,2026-03-04 01:23:58
E2019GQO2558,RA5,75.5,2026-03-04 01:23:58
E2019GQO2558,RA6,73.5,2026-03-04 01:23:58
E2019GQO2558,RA9,65.5,2026-03-04 01:23:58
E2019GYC1423,RA1,76.5,2026-03-04 01:23:58
E2019GYC1423,RA2,73.5,2026-03-04 01:23:58
E2019GYC1423,RA5,71.5,2026-03-04 01:23:58
E2019GYC1423,RA6,60.0,2026-03-04 01:23:58
E2019GYC1423,RA9,64.0,2026-03-04 01:23:58
E2019HPA7299,RA1,72.25,2026-03-04 01:23:58
E2019HPA7299,RA2,90.0,2026-03-04 01:23:58
E2019HPA7299,RA5,72.5,2026-03-04 01:23:58
E2019HPA7299,RA6,74.5,2026-03-04 01:23:58
E2019HPA7299,RA9,81.5,2026-03-04 01:23:58
E2019HUN9378,RA1,76.66883116883118,2026-03-04 01:23:58
E2019HUN9378,RA10,75.66666666666667,2026-03-04 01:23:58
E2019HUN9378,RA11,80.35714285714286,2026-03-04 01:23:58
E2019HUN9378,RA12,74.58333333333333,2026-03-04 01:23:58
E2019HUN9378,RA2,74.89285714285714,2026-03-04 01:23:58
E2019HUN9378,RA3,77.64285714285714,2026-03-04 01:23:58
E2019HUN9378,RA4,72.5,2026-03-04 01:23:58
E2019HUN9378,RA5,78.35714285714286,2026-03-04 01:23:58
E2019HUN9378,RA6,78.57142857142857,2026-03-04 01:23:58
E2019HUN9378,RA7,74.95918367346938,2026-03-04 01:23:58
E2019HUN9378,RA9,74.05238095238096,2026-03-04 01:23:58
E2019IQW6195,RA1,74.68181818181819,2026-03-04 01:23:58
E2019IQW6195,RA10,78.52380952380952,2026-03-04 01:23:58
E2019IQW6195,RA11,72.64285714285714,2026-03-04 01:23:58
E2019IQW6195,RA12,78.42857142857143,2026-03-04 01:23:58
E2019IQW6195,RA2,72.55357142857143,2026-03-04 01:23:58
E2019IQW6195,RA3,73.32142857142857,2026-03-04 01:23:58
E2019IQW6195,RA4,81.21428571428571,2026-03-04 01:23:58
E2019IQW6195,RA5,74.78571428571429,2026-03-04 01:23:58
E2019IQW6195,RA6,75.32142857142857,2026-03-04 01:23:58
E2019IQW6195,RA7,73.10204081632654,2026-03-04 01:23:58
E2019IQW6195,RA9,75.99047619047619,2026-03-04 01:23:58
E2019JLK4831,RA1,76.74025974025975,2026-03-04 01:23:58
E2019JLK4831,RA10,76.26190476190476,2026-03-04 01:23:58
E2019JLK4831,RA11,81.14285714285714,2026-03-04 01:23:58
E2019JLK4831,RA12,75.72619047619048,2026-03-04 01:23:58
E2019JLK4831,RA2,76.23214285714286,2026-03-04 01:23:58
E2019JLK4831,RA3,79.67857142857143,2026-03-04 01:23:58
E2019JLK4831,RA4,81.92857142857143,2026-03-04 01:23:58
E2019JLK4831,RA5,67.57142857142857,2026-03-04 01:23:58
E2019JLK4831,RA6,75.98214285714286,2026-03-04 01:23:58
E2019JLK4831,RA7,74.66326530612245,2026-03-04 01:23:58
E2019JLK4831,RA9,74.99047619047619,2026-03-04 01:23:58
E2019JQQ5102,RA1,75.42207792207792,2026-03-04 01:23:58
E2019JQQ5102,RA10,71.85714285714286,2026-03-04 01:23:58
E2019JQQ5102,RA11,77.71428571428571,2026-03-04 01:23:58
E2019JQQ5102,RA12,74.89285714285714,2026-03-04 01:23:58
E2019JQQ5102,RA2,75.53571428571429,2026-03-04 01:23:58
E2019JQQ5102,RA3,70.28571428571429,2026-03-04 01:23:58
E2019JQQ5102,RA4,76.14285714285714,2026-03-04 01:23:58
E2019JQQ5102,RA5,70.42857142857143,2026-03-04 01:23:58
E2019JQQ5102,RA6,72.5,2026-03-04 01:23:58
E2019JQQ5102,RA7,73.61224489795919,2026-03-04 01:23:58
E2019JQQ5102,RA9,73.17142857142858,2026-03-04 01:23:58
E2019KOG6172,RA1,74.38311688311688,2026-03-04 01:23:58
E2019KOG6172,RA10,74.66666666666667,2026-03-04 01:23:58
E2019KOG6172,RA11,76.42857142857143,2026-03-04 01:23:58
E2019KOG6172,RA12,77.04761904761905,2026-03-04 01:23:58
E2019KOG6172,RA2,75.28571428571429,2026-03-04 01:23:58
E2019KOG6172,RA3,72.89285714285714,2026-03-04 01:23:58
E2019KOG6172,RA4,72.0,2026-03-04 01:23:58
E2019KOG6172,RA5,67.07142857142857,2026-03-04 01:23:58
E2019KOG6172,RA6,73.51785714285714,2026-03-04 01:23:58
E2019KOG6172,RA7,74.65306122448979,2026-03-04 01:23:58
E2019KOG6172,RA9,76.8047619047619,2026-03-04 01:23:58
E2019KTB4263,RA1,82.0,2026-03-04 01:23:58
E2019KTB4263,RA2,68.0,2026-03-04 01:23:58
E2019KTB4263,RA5,72.0,2026-03-04 01:23:58
E2019KTB4263,RA6,71.5,2026-03-04 01:23:58
E2019KTB4263,RA9,61.0,2026-03-04 01:23:58
E2019LDF8590,RA1,75.08441558441558,2026-03-04 01:23:58
E2019LDF8590,RA10,75.47619047619048,2026-03-04 01:23:58
E2019LDF8590,RA11,72.57142857142857,2026-03-04 01:23:58
E2019LDF8590,RA12,74.80952380952381,2026-03-04 01:23:58
E2019LDF8590,RA2,74.60714285714286,2026-03-04 01:23:58
E2019LDF8590,RA3,72.60714285714286,2026-03-04 01:23:58
E2019LDF8590,RA4,76.71428571428571,2026-03-04 01:23:58
E2019LDF8590,RA5,72.92857142857143,2026-03-04 01:23:58
E2019LDF8590,RA6,74.625,2026-03-04 01:23:58
E2019LDF8590,RA7,75.43877551020408,2026-03-04 01:23:58
E2019LDF8590,RA9,75.96190476190476,2026-03-04 01:23:58
E2019NJK8874,RA1,76.75324675324676,2026-03-04 01:23:58
E2019NJK8874,RA10,71.47619047619048,2026-03-04 01:23:58
E2019NJK8874,RA11,76.57142857142857,2026-03-04 01:23:58
E2019NJK8874,RA12,76.36904761904762,2026-03-04 01:23:58
E2019NJK8874,RA2,76.125,2026-03-04 01:23:58
E2019NJK8874,RA3,75.89285714285714,2026-03-04 01:23:58
E2019NJK8874,RA4,75.85714285714286,2026-03-04 01:23:58
E2019NJK8874,RA5,74.85714285714286,2026-03-04 01:23:58
E2019NJK8874,RA6,77.80357142857143,2026-03-04 01:23:58
E2019NJK8874,RA7,74.95918367346938,2026-03-04 01:23:58
E2019NJK8874,RA9,74.63333333333334,2026-03-04 01:23:58
E2019NMY3395,RA1,74.83766233766234,2026-03-04 01:23:58
E2019NMY3395,RA10,72.23809523809524,2026-03-04 01:23:58
E2019NMY3395,RA11,79.92857142857143,2026-03-04 01:23:58
E2019NMY3395,RA12,73.72619047619048,2026-03-04 01:23:58
E2019NMY3395,RA2,75.32142857142857,2026-03-04 01:23:58
E2019NMY3395,RA3,79.57142857142857,2026-03-04 01:23:58
E2019NMY3395,RA4,78.21428571428571,2026-03-04 01:23:58
E2019NMY3395,RA5,74.28571428571429,2026-03-04 01:23:58
E2019NMY3395,RA6,76.60714285714286,2026-03-04 01:23:58
E2019NMY3395,RA7,72.76530612244898,2026-03-04 01:23:58
E2019NMY3395,RA9,74.6047619047619,2026-03-04 01:23:58
E2019OJO9049,RA1,76.74675324675324,2026-03-04 01:23:58
E2019OJO9049,RA10,77.21428571428571,2026-03-04 01:23:58
E2019OJO9049,RA11,79.78571428571429,2026-03-04 01:23:58
E2019OJO9049,RA12,74.94047619047619,2026-03-04 01:23:58
E2019OJO9049,RA2,77.28571428571429,2026-03-04 01:23:58
E2019OJO9049,RA3,77.57142857142857,2026-03-04 01:23:58
E2019OJO9049,RA4,72.0,2026-03-04 01:23:58
E2019OJO9049,RA5,78.71428571428571,2026-03-04 01:23:58
E2019OJO9049,RA6,73.21428571428571,2026-03-04 01:23:58
E2019OJO9049,RA7,73.8265306122449,2026-03-04 01:23:58
E2019OJO9049,RA9,75.65714285714286,2026-03-04 01:23:58
E2019QFV9914,RA1,77.62987012987013,2026-03-04 01:23:58
E2019QFV9914,RA10,81.52380952380952,2026-03-04 01:23:58
E2019QFV9914,RA11,77.14285714285714,2026-03-04 01:23:58
E2019QFV9914,RA12,76.85714285714286,2026-03-04 01:23:58
E2019QFV9914,RA2,77.21428571428571,2026-03-04 01:23:58
E2019QFV9914,RA3,76.53571428571429,2026-03-04 01:23:58
E2019QFV9914,RA4,73.35714285714286,2026-03-04 01:23:58
E2019QFV9914,RA5,77.64285714285714,2026-03-04 01:23:58
E2019QFV9914,RA6,74.625,2026-03-04 01:23:58
E2019QFV9914,RA7,73.41836734693878,2026-03-04 01:23:58
E2019QFV9914,RA9,76.29047619047618,2026-03-04 01:23:58
E2019QKQ7245,RA1,71.71428571428571,2026-03-04 01:23:58
E2019QKQ7245,RA12,86.5,2026-03-04 01:23:58
E2019QKQ7245,RA2,76.66666666666667,2026-03-04 01:23:58
E2019QKQ7245,RA4,79.0,2026-03-04 01:23:58
E2019QKQ7245,RA5,86.0,2026-03-04 01:23:58
E2019QKQ7245,RA6,77.0,2026-03-04 01:23:58
E2019QKQ7245,RA7,74.0,2026-03-04 01:23:58
E2019QKQ7245,RA9,78.125,2026-03-04 01:23:58
E2019QMC2562,RA1,76.51298701298701,2026-03-04 01:23:58
E2019QMC2562,RA10,71.76190476190476,2026-03-04 01:23:58
E2019QMC2562,RA11,73.14285714285714,2026-03-04 01:23:58
E2019QMC2562,RA12,74.20238095238095,2026-03-04 01:23:58
E2019QMC2562,RA2,75.125,2026-03-04 01:23:58
E2019QMC2562,RA3,74.0,2026-03-04 01:23:58
E2019QMC2562,RA4,74.0,2026-03-04 01:23:58
E2019QMC2562,RA5,78.35714285714286,2026-03-04 01:23:58
E2019QMC2562,RA6,77.375,2026-03-04 01:23:58
E2019QMC2562,RA7,74.68367346938776,2026-03-04 01:23:58
E2019QMC2562,RA9,75.44761904761904,2026-03-04 01:23:58
E2019QVU0725,RA1,85.25,2026-03-04 01:23:58
E2019QVU0725,RA2,60.5,2026-03-04 01:23:58
E2019QVU0725,RA5,71.5,2026-03-04 01:23:58
E2019QVU0725,RA6,54.0,2026-03-04 01:23:58
E2019QVU0725,RA9,73.0,2026-03-04 01:23:58
E2019SFC3863,RA1,72.85714285714286,2026-03-04 01:23:58
E2019SFC3863,RA12,72.5,2026-03-04 01:23:58
E2019SFC3863,RA2,73.66666666666667,2026-03-04 01:23:58
E2019SFC3863,RA4,78.0,2026-03-04 01:23:58
E2019SFC3863,RA5,80.0,2026-03-04 01:23:58
E2019SFC3863,RA6,81.25,2026-03-04 01:23:58
E2019SFC3863,RA7,73.5,2026-03-04 01:23:58
E2019SFC3863,RA9,73.0,2026-03-04 01:23:58
E2019SVL6814,RA1,74.77922077922078,2026-03-04 01:23:58
E2019SVL6814,RA10,81.19047619047619,2026-03-04 01:23:58
E2019SVL6814,RA11,72.85714285714286,2026-03-04 01:23:58
E2019SVL6814,RA12,79.05952380952381,2026-03-04 01:23:58
E2019SVL6814,RA2,74.55357142857143,2026-03-04 01:23:58
E2019SVL6814,RA3,72.32142857142857,2026-03-04 01:23:58
E2019SVL6814,RA4,77.71428571428571,2026-03-04 01:23:58
E2019SVL6814,RA5,70.0,2026-03-04 01:23:58
E2019SVL6814,RA6,72.71428571428571,2026-03-04 01:23:58
E2019SVL6814,RA7,76.0,2026-03-04 01:23:58
E2019SVL6814,RA9,75.35714285714286,2026-03-04 01:23:58
E2019VVV6303,RA1,65.75,2026-03-04 01:23:58
E2019VVV6303,RA2,59.0,2026-03-04 01:23:58
E2019VVV6303,RA5,69.0,2026-03-04 01:23:58
E2019VVV6303,RA6,72.5,2026-03-04 01:23:58
E2019VVV6303,RA9,60.0,2026-03-04 01:23:58
E2019WVX6925,RA1,74.92857142857143,2026-03-04 01:23:58
E2019WVX6925,RA12,88.0,2026-03-04 01:23:58
E2019WVX6925,RA2,82.5,2026-03-04 01:23:58
E2019WVX6925,RA4,84.0,2026-03-04 01:23:58
E2019WVX6925,RA5,75.0,2026-03-04 01:23:58
E2019WVX6925,RA6,69.5,2026-03-04 01:23:58
E2019WVX6925,RA7,80.0,2026-03-04 01:23:58
E2019WVX6925,RA9,74.625,2026-03-04 01:23:58
E2019YHR3659,RA1,75.82467532467533,2026-03-04 01:23:58
E2019YHR3659,RA10,73.92857142857143,2026-03-04 01:23:58
E2019YHR3659,RA11,72.71428571428571,2026-03-04 01:23:58
E2019YHR3659,RA12,73.86904761904762,2026-03-04 01:23:58
E2019YHR3659,RA2,74.67857142857143,2026-03-04 01:23:58
E2019YHR3659,RA3,76.57142857142857,2026-03-04 01:23:58
E2019YHR3659,RA4,76.92857142857143,2026-03-04 01:23:58
E2019YHR3659,RA5,81.0,2026-03-04 01:23:58
E2019YHR3659,RA6,73.26785714285714,2026-03-04 01:23:58
E2019YHR3659,RA7,75.36734693877551,2026-03-04 01:23:58
E2019YHR3659,RA9,75.5047619047619,2026-03-04 01:23:58
E2020AOM8843,RA1,75.22727272727273,2026-03-04 01:23:58
E2020AOM8843,RA10,76.63888888888889,2026-03-04 01:23:58
E2020AOM8843,RA11,78.41666666666667,2026-03-04 01:23:58
E2020AOM8843,RA12,74.93055555555556,2026-03-04 01:23:58
E2020AOM8843,RA2,74.9375,2026-03-04 01:23:58
E2020AOM8843,RA3,74.33333333333333,2026-03-04 01:23:58
E2020AOM8843,RA4,74.58333333333333,2026-03-04 01:23:58
E2020AOM8843,RA5,77.58333333333333,2026-03-04 01:23:58
E2020AOM8843,RA6,79.54166666666667,2026-03-04 01:23:58
E2020AOM8843,RA7,77.80952380952381,2026-03-04 01:23:58
E2020AOM8843,RA9,76.43333333333334,2026-03-04 01:23:58
E2020FJN9438,RA1,73.87878787878788,2026-03-04 01:23:58
E2020FJN9438,RA10,74.75,2026-03-04 01:23:58
E2020FJN9438,RA11,69.5,2026-03-04 01:23:58
E2020FJN9438,RA12,76.05555555555556,2026-03-04 01:23:58
E2020FJN9438,RA2,78.27083333333333,2026-03-04 01:23:58
E2020FJN9438,RA3,75.20833333333333,2026-03-04 01:23:58
E2020FJN9438,RA4,69.08333333333333,2026-03-04 01:23:58
E2020FJN9438,RA5,69.58333333333333,2026-03-04 01:23:58
E2020FJN9438,RA6,70.45833333333333,2026-03-04 01:23:58
E2020FJN9438,RA7,77.39285714285714,2026-03-04 01:23:58
E2020FJN9438,RA9,74.64444444444445,2026-03-04 01:23:58
E2020GIC9473,RA1,71.9090909090909,2026-03-04 01:23:58
E2020GIC9473,RA10,71.19444444444444,2026-03-04 01:23:58
E2020GIC9473,RA11,77.75,2026-03-04 01:23:58
E2020GIC9473,RA12,76.04166666666667,2026-03-04 01:23:58
E2020GIC9473,RA2,75.375,2026-03-04 01:23:58
E2020GIC9473,RA3,71.75,2026-03-04 01:23:58
E2020GIC9473,RA4,75.33333333333333,2026-03-04 01:23:58
E2020GIC9473,RA5,65.25,2026-03-04 01:23:58
E2020GIC9473,RA6,73.22916666666667,2026-03-04 01:23:58
E2020GIC9473,RA7,75.4047619047619,2026-03-04 01:23:58
E2020GIC9473,RA9,74.68333333333334,2026-03-04 01:23:58
E2020GUK3570,RA1,73.57575757575758,2026-03-04 01:23:58
E2020GUK3570,RA10,72.97222222222223,2026-03-04 01:23:58
E2020GUK3570,RA11,78.08333333333333,2026-03-04 01:23:58
E2020GUK3570,RA12,76.59722222222223,2026-03-04 01:23:58
E2020GUK3570,RA2,73.625,2026-03-04 01:23:58
E2020GUK3570,RA3,75.04166666666667,2026-03-04 01:23:58
E2020GUK3570,RA4,71.58333333333333,2026-03-04 01:23:58
E2020GUK3570,RA5,71.5,2026-03-04 01:23:58
E2020GUK3570,RA6,73.9375,2026-03-04 01:23:58
E2020GUK3570,RA7,75.79761904761905,2026-03-04 01:23:58
E2020GUK3570,RA9,75.11666666666666,2026-03-04 01:23:58
E2020GXK7460,RA1,77.21428571428571,2026-03-04 01:23:58
E2020GXK7460,RA12,55.5,2026-03-04 01:23:58
E2020GXK7460,RA2,72.5,2026-03-04 01:23:58
E2020GXK7460,RA4,60.0,2026-03-04 01:23:58
E2020GXK7460,RA5,69.5,2026-03-04 01:23:58
E2020GXK7460,RA6,87.0,2026-03-04 01:23:58
E2020GXK7460,RA7,87.5,2026-03-04 01:23:58
E2020GXK7460,RA9,76.0625,2026-03-04 01:23:58
E2020HJR0065,RA1,75.26515151515152,2026-03-04 01:23:58
E2020HJR0065,RA10,71.80555555555556,2026-03-04 01:23:58
E2020HJR0065,RA11,77.25,2026-03-04 01:23:58
E2020HJR0065,RA12,76.36111111111111,2026-03-04 01:23:58
E2020HJR0065,RA2,71.20833333333333,2026-03-04 01:23:58
E2020HJR0065,RA3,70.45833333333333,2026-03-04 01:23:58
E2020HJR0065,RA4,82.08333333333333,2026-03-04 01:23:58
E2020HJR0065,RA5,67.91666666666667,2026-03-04 01:23:58
E2020HJR0065,RA6,76.14583333333333,2026-03-04 01:23:58
E2020HJR0065,RA7,76.01190476190476,2026-03-04 01:23:58
E2020HJR0065,RA9,75.95555555555555,2026-03-04 01:23:58
E2020IDU1772,RA1,72.18939393939394,2026-03-04 01:23:58
E2020IDU1772,RA10,71.88888888888889,2026-03-04 01:23:58
E2020IDU1772,RA11,74.91666666666667,2026-03-04 01:23:58
E2020IDU1772,RA12,73.625,2026-03-04 01:23:58
E2020IDU1772,RA2,76.66666666666667,2026-03-04 01:23:58
E2020IDU1772,RA3,77.66666666666667,2026-03-04 01:23:58
E2020IDU1772,RA4,70.41666666666667,2026-03-04 01:23:58
E2020IDU1772,RA5,67.83333333333333,2026-03-04 01:23:58
E2020IDU1772,RA6,75.3125,2026-03-04 01:23:58
E2020IDU1772,RA7,75.20238095238095,2026-03-04 01:23:58
E2020IDU1772,RA9,73.19444444444444,2026-03-04 01:23:58
E2020JXK1100,RA1,72.21969696969697,2026-03-04 01:23:58
E2020JXK1100,RA10,73.13888888888889,2026-03-04 01:23:58
E2020JXK1100,RA11,80.16666666666667,2026-03-04 01:23:58
E2020JXK1100,RA12,70.76388888888889,2026-03-04 01:23:58
E2020JXK1100,RA2,75.52083333333333,2026-03-04 01:23:58
E2020JXK1100,RA3,77.08333333333333,2026-03-04 01:23:58
E2020JXK1100,RA4,74.08333333333333,2026-03-04 01:23:58
E2020JXK1100,RA5,77.83333333333333,2026-03-04 01:23:58
E2020JXK1100,RA6,75.4375,2026-03-04 01:23:58
E2020JXK1100,RA7,76.14285714285714,2026-03-04 01:23:58
E2020JXK1100,RA9,75.96666666666667,2026-03-04 01:23:58
E2020KGQ7151,RA1,66.25,2026-03-04 01:23:58
E2020KGQ7151,RA2,80.5,2026-03-04 01:23:58
E2020KGQ7151,RA5,59.0,2026-03-04 01:23:58
E2020KGQ7151,RA6,52.5,2026-03-04 01:23:58
E2020KGQ7151,RA9,77.0,2026-03-04 01:23:58
E2020LML0381,RA1,73.60606060606061,2026-03-04 01:23:58
E2020LML0381,RA10,76.97222222222223,2026-03-04 01:23:58
E2020LML0381,RA11,73.75,2026-03-04 01:23:58
E2020LML0381,RA12,74.58333333333333,2026-03-04 01:23:58
E2020LML0381,RA2,75.83333333333333,2026-03-04 01:23:58
E2020LML0381,RA3,72.375,2026-03-04 01:23:58
E2020LML0381,RA4,70.66666666666667,2026-03-04 01:23:58
E2020LML0381,RA5,72.58333333333333,2026-03-04 01:23:58
E2020LML0381,RA6,72.5,2026-03-04 01:23:58
E2020LML0381,RA7,75.11904761904762,2026-03-04 01:23:58
E2020LML0381,RA9,73.69444444444444,2026-03-04 01:23:58
E2020LSN5384,RA1,72.0,2026-03-04 01:23:58
E2020LSN5384,RA2,96.0,2026-03-04 01:23:58
E2020LSN5384,RA5,82.5,2026-03-04 01:23:58
E2020LSN5384,RA6,67.0,2026-03-04 01:23:58
E2020LSN5384,RA9,80.5,2026-03-04 01:23:58
E2020LVL6214,RA1,76.89393939393939,2026-03-04 01:23:58
E2020LVL6214,RA10,72.72222222222223,2026-03-04 01:23:58
E2020LVL6214,RA11,73.41666666666667,2026-03-04 01:23:58
E2020LVL6214,RA12,78.94444444444444,2026-03-04 01:23:58
E2020LVL6214,RA2,74.75,2026-03-04 01:23:58
E2020LVL6214,RA3,76.375,2026-03-04 01:23:58
E2020LVL6214,RA4,79.58333333333333,2026-03-04 01:23:58
E2020LVL6214,RA5,79.5,2026-03-04 01:23:58
E2020LVL6214,RA6,77.04166666666667,2026-03-04 01:23:58
E2020LVL6214,RA7,76.17857142857143,2026-03-04 01:23:58
E2020LVL6214,RA9,73.38888888888889,2026-03-04 01:23:58
E2020MNY8156,RA1,74.76515151515152,2026-03-04 01:23:58
E2020MNY8156,RA10,74.88888888888889,2026-03-04 01:23:58
E2020MNY8156,RA11,70.08333333333333,2026-03-04 01:23:58
E2020MNY8156,RA12,72.26388888888889,2026-03-04 01:23:58
E2020MNY8156,RA2,72.83333333333333,2026-03-04 01:23:58
E2020MNY8156,RA3,72.375,2026-03-04 01:23:58
E2020MNY8156,RA4,67.08333333333333,2026-03-04 01:23:58
E2020MNY8156,RA5,76.91666666666667,2026-03-04 01:23:58
E2020MNY8156,RA6,71.02083333333333,2026-03-04 01:23:58
E2020MNY8156,RA7,74.52380952380952,2026-03-04 01:23:58
E2020MNY8156,RA9,76.39444444444445,2026-03-04 01:23:58
E2020MRN9431,RA1,74.66666666666667,2026-03-04 01:23:58
E2020MRN9431,RA10,74.83333333333333,2026-03-04 01:23:58
E2020MRN9431,RA11,77.16666666666667,2026-03-04 01:23:58
E2020MRN9431,RA12,73.79166666666667,2026-03-04 01:23:58
E2020MRN9431,RA2,76.02083333333333,2026-03-04 01:23:58
E2020MRN9431,RA3,75.91666666666667,2026-03-04 01:23:58
E2020MRN9431,RA4,71.75,2026-03-04 01:23:58
E2020MRN9431,RA5,79.5,2026-03-04 01:23:58
E2020MRN9431,RA6,72.72916666666667,2026-03-04 01:23:58
E2020MRN9431,RA7,76.27380952380952,2026-03-04 01:23:58
E2020MRN9431,RA9,75.53333333333333,2026-03-04 01:23:58
E2020NSY1797,RA1,76.84848484848484,2026-03-04 01:23:58
E2020NSY1797,RA10,75.69444444444444,2026-03-04 01:23:58
E2020NSY1797,RA11,72.16666666666667,2026-03-04 01:23:58
E2020NSY1797,RA12,75.31944444444444,2026-03-04 01:23:58
E2020NSY1797,RA2,68.91666666666667,2026-03-04 01:23:58
E2020NSY1797,RA3,68.95833333333333,2026-03-04 01:23:58
E2020NSY1797,RA4,79.83333333333333,2026-03-04 01:23:58
E2020NSY1797,RA5,70.08333333333333,2026-03-04 01:23:58
E2020NSY1797,RA6,75.1875,2026-03-04 01:23:58
E2020NSY1797,RA7,74.85714285714286,2026-03-04 01:23:58
E2020NSY1797,RA9,75.67222222222222,2026-03-04 01:23:58
E2020OSL2720,RA1,76.0,2026-03-04 01:23:58
E2020OSL2720,RA10,75.05555555555556,2026-03-04 01:23:58
E2020OSL2720,RA11,77.41666666666667,2026-03-04 01:23:58
E2020OSL2720,RA12,74.29166666666667,2026-03-04 01:23:58
E2020OSL2720,RA2,74.20833333333333,2026-03-04 01:23:58
E2020OSL2720,RA3,71.95833333333333,2026-03-04 01:23:58
E2020OSL2720,RA4,75.83333333333333,2026-03-04 01:23:58
E2020OSL2720,RA5,74.91666666666667,2026-03-04 01:23:58
E2020OSL2720,RA6,76.875,2026-03-04 01:23:58
E2020OSL2720,RA7,77.52380952380952,2026-03-04 01:23:58
E2020OSL2720,RA9,74.88888888888889,2026-03-04 01:23:58
E2020PYZ8674,RA1,75.48484848484848,2026-03-04 01:23:58
E2020PYZ8674,RA10,77.05555555555556,2026-03-04 01:23:58
E2020PYZ8674,RA11,76.0,2026-03-04 01:23:58
E2020PYZ8674,RA12,72.73611111111111,2026-03-04 01:23:58
E2020PYZ8674,RA2,73.375,2026-03-04 01:23:58
E2020PYZ8674,RA3,77.45833333333333,2026-03-04 01:23:58
E2020PYZ8674,RA4,79.5,2026-03-04 01:23:58
E2020PYZ8674,RA5,70.83333333333333,2026-03-04 01:23:58
E2020PYZ8674,RA6,76.0,2026-03-04 01:23:58
E2020PYZ8674,RA7,73.72619047619048,2026-03-04 01:23:58
E2020PYZ8674,RA9,75.32222222222222,2026-03-04 01:23:58
E2020REQ0990,RA1,78.78571428571429,2026-03-04 01:23:58
E2020REQ0990,RA12,66.0,2026-03-04 01:23:58
E2020REQ0990,RA2,66.0,2026-03-04 01:23:58
E2020REQ0990,RA4,66.5,2026-03-04 01:23:58
E2020REQ0990,RA5,67.5,2026-03-04 01:23:58
E2020REQ0990,RA6,81.5,2026-03-04 01:23:58
E2020REQ0990,RA7,54.0,2026-03-04 01:23:58
E2020REQ0990,RA9,79.375,2026-03-04 01:23:58
E2020TAC3459,RA1,75.02272727272727,2026-03-04 01:23:58
E2020TAC3459,RA10,76.11111111111111,2026-03-04 01:23:58
E2020TAC3459,RA11,70.91666666666667,2026-03-04 01:23:58
E2020TAC3459,RA12,75.66666666666667,2026-03-04 01:23:58
E2020TAC3459,RA2,74.29166666666667,2026-03-04 01:23:58
E2020TAC3459,RA3,78.70833333333333,2026-03-04 01:23:58
E2020TAC3459,RA4,76.75,2026-03-04 01:23:58
E2020TAC3459,RA5,77.25,2026-03-04 01:23:58
E2020TAC3459,RA6,77.66666666666667,2026-03-04 01:23:58
E2020TAC3459,RA7,72.98809523809524,2026-03-04 01:23:58
E2020TAC3459,RA9,76.21666666666667,2026-03-04 01:23:58
E2020TDR0048,RA1,82.75,2026-03-04 01:23:58
E2020TDR0048,RA2,73.0,2026-03-04 01:23:58
E2020TDR0048,RA5,71.5,2026-03-04 01:23:58
E2020TDR0048,RA6,59.0,2026-03-04 01:23:58
E2020TDR0048,RA9,66.5,2026-03-04 01:23:58
E2020UOE0792,RA1,73.1969696969697,2026-03-04 01:23:58
E2020UOE0792,RA10,74.63888888888889,2026-03-04 01:23:58
E2020UOE0792,RA11,78.75,2026-03-04 01:23:58
E2020UOE0792,RA12,76.55555555555556,2026-03-04 01:23:58
E2020UOE0792,RA2,71.0625,2026-03-04 01:23:58
E2020UOE0792,RA3,71.875,2026-03-04 01:23:58
E2020UOE0792,RA4,64.83333333333333,2026-03-04 01:23:58
E2020UOE0792,RA5,75.08333333333333,2026-03-04 01:23:58
E2020UOE0792,RA6,75.47916666666667,2026-03-04 01:23:58
E2020UOE0792,RA7,75.44047619047619,2026-03-04 01:23:58
E2020UOE0792,RA9,74.44444444444444,2026-03-04 01:23:58
E2020VRY1965,RA1,76.36363636363636,2026-03-04 01:23:58
E2020VRY1965,RA10,73.30555555555556,2026-03-04 01:23:58
E2020VRY1965,RA11,73.58333333333333,2026-03-04 01:23:58
E2020VRY1965,RA12,74.0,2026-03-04 01:23:58
E2020VRY1965,RA2,77.6875,2026-03-04 01:23:58
E2020VRY1965,RA3,78.95833333333333,2026-03-04 01:23:58
E2020VRY1965,RA4,66.75,2026-03-04 01:23:58
E2020VRY1965,RA5,75.83333333333333,2026-03-04 01:23:58
E2020VRY1965,RA6,73.0625,2026-03-04 01:23:58
E2020VRY1965,RA7,75.64285714285714,2026-03-04 01:23:58
E2020VRY1965,RA9,75.22777777777777,2026-03-04 01:23:58
E2020VUU1350,RA1,78.0,2026-03-04 01:23:58
E2020VUU1350,RA2,97.0,2026-03-04 01:23:58
E2020VUU1350,RA5,81.5,2026-03-04 01:23:58
E2020VUU1350,RA6,62.0,2026-03-04 01:23:58
E2020VUU1350,RA9,77.5,2026-03-04 01:23:58
E2020XBK2690,RA1,75.85606060606061,2026-03-04 01:23:58
E2020XBK2690,RA10,73.66666666666667,2026-03-04 01:23:58
E2020XBK2690,RA11,75.58333333333333,2026-03-04 01:23:58
E2020XBK2690,RA12,77.02777777777777,2026-03-04 01:23:58
E2020XBK2690,RA2,71.625,2026-03-04 01:23:58
E2020XBK2690,RA3,70.625,2026-03-04 01:23:58
E2020XBK2690,RA4,74.41666666666667,2026-03-04 01:23:58
E2020XBK2690,RA5,77.91666666666667,2026-03-04 01:23:58
E2020XBK2690,RA6,75.33333333333333,2026-03-04 01:23:58
E2020XBK2690,RA7,74.80952380952381,2026-03-04 01:23:58
E2020XBK2690,RA9,72.33333333333333,2026-03-04 01:23:58
E2020XFE5481,RA1,75.46212121212122,2026-03-04 01:23:58
E2020XFE5481,RA10,72.0,2026-03-04 01:23:58
E2020XFE5481,RA11,76.58333333333333,2026-03-04 01:23:58
E2020XFE5481,RA12,73.47222222222223,2026-03-04 01:23:58
E2020XFE5481,RA2,73.5,2026-03-04 01:23:58
E2020XFE5481,RA3,76.08333333333333,2026-03-04 01:23:58
E2020XFE5481,RA4,76.0,2026-03-04 01:23:58
E2020XFE5481,RA5,76.66666666666667,2026-03-04 01:23:58
E2020XFE5481,RA6,76.0,2026-03-04 01:23:58
E2020XFE5481,RA7,74.4047619047619,2026-03-04 01:23:58
E2020XFE5481,RA9,74.49444444444444,2026-03-04 01:23:58
E2020XKN1967,RA1,77.75,2026-03-04 01:23:58
E2020XKN1967,RA2,57.5,2026-03-04 01:23:58
E2020XKN1967,RA5,81.5,2026-03-04 01:23:58
E2020XKN1967,RA6,83.5,2026-03-04 01:23:58
E2020XKN1967,RA9,80.0,2026-03-04 01:23:58
E2020YFO0164,RA1,82.5,2026-03-04 01:23:58
E2020YFO0164,RA2,75.5,2026-03-04 01:23:58
E2020YFO0164,RA5,88.5,2026-03-04 01:23:58
E2020YFO0164,RA6,64.0,2026-03-04 01:23:58
E2020YFO0164,RA9,68.5,2026-03-04 01:23:58
E2020YVH3972,RA1,75.9090909090909,2026-03-04 01:23:58
E2020YVH3972,RA10,78.88888888888889,2026-03-04 01:23:58
E2020YVH3972,RA11,77.91666666666667,2026-03-04 01:23:58
E2020YVH3972,RA12,72.44444444444444,2026-03-04 01:23:58
E2020YVH3972,RA2,75.75,2026-03-04 01:23:58
E2020YVH3972,RA3,74.41666666666667,2026-03-04 01:23:58
E2020YVH3972,RA4,78.0,2026-03-04 01:23:58
E2020YVH3972,RA5,76.75,2026-03-04 01:23:58
E2020YVH3972,RA6,71.66666666666667,2026-03-04 01:23:58
E2020YVH3972,RA7,76.13095238095238,2026-03-04 01:23:58
E2020YVH3972,RA9,74.25,2026-03-04 01:23:58
E2020ZAX9359,RA1,72.71428571428571,2026-03-04 01:23:58
E2020ZAX9359,RA12,86.0,2026-03-04 01:23:58
E2020ZAX9359,RA2,81.66666666666667,2026-03-04 01:23:58
E2020ZAX9359,RA4,60.0,2026-03-04 01:23:58
E2020ZAX9359,RA5,75.5,2026-03-04 01:23:58
E2020ZAX9359,RA6,80.75,2026-03-04 01:23:58
E2020ZAX9359,RA7,71.5,2026-03-04 01:23:58
E2020ZAX9359,RA9,72.8125,2026-03-04 01:23:58
E2020ZTP1920,RA1,73.0909090909091,2026-03-04 01:23:58
E2020ZTP1920,RA10,70.94444444444444,2026-03-04 01:23:58
E2020ZTP1920,RA11,82.41666666666667,2026-03-04 01:23:58
E2020ZTP1920,RA12,72.94444444444444,2026-03-04 01:23:58
E2020ZTP1920,RA2,77.375,2026-03-04 01:23:58
E2020ZTP1920,RA3,77.66666666666667,2026-03-04 01:23:58
E2020ZTP1920,RA4,71.33333333333333,2026-03-04 01:23:58
E2020ZTP1920,RA5,75.08333333333333,2026-03-04 01:23:58
E2020ZTP1920,RA6,76.72916666666667,2026-03-04 01:23:58
E2020ZTP1920,RA7,76.60714285714286,2026-03-04 01:23:58
E2020ZTP1920,RA9,74.31666666666666,2026-03-04 01:23:58
E2021AIL0323,RA1,74.5,2026-03-04 01:23:58
E2021AIL0323,RA2,76.0,2026-03-04 01:23:58
E2021AIL0323,RA5,82.0,2026-03-04 01:23:58
E2021AIL0323,RA6,85.5,2026-03-04 01:23:58
E2021AIL0323,RA9,89.0,2026-03-04 01:23:58
E2021CVN4877,RA1,72.49090909090908,2026-03-04 01:23:58
E2021CVN4877,RA10,76.06666666666666,2026-03-04 01:23:58
E2021CVN4877,RA11,76.9,2026-03-04 01:23:58
E2021CVN4877,RA12,75.85,2026-03-04 01:23:58
E2021CVN4877,RA2,78.05,2026-03-04 01:23:58
E2021CVN4877,RA3,73.15,2026-03-04 01:23:58
E2021CVN4877,RA4,74.3,2026-03-04 01:23:58
E2021CVN4877,RA5,76.6,2026-03-04 01:23:58
E2021CVN4877,RA6,80.0,2026-03-04 01:23:58
E2021CVN4877,RA7,73.94285714285714,2026-03-04 01:23:58
E2021CVN4877,RA9,74.05333333333333,2026-03-04 01:23:58
E2021EHL5637,RA1,75.94545454545455,2026-03-04 01:23:58
E2021EHL5637,RA10,79.0,2026-03-04 01:23:58
E2021EHL5637,RA11,79.4,2026-03-04 01:23:58
E2021EHL5637,RA12,75.08333333333333,2026-03-04 01:23:58
E2021EHL5637,RA2,71.525,2026-03-04 01:23:58
E2021EHL5637,RA3,74.1,2026-03-04 01:23:58
E2021EHL5637,RA4,66.6,2026-03-04 01:23:58
E2021EHL5637,RA5,66.6,2026-03-04 01:23:58
E2021EHL5637,RA6,72.475,2026-03-04 01:23:58
E2021EHL5637,RA7,74.94285714285714,2026-03-04 01:23:58
E2021EHL5637,RA9,73.94666666666667,2026-03-04 01:23:58
E2021FRM0969,RA1,77.56363636363636,2026-03-04 01:23:58
E2021FRM0969,RA10,72.7,2026-03-04 01:23:58
E2021FRM0969,RA11,79.0,2026-03-04 01:23:58
E2021FRM0969,RA12,76.08333333333333,2026-03-04 01:23:58
E2021FRM0969,RA2,73.825,2026-03-04 01:23:58
E2021FRM0969,RA3,74.15,2026-03-04 01:23:58
E2021FRM0969,RA4,78.7,2026-03-04 01:23:58
E2021FRM0969,RA5,70.4,2026-03-04 01:23:58
E2021FRM0969,RA6,77.075,2026-03-04 01:23:58
E2021FRM0969,RA7,74.05714285714286,2026-03-04 01:23:58
E2021FRM0969,RA9,74.88666666666667,2026-03-04 01:23:58
E2021JVY4882,RA1,75.15454545454546,2026-03-04 01:23:58
E2021JVY4882,RA10,79.33333333333333,2026-03-04 01:23:58
E2021JVY4882,RA11,66.0,2026-03-04 01:23:58
E2021JVY4882,RA12,75.26666666666667,2026-03-04 01:23:58
E2021JVY4882,RA2,77.45,2026-03-04 01:23:58
E2021JVY4882,RA3,74.45,2026-03-04 01:23:58
E2021JVY4882,RA4,76.9,2026-03-04 01:23:58
E2021JVY4882,RA5,78.8,2026-03-04 01:23:58
E2021JVY4882,RA6,74.725,2026-03-04 01:23:58
E2021JVY4882,RA7,75.1,2026-03-04 01:23:58
E2021JVY4882,RA9,75.64666666666666,2026-03-04 01:23:58
E2021JWI3029,RA1,75.76363636363637,2026-03-04 01:23:58
E2021JWI3029,RA10,72.96666666666667,2026-03-04 01:23:58
E2021JWI3029,RA11,78.2,2026-03-04 01:23:58
E2021JWI3029,RA12,74.65,2026-03-04 01:23:58
E2021JWI3029,RA2,75.675,2026-03-04 01:23:58
E2021JWI3029,RA3,78.7,2026-03-04 01:23:58
E2021JWI3029,RA4,71.0,2026-03-04 01:23:58
E2021JWI3029,RA5,76.0,2026-03-04 01:23:58
E2021JWI3029,RA6,72.95,2026-03-04 01:23:58
E2021JWI3029,RA7,77.98571428571428,2026-03-04 01:23:58
E2021JWI3029,RA9,76.31333333333333,2026-03-04 01:23:58
E2021LWG0262,RA1,75.2,2026-03-04 01:23:58
E2021LWG0262,RA10,76.96666666666667,2026-03-04 01:23:58
E2021LWG0262,RA11,79.5,2026-03-04 01:23:58
E2021LWG0262,RA12,78.28333333333333,2026-03-04 01:23:58
E2021LWG0262,RA2,71.1,2026-03-04 01:23:58
E2021LWG0262,RA3,72.3,2026-03-04 01:23:58
E2021LWG0262,RA4,82.2,2026-03-04 01:23:58
E2021LWG0262,RA5,74.0,2026-03-04 01:23:58
E2021LWG0262,RA6,70.3,2026-03-04 01:23:58
E2021LWG0262,RA7,74.81428571428572,2026-03-04 01:23:58
E2021LWG0262,RA9,76.48666666666666,2026-03-04 01:23:58
E2021MJS3901,RA1,72.92857142857143,2026-03-04 01:23:58
E2021MJS3901,RA12,85.0,2026-03-04 01:23:58
E2021MJS3901,RA2,79.66666666666667,2026-03-04 01:23:58
E2021MJS3901,RA4,66.0,2026-03-04 01:23:58
E2021MJS3901,RA5,78.0,2026-03-04 01:23:58
E2021MJS3901,RA6,65.25,2026-03-04 01:23:58
E2021MJS3901,RA7,79.0,2026-03-04 01:23:58
E2021MJS3901,RA9,77.9375,2026-03-04 01:23:58
E2021MPQ1027,RA1,76.23636363636363,2026-03-04 01:23:58
E2021MPQ1027,RA10,73.56666666666666,2026-03-04 01:23:58
E2021MPQ1027,RA11,73.9,2026-03-04 01:23:58
E2021MPQ1027,RA12,78.96666666666667,2026-03-04 01:23:58
E2021MPQ1027,RA2,73.95,2026-03-04 01:23:58
E2021MPQ1027,RA3,76.95,2026-03-04 01:23:58
E2021MPQ1027,RA4,75.2,2026-03-04 01:23:58
E2021MPQ1027,RA5,76.0,2026-03-04 01:23:58
E2021MPQ1027,RA6,78.925,2026-03-04 01:23:58
E2021MPQ1027,RA7,73.87142857142857,2026-03-04 01:23:58
E2021MPQ1027,RA9,76.31333333333333,2026-03-04 01:23:58
E2021MQE8633,RA1,64.75,2026-03-04 01:23:58
E2021MQE8633,RA2,67.0,2026-03-04 01:23:58
E2021MQE8633,RA5,68.0,2026-03-04 01:23:58
E2021MQE8633,RA6,78.5,2026-03-04 01:23:58
E2021MQE8633,RA9,74.5,2026-03-04 01:23:58
E2021MWM4820,RA1,77.14545454545454,2026-03-04 01:23:58
E2021MWM4820,RA10,78.1,2026-03-04 01:23:58
E2021MWM4820,RA11,78.3,2026-03-04 01:23:58
E2021MWM4820,RA12,75.23333333333333,2026-03-04 01:23:58
E2021MWM4820,RA2,73.925,2026-03-04 01:23:58
E2021MWM4820,RA3,76.7,2026-03-04 01:23:58
E2021MWM4820,RA4,75.4,2026-03-04 01:23:58
E2021MWM4820,RA5,72.7,2026-03-04 01:23:58
E2021MWM4820,RA6,76.425,2026-03-04 01:23:58
E2021MWM4820,RA7,75.2,2026-03-04 01:23:58
E2021MWM4820,RA9,74.82,2026-03-04 01:23:58
E2021NTO8310,RA1,76.83636363636364,2026-03-04 01:23:58
E2021NTO8310,RA10,74.4,2026-03-04 01:23:58
E2021NTO8310,RA11,77.4,2026-03-04 01:23:58
E2021NTO8310,RA12,81.08333333333333,2026-03-04 01:23:58
E2021NTO8310,RA2,72.675,2026-03-04 01:23:58
E2021NTO8310,RA3,82.75,2026-03-04 01:23:58
E2021NTO8310,RA4,83.4,2026-03-04 01:23:58
E2021NTO8310,RA5,75.2,2026-03-04 01:23:58
E2021NTO8310,RA6,77.775,2026-03-04 01:23:58
E2021NTO8310,RA7,75.52857142857142,2026-03-04 01:23:58
E2021NTO8310,RA9,74.48666666666666,2026-03-04 01:23:58
E2021NVK9365,RA1,77.16363636363636,2026-03-04 01:23:58
E2021NVK9365,RA10,74.8,2026-03-04 01:23:58
E2021NVK9365,RA11,74.1,2026-03-04 01:23:58
E2021NVK9365,RA12,74.96666666666667,2026-03-04 01:23:58
E2021NVK9365,RA2,75.275,2026-03-04 01:23:58
E2021NVK9365,RA3,74.0,2026-03-04 01:23:58
E2021NVK9365,RA4,68.9,2026-03-04 01:23:58
E2021NVK9365,RA5,74.7,2026-03-04 01:23:58
E2021NVK9365,RA6,79.575,2026-03-04 01:23:58
E2021NVK9365,RA7,72.61428571428571,2026-03-04 01:23:58
E2021NVK9365,RA9,75.40666666666667,2026-03-04 01:23:58
E2021PEB2650,RA1,73.71428571428571,2026-03-04 01:23:58
E2021PEB2650,RA12,54.0,2026-03-04 01:23:58
E2021PEB2650,RA2,59.833333333333336,2026-03-04 01:23:58
E2021PEB2650,RA4,99.0,2026-03-04 01:23:58
E2021PEB2650,RA5,71.5,2026-03-04 01:23:58
E2021PEB2650,RA6,65.25,2026-03-04 01:23:58
E2021PEB2650,RA7,88.0,2026-03-04 01:23:58
E2021PEB2650,RA9,82.4375,2026-03-04 01:23:58
E2021PZH5040,RA1,74.88181818181818,2026-03-04 01:23:58
E2021PZH5040,RA10,75.33333333333333,2026-03-04 01:23:58
E2021PZH5040,RA11,69.9,2026-03-04 01:23:58
E2021PZH5040,RA12,73.95,2026-03-04 01:23:58
E2021PZH5040,RA2,76.625,2026-03-04 01:23:58
E2021PZH5040,RA3,77.95,2026-03-04 01:23:58
E2021PZH5040,RA4,74.1,2026-03-04 01:23:58
E2021PZH5040,RA5,79.5,2026-03-04 01:23:58
E2021PZH5040,RA6,76.45,2026-03-04 01:23:58
E2021PZH5040,RA7,73.01428571428572,2026-03-04 01:23:58
E2021PZH5040,RA9,74.21333333333334,2026-03-04 01:23:58
E2021QDX1614,RA1,75.50909090909092,2026-03-04 01:23:58
E2021QDX1614,RA10,79.33333333333333,2026-03-04 01:23:58
E2021QDX1614,RA11,80.7,2026-03-04 01:23:58
E2021QDX1614,RA12,74.05,2026-03-04 01:23:58
E2021QDX1614,RA2,76.625,2026-03-04 01:23:58
E2021QDX1614,RA3,69.25,2026-03-04 01:23:58
E2021QDX1614,RA4,77.4,2026-03-04 01:23:58
E2021QDX1614,RA5,71.4,2026-03-04 01:23:58
E2021QDX1614,RA6,72.375,2026-03-04 01:23:58
E2021QDX1614,RA7,75.12857142857143,2026-03-04 01:23:58
E2021QDX1614,RA9,74.85333333333334,2026-03-04 01:23:58
E2021QRN8667,RA1,73.57142857142857,2026-03-04 01:23:58
E2021QRN8667,RA12,78.0,2026-03-04 01:23:58
E2021QRN8667,RA2,68.83333333333333,2026-03-04 01:23:58
E2021QRN8667,RA4,69.0,2026-03-04 01:23:58
E2021QRN8667,RA5,67.0,2026-03-04 01:23:58
E2021QRN8667,RA6,61.25,2026-03-04 01:23:58
E2021QRN8667,RA7,55.5,2026-03-04 01:23:58
E2021QRN8667,RA9,71.9375,2026-03-04 01:23:58
E2021RSR5397,RA1,75.7909090909091,2026-03-04 01:23:58
E2021RSR5397,RA10,76.16666666666667,2026-03-04 01:23:58
E2021RSR5397,RA11,73.9,2026-03-04 01:23:58
E2021RSR5397,RA12,72.78333333333333,2026-03-04 01:23:58
E2021RSR5397,RA2,75.05,2026-03-04 01:23:58
E2021RSR5397,RA3,75.95,2026-03-04 01:23:58
E2021RSR5397,RA4,72.4,2026-03-04 01:23:58
E2021RSR5397,RA5,75.3,2026-03-04 01:23:58
E2021RSR5397,RA6,74.975,2026-03-04 01:23:58
E2021RSR5397,RA7,75.94285714285714,2026-03-04 01:23:58
E2021RSR5397,RA9,75.18666666666667,2026-03-04 01:23:58
E2021SBZ9432,RA1,72.47272727272727,2026-03-04 01:23:58
E2021SBZ9432,RA10,73.7,2026-03-04 01:23:58
E2021SBZ9432,RA11,80.6,2026-03-04 01:23:58
E2021SBZ9432,RA12,71.75,2026-03-04 01:23:58
E2021SBZ9432,RA2,76.25,2026-03-04 01:23:58
E2021SBZ9432,RA3,78.55,2026-03-04 01:23:58
E2021SBZ9432,RA4,74.7,2026-03-04 01:23:58
E2021SBZ9432,RA5,73.0,2026-03-04 01:23:58
E2021SBZ9432,RA6,72.15,2026-03-04 01:23:58
E2021SBZ9432,RA7,72.1,2026-03-04 01:23:58
E2021SBZ9432,RA9,75.69333333333333,2026-03-04 01:23:58
E2021SGG3916,RA1,68.5,2026-03-04 01:23:58
E2021SGG3916,RA2,90.5,2026-03-04 01:23:58
E2021SGG3916,RA5,68.0,2026-03-04 01:23:58
E2021SGG3916,RA6,63.0,2026-03-04 01:23:58
E2021SGG3916,RA9,61.5,2026-03-04 01:23:58
E2021SUV9249,RA1,75.61818181818182,2026-03-04 01:23:58
E2021SUV9249,RA10,75.86666666666666,2026-03-04 01:23:58
E2021SUV9249,RA11,75.4,2026-03-04 01:23:58
E2021SUV9249,RA12,75.85,2026-03-04 01:23:58
E2021SUV9249,RA2,72.25,2026-03-04 01:23:58
E2021SUV9249,RA3,71.65,2026-03-04 01:23:58
E2021SUV9249,RA4,78.2,2026-03-04 01:23:58
E2021SUV9249,RA5,68.4,2026-03-04 01:23:58
E2021SUV9249,RA6,73.675,2026-03-04 01:23:58
E2021SUV9249,RA7,75.1,2026-03-04 01:23:58
E2021SUV9249,RA9,74.44666666666667,2026-03-04 01:23:58
E2021UBC8871,RA1,68.5,2026-03-04 01:23:58
E2021UBC8871,RA2,73.5,2026-03-04 01:23:58
E2021UBC8871,RA5,76.5,2026-03-04 01:23:58
E2021UBC8871,RA6,75.0,2026-03-04 01:23:58
E2021UBC8871,RA9,65.0,2026-03-04 01:23:58
E2021UCJ1571,RA1,73.65454545454546,2026-03-04 01:23:58
E2021UCJ1571,RA10,70.36666666666666,2026-03-04 01:23:58
E2021UCJ1571,RA11,71.6,2026-03-04 01:23:58
E2021UCJ1571,RA12,72.8,2026-03-04 01:23:58
E2021UCJ1571,RA2,73.85,2026-03-04 01:23:58
E2021UCJ1571,RA3,76.25,2026-03-04 01:23:58
E2021UCJ1571,RA4,71.2,2026-03-04 01:23:58
E2021UCJ1571,RA5,87.3,2026-03-04 01:23:58
E2021UCJ1571,RA6,73.7,2026-03-04 01:23:58
E2021UCJ1571,RA7,74.88571428571429,2026-03-04 01:23:58
E2021UCJ1571,RA9,75.94666666666667,2026-03-04 01:23:58
E2021UDU4136,RA1,74.4,2026-03-04 01:23:58
E2021UDU4136,RA10,74.3,2026-03-04 01:23:58
E2021UDU4136,RA11,74.5,2026-03-04 01:23:58
E2021UDU4136,RA12,74.23333333333333,2026-03-04 01:23:58
E2021UDU4136,RA2,71.1,2026-03-04 01:23:58
E2021UDU4136,RA3,79.0,2026-03-04 01:23:58
E2021UDU4136,RA4,83.3,2026-03-04 01:23:58
E2021UDU4136,RA5,80.8,2026-03-04 01:23:58
E2021UDU4136,RA6,74.275,2026-03-04 01:23:58
E2021UDU4136,RA7,70.84285714285714,2026-03-04 01:23:58
E2021UDU4136,RA9,72.61333333333333,2026-03-04 01:23:58
E2021USZ8412,RA1,77.03636363636363,2026-03-04 01:23:58
E2021USZ8412,RA10,72.16666666666667,2026-03-04 01:23:58
E2021USZ8412,RA11,79.0,2026-03-04 01:23:58
E2021USZ8412,RA12,75.2,2026-03-04 01:23:58
E2021USZ8412,RA2,72.825,2026-03-04 01:23:58
E2021USZ8412,RA3,72.0,2026-03-04 01:23:58
E2021USZ8412,RA4,71.2,2026-03-04 01:23:58
E2021USZ8412,RA5,71.7,2026-03-04 01:23:58
E2021USZ8412,RA6,77.3,2026-03-04 01:23:58
E2021USZ8412,RA7,76.78571428571429,2026-03-04 01:23:58
E2021USZ8412,RA9,75.82,2026-03-04 01:23:58
E2021UTW0622,RA1,75.44545454545455,2026-03-04 01:23:58
E2021UTW0622,RA10,76.7,2026-03-04 01:23:58
E2021UTW0622,RA11,75.2,2026-03-04 01:23:58
E2021UTW0622,RA12,74.98333333333333,2026-03-04 01:23:58
E2021UTW0622,RA2,76.975,2026-03-04 01:23:58
E2021UTW0622,RA3,73.25,2026-03-04 01:23:58
E2021UTW0622,RA4,76.5,2026-03-04 01:23:58
E2021UTW0622,RA5,62.6,2026-03-04 01:23:58
E2021UTW0622,RA6,79.7,2026-03-04 01:23:58
E2021UTW0622,RA7,74.05714285714286,2026-03-04 01:23:58
E2021UTW0622,RA9,75.54,2026-03-04 01:23:58
E2021UXR0899,RA1,69.25,2026-03-04 01:23:58
E2021UXR0899,RA2,75.0,2026-03-04 01:23:58
E2021UXR0899,RA5,80.5,2026-03-04 01:23:58
E2021UXR0899,RA6,81.0,2026-03-04 01:23:58
E2021UXR0899,RA9,83.0,2026-03-04 01:23:58
E2021VUG8622,RA1,75.58181818181818,2026-03-04 01:23:58
E2021VUG8622,RA10,80.63333333333334,2026-03-04 01:23:58
E2021VUG8622,RA11,73.6,2026-03-04 01:23:58
E2021VUG8622,RA12,71.13333333333334,2026-03-04 01:23:58
E2021VUG8622,RA2,75.65,2026-03-04 01:23:58
E2021VUG8622,RA3,74.15,2026-03-04 01:23:58
E2021VUG8622,RA4,80.2,2026-03-04 01:23:58
E2021VUG8622,RA5,76.8,2026-03-04 01:23:58
E2021VUG8622,RA6,75.2,2026-03-04 01:23:58
E2021VUG8622,RA7,74.48571428571428,2026-03-04 01:23:58
E2021VUG8622,RA9,74.49333333333334,2026-03-04 01:23:58
E2021ZNX0802,RA1,74.34545454545454,2026-03-04 01:23:58
E2021ZNX0802,RA10,77.26666666666667,2026-03-04 01:23:58
E2021ZNX0802,RA11,82.5,2026-03-04 01:23:58
E2021ZNX0802,RA12,80.53333333333333,2026-03-04 01:23:58
E2021ZNX0802,RA2,74.7,2026-03-04 01:23:58
E2021ZNX0802,RA3,77.9,2026-03-04 01:23:58
E2021ZNX0802,RA4,77.3,2026-03-04 01:23:58
E2021ZNX0802,RA5,70.6,2026-03-04 01:23:58
E2021ZNX0802,RA6,72.525,2026-03-04 01:23:58
E2021ZNX0802,RA7,74.74285714285715,2026-03-04 01:23:58
E2021ZNX0802,RA9,75.88666666666667,2026-03-04 01:23:58
E2021ZVO3212,RA1,82.5,2026-03-04 01:23:58
E2021ZVO3212,RA2,67.0,2026-03-04 01:23:58
E2021ZVO3212,RA5,72.0,2026-03-04 01:23:58
E2021ZVO3212,RA6,62.0,2026-03-04 01:23:58
E2021ZVO3212,RA9,68.0,2026-03-04 01:23:58
E2022AER7248,RA1,68.75,2026-03-04 01:23:58
E2022AER7248,RA2,73.0,2026-03-04 01:23:58
E2022AER7248,RA5,86.5,2026-03-04 01:23:58
E2022AER7248,RA6,92.0,2026-03-04 01:23:58
E2022AER7248,RA9,73.0,2026-03-04 01:23:58
E2022BJR2366,RA1,74.39772727272727,2026-03-04 01:23:58
E2022BJR2366,RA10,70.75,2026-03-04 01:23:58
E2022BJR2366,RA11,75.125,2026-03-04 01:23:58
E2022BJR2366,RA12,78.3125,2026-03-04 01:23:58
E2022BJR2366,RA2,76.75,2026-03-04 01:23:58
E2022BJR2366,RA3,75.75,2026-03-04 01:23:58
E2022BJR2366,RA4,81.0,2026-03-04 01:23:58
E2022BJR2366,RA5,70.625,2026-03-04 01:23:58
E2022BJR2366,RA6,78.34375,2026-03-04 01:23:58
E2022BJR2366,RA7,73.23214285714286,2026-03-04 01:23:58
E2022BJR2366,RA9,74.175,2026-03-04 01:23:58
E2022CSV2769,RA1,80.07142857142857,2026-03-04 01:23:58
E2022CSV2769,RA12,82.5,2026-03-04 01:23:58
E2022CSV2769,RA2,85.33333333333333,2026-03-04 01:23:58
E2022CSV2769,RA4,83.5,2026-03-04 01:23:58
E2022CSV2769,RA5,85.5,2026-03-04 01:23:58
E2022CSV2769,RA6,80.75,2026-03-04 01:23:58
E2022CSV2769,RA7,71.5,2026-03-04 01:23:58
E2022CSV2769,RA9,74.75,2026-03-04 01:23:58
E2022CXD2751,RA1,69.75,2026-03-04 01:23:58
E2022CXD2751,RA2,68.0,2026-03-04 01:23:58
E2022CXD2751,RA5,96.5,2026-03-04 01:23:58
E2022CXD2751,RA6,54.0,2026-03-04 01:23:58
E2022CXD2751,RA9,86.5,2026-03-04 01:23:58
E2022DKJ6791,RA1,72.82954545454545,2026-03-04 01:23:58
E2022DKJ6791,RA10,78.41666666666667,2026-03-04 01:23:58
E2022DKJ6791,RA11,75.875,2026-03-04 01:23:58
E2022DKJ6791,RA12,74.66666666666667,2026-03-04 01:23:58
E2022DKJ6791,RA2,75.625,2026-03-04 01:23:58
E2022DKJ6791,RA3,81.1875,2026-03-04 01:23:58
E2022DKJ6791,RA4,74.625,2026-03-04 01:23:58
E2022DKJ6791,RA5,74.125,2026-03-04 01:23:58
E2022DKJ6791,RA6,78.4375,2026-03-04 01:23:58
E2022DKJ6791,RA7,72.41071428571429,2026-03-04 01:23:58
E2022DKJ6791,RA9,77.375,2026-03-04 01:23:58
E2022DZN0239,RA1,74.93181818181819,2026-03-04 01:23:58
E2022DZN0239,RA10,78.45833333333333,2026-03-04 01:23:58
E2022DZN0239,RA11,74.125,2026-03-04 01:23:58
E2022DZN0239,RA12,75.91666666666667,2026-03-04 01:23:58
E2022DZN0239,RA2,71.5625,2026-03-04 01:23:58
E2022DZN0239,RA3,79.8125,2026-03-04 01:23:58
E2022DZN0239,RA4,85.25,2026-03-04 01:23:58
E2022DZN0239,RA5,66.0,2026-03-04 01:23:58
E2022DZN0239,RA6,75.75,2026-03-04 01:23:58
E2022DZN0239,RA7,73.80357142857143,2026-03-04 01:23:58
E2022DZN0239,RA9,70.85833333333333,2026-03-04 01:23:58
E2022FXQ3116,RA1,83.5,2026-03-04 01:23:58
E2022FXQ3116,RA2,87.5,2026-03-04 01:23:58
E2022FXQ3116,RA5,66.0,2026-03-04 01:23:58
E2022FXQ3116,RA6,81.5,2026-03-04 01:23:58
E2022FXQ3116,RA9,59.5,2026-03-04 01:23:58
E2022GTA5593,RA1,74.375,2026-03-04 01:23:58
E2022GTA5593,RA10,76.625,2026-03-04 01:23:58
E2022GTA5593,RA11,76.75,2026-03-04 01:23:58
E2022GTA5593,RA12,76.39583333333333,2026-03-04 01:23:58
E2022GTA5593,RA2,81.125,2026-03-04 01:23:58
E2022GTA5593,RA3,75.5,2026-03-04 01:23:58
E2022GTA5593,RA4,75.75,2026-03-04 01:23:58
E2022GTA5593,RA5,74.5,2026-03-04 01:23:58
E2022GTA5593,RA6,73.40625,2026-03-04 01:23:58
E2022GTA5593,RA7,74.01785714285714,2026-03-04 01:23:58
E2022GTA5593,RA9,75.125,2026-03-04 01:23:58
E2022HNJ3644,RA1,74.78571428571429,2026-03-04 01:23:58
E2022HNJ3644,RA12,56.0,2026-03-04 01:23:58
E2022HNJ3644,RA2,80.83333333333333,2026-03-04 01:23:58
E2022HNJ3644,RA4,75.5,2026-03-04 01:23:58
E2022HNJ3644,RA5,89.5,2026-03-04 01:23:58
E2022HNJ3644,RA6,71.0,2026-03-04 01:23:58
E2022HNJ3644,RA7,72.0,2026-03-04 01:23:58
E2022HNJ3644,RA9,72.25,2026-03-04 01:23:58
E2022IAU5585,RA1,75.73863636363636,2026-03-04 01:23:58
E2022IAU5585,RA10,79.04166666666667,2026-03-04 01:23:58
E2022IAU5585,RA11,79.0,2026-03-04 01:23:58
E2022IAU5585,RA12,74.4375,2026-03-04 01:23:58
E2022IAU5585,RA2,76.5,2026-03-04 01:23:58
E2022IAU5585,RA3,76.25,2026-03-04 01:23:58
E2022IAU5585,RA4,76.5,2026-03-04 01:23:58
E2022IAU5585,RA5,73.25,2026-03-04 01:23:58
E2022IAU5585,RA6,75.96875,2026-03-04 01:23:58
E2022IAU5585,RA7,78.80357142857143,2026-03-04 01:23:58
E2022IAU5585,RA9,75.05,2026-03-04 01:23:58
E2022KWB1855,RA1,73.5340909090909,2026-03-04 01:23:58
E2022KWB1855,RA10,85.58333333333333,2026-03-04 01:23:58
E2022KWB1855,RA11,72.375,2026-03-04 01:23:58
E2022KWB1855,RA12,79.875,2026-03-04 01:23:58
E2022KWB1855,RA2,79.84375,2026-03-04 01:23:58
E2022KWB1855,RA3,76.3125,2026-03-04 01:23:58
E2022KWB1855,RA4,68.375,2026-03-04 01:23:58
E2022KWB1855,RA5,78.125,2026-03-04 01:23:58
E2022KWB1855,RA6,75.5,2026-03-04 01:23:58
E2022KWB1855,RA7,74.80357142857143,2026-03-04 01:23:58
E2022KWB1855,RA9,75.475,2026-03-04 01:23:58
E2022LBA6597,RA1,76.61363636363636,2026-03-04 01:23:58
E2022LBA6597,RA10,79.5,2026-03-04 01:23:58
E2022LBA6597,RA11,68.0,2026-03-04 01:23:58
E2022LBA6597,RA12,73.14583333333333,2026-03-04 01:23:58
E2022LBA6597,RA2,78.25,2026-03-04 01:23:58
E2022LBA6597,RA3,74.75,2026-03-04 01:23:58
E2022LBA6597,RA4,68.625,2026-03-04 01:23:58
E2022LBA6597,RA5,75.5,2026-03-04 01:23:58
E2022LBA6597,RA6,69.34375,2026-03-04 01:23:58
E2022LBA6597,RA7,77.08928571428571,2026-03-04 01:23:58
E2022LBA6597,RA9,76.60833333333333,2026-03-04 01:23:58
E2022LJS3179,RA1,77.64285714285714,2026-03-04 01:23:58
E2022LJS3179,RA12,78.5,2026-03-04 01:23:58
E2022LJS3179,RA2,77.16666666666667,2026-03-04 01:23:58
E2022LJS3179,RA4,61.0,2026-03-04 01:23:58
E2022LJS3179,RA5,60.5,2026-03-04 01:23:58
E2022LJS3179,RA6,88.0,2026-03-04 01:23:58
E2022LJS3179,RA7,78.5,2026-03-04 01:23:58
E2022LJS3179,RA9,70.9375,2026-03-04 01:23:58
E2022MDJ5251,RA1,71.0,2026-03-04 01:23:58
E2022MDJ5251,RA2,61.0,2026-03-04 01:23:58
E2022MDJ5251,RA5,57.5,2026-03-04 01:23:58
E2022MDJ5251,RA6,67.0,2026-03-04 01:23:58
E2022MDJ5251,RA9,73.5,2026-03-04 01:23:58
E2022MJX3357,RA1,69.5,2026-03-04 01:23:58
E2022MJX3357,RA2,76.0,2026-03-04 01:23:58
E2022MJX3357,RA5,71.5,2026-03-04 01:23:58
E2022MJX3357,RA6,76.5,2026-03-04 01:23:58
E2022MJX3357,RA9,80.5,2026-03-04 01:23:58
E2022NKV1224,RA1,75.06818181818181,2026-03-04 01:23:58
E2022NKV1224,RA10,70.66666666666667,2026-03-04 01:23:58
E2022NKV1224,RA11,67.25,2026-03-04 01:23:58
E2022NKV1224,RA12,72.89583333333333,2026-03-04 01:23:58
E2022NKV1224,RA2,72.375,2026-03-04 01:23:58
E2022NKV1224,RA3,75.4375,2026-03-04 01:23:58
E2022NKV1224,RA4,80.5,2026-03-04 01:23:58
E2022NKV1224,RA5,85.25,2026-03-04 01:23:58
E2022NKV1224,RA6,80.9375,2026-03-04 01:23:58
E2022NKV1224,RA7,75.08928571428571,2026-03-04 01:23:58
E2022NKV1224,RA9,75.91666666666667,2026-03-04 01:23:58
E2022PEG0550,RA1,75.17045454545455,2026-03-04 01:23:58
E2022PEG0550,RA10,70.625,2026-03-04 01:23:58
E2022PEG0550,RA11,74.75,2026-03-04 01:23:58
E2022PEG0550,RA12,79.1875,2026-03-04 01:23:58
E2022PEG0550,RA2,72.53125,2026-03-04 01:23:58
E2022PEG0550,RA3,72.25,2026-03-04 01:23:58
E2022PEG0550,RA4,76.25,2026-03-04 01:23:58
E2022PEG0550,RA5,76.625,2026-03-04 01:23:58
E2022PEG0550,RA6,78.40625,2026-03-04 01:23:58
E2022PEG0550,RA7,74.85714285714286,2026-03-04 01:23:58
E2022PEG0550,RA9,74.675,2026-03-04 01:23:58
E2022PID7457,RA1,74.01136363636364,2026-03-04 01:23:58
E2022PID7457,RA10,72.79166666666667,2026-03-04 01:23:58
E2022PID7457,RA11,73.75,2026-03-04 01:23:58
E2022PID7457,RA12,75.10416666666667,2026-03-04 01:23:58
E2022PID7457,RA2,73.46875,2026-03-04 01:23:58
E2022PID7457,RA3,78.25,2026-03-04 01:23:58
E2022PID7457,RA4,62.375,2026-03-04 01:23:58
E2022PID7457,RA5,75.125,2026-03-04 01:23:58
E2022PID7457,RA6,72.9375,2026-03-04 01:23:58
E2022PID7457,RA7,74.32142857142857,2026-03-04 01:23:58
E2022PID7457,RA9,74.575,2026-03-04 01:23:58
E2022QVK1854,RA1,74.31818181818181,2026-03-04 01:23:58
E2022QVK1854,RA10,76.95833333333333,2026-03-04 01:23:58
E2022QVK1854,RA11,77.125,2026-03-04 01:23:58
E2022QVK1854,RA12,76.125,2026-03-04 01:23:58
E2022QVK1854,RA2,71.78125,2026-03-04 01:23:58
E2022QVK1854,RA3,74.3125,2026-03-04 01:23:58
E2022QVK1854,RA4,71.125,2026-03-04 01:23:58
E2022QVK1854,RA5,85.375,2026-03-04 01:23:58
E2022QVK1854,RA6,76.9375,2026-03-04 01:23:58
E2022QVK1854,RA7,76.76785714285714,2026-03-04 01:23:58
E2022QVK1854,RA9,74.63333333333334,2026-03-04 01:23:58
E2022TEK2179,RA1,73.35227272727273,2026-03-04 01:23:58
E2022TEK2179,RA10,74.58333333333333,2026-03-04 01:23:58
E2022TEK2179,RA11,68.125,2026-03-04 01:23:58
E2022TEK2179,RA12,74.27083333333333,2026-03-04 01:23:58
E2022TEK2179,RA2,74.25,2026-03-04 01:23:58
E2022TEK2179,RA3,77.375,2026-03-04 01:23:58
E2022TEK2179,RA4,70.25,2026-03-04 01:23:58
E2022TEK2179,RA5,66.25,2026-03-04 01:23:58
E2022TEK2179,RA6,73.40625,2026-03-04 01:23:58
E2022TEK2179,RA7,77.73214285714286,2026-03-04 01:23:58
E2022TEK2179,RA9,74.78333333333333,2026-03-04 01:23:58
E2022UJO1075,RA1,76.19318181818181,2026-03-04 01:23:58
E2022UJO1075,RA10,81.75,2026-03-04 01:23:58
E2022UJO1075,RA11,75.875,2026-03-04 01:23:58
E2022UJO1075,RA12,78.8125,2026-03-04 01:23:58
E2022UJO1075,RA2,71.5,2026-03-04 01:23:58
E2022UJO1075,RA3,63.8125,2026-03-04 01:23:58
E2022UJO1075,RA4,75.125,2026-03-04 01:23:58
E2022UJO1075,RA5,80.75,2026-03-04 01:23:58
E2022UJO1075,RA6,69.90625,2026-03-04 01:23:58
E2022UJO1075,RA7,74.53571428571429,2026-03-04 01:23:58
E2022UJO1075,RA9,72.24166666666666,2026-03-04 01:23:58
E2022UPB2142,RA1,72.69318181818181,2026-03-04 01:23:58
E2022UPB2142,RA10,73.5,2026-03-04 01:23:58
E2022UPB2142,RA11,73.0,2026-03-04 01:23:58
E2022UPB2142,RA12,75.58333333333333,2026-03-04 01:23:58
E2022UPB2142,RA2,70.78125,2026-03-04 01:23:58
E2022UPB2142,RA3,77.5625,2026-03-04 01:23:58
E2022UPB2142,RA4,71.25,2026-03-04 01:23:58
E2022UPB2142,RA5,68.0,2026-03-04 01:23:58
E2022UPB2142,RA6,76.3125,2026-03-04 01:23:58
E2022UPB2142,RA7,75.66071428571429,2026-03-04 01:23:58
E2022UPB2142,RA9,71.15833333333333,2026-03-04 01:23:58
E2022UWO2410,RA1,75.38636363636364,2026-03-04 01:23:58
E2022UWO2410,RA10,72.16666666666667,2026-03-04 01:23:58
E2022UWO2410,RA11,75.25,2026-03-04 01:23:58
E2022UWO2410,RA12,74.9375,2026-03-04 01:23:58
E2022UWO2410,RA2,72.5,2026-03-04 01:23:58
E2022UWO2410,RA3,71.3125,2026-03-04 01:23:58
E2022UWO2410,RA4,72.5,2026-03-04 01:23:58
E2022UWO2410,RA5,73.125,2026-03-04 01:23:58
E2022UWO2410,RA6,69.6875,2026-03-04 01:23:58
E2022UWO2410,RA7,76.875,2026-03-04 01:23:58
E2022UWO2410,RA9,76.275,2026-03-04 01:23:58
E2022VJO5291,RA1,78.69318181818181,2026-03-04 01:23:58
E2022VJO5291,RA10,77.04166666666667,2026-03-04 01:23:58
E2022VJO5291,RA11,70.125,2026-03-04 01:23:58
E2022VJO5291,RA12,72.60416666666667,2026-03-04 01:23:58
E2022VJO5291,RA2,74.75,2026-03-04 01:23:58
E2022VJO5291,RA3,80.3125,2026-03-04 01:23:58
E2022VJO5291,RA4,78.0,2026-03-04 01:23:58
E2022VJO5291,RA5,76.75,2026-03-04 01:23:58
E2022VJO5291,RA6,72.5,2026-03-04 01:23:58
E2022VJO5291,RA7,75.41071428571429,2026-03-04 01:23:58
E2022VJO5291,RA9,74.70833333333333,2026-03-04 01:23:58
E2022XAM0917,RA1,72.27272727272727,2026-03-04 01:23:58
E2022XAM0917,RA10,77.91666666666667,2026-03-04 01:23:58
E2022XAM0917,RA11,69.75,2026-03-04 01:23:58
E2022XAM0917,RA12,73.97916666666667,2026-03-04 01:23:58
E2022XAM0917,RA2,78.75,2026-03-04 01:23:58
E2022XAM0917,RA3,80.25,2026-03-04 01:23:58
E2022XAM0917,RA4,77.375,2026-03-04 01:23:58
E2022XAM0917,RA5,75.375,2026-03-04 01:23:58
E2022XAM0917,RA6,80.59375,2026-03-04 01:23:58
E2022XAM0917,RA7,73.17857142857143,2026-03-04 01:23:58
E2022XAM0917,RA9,74.09166666666667,2026-03-04 01:23:58
E2022XGC5343,RA1,79.56818181818181,2026-03-04 01:23:58
E2022XGC5343,RA10,77.41666666666667,2026-03-04 01:23:58
E2022XGC5343,RA11,78.5,2026-03-04 01:23:58
E2022XGC5343,RA12,76.125,2026-03-04 01:23:58
E2022XGC5343,RA2,73.15625,2026-03-04 01:23:58
E2022XGC5343,RA3,79.375,2026-03-04 01:23:58
E2022XGC5343,RA4,74.25,2026-03-04 01:23:58
E2022XGC5343,RA5,84.75,2026-03-04 01:23:58
E2022XGC5343,RA6,74.03125,2026-03-04 01:23:58
E2022XGC5343,RA7,77.57142857142857,2026-03-04 01:23:58
E2022XGC5343,RA9,76.025,2026-03-04 01:23:58
E2022XWC4531,RA1,75.7159090909091,2026-03-04 01:23:58
E2022XWC4531,RA10,74.625,2026-03-04 01:23:58
E2022XWC4531,RA11,63.75,2026-03-04 01:23:58
E2022XWC4531,RA12,74.5,2026-03-04 01:23:58
E2022XWC4531,RA2,73.03125,2026-03-04 01:23:58
E2022XWC4531,RA3,78.625,2026-03-04 01:23:58
E2022XWC4531,RA4,70.75,2026-03-04 01:23:58
E2022XWC4531,RA5,77.125,2026-03-04 01:23:58
E2022XWC4531,RA6,77.59375,2026-03-04 01:23:58
E2022XWC4531,RA7,76.83928571428571,2026-03-04 01:23:58
E2022XWC4531,RA9,77.61666666666666,2026-03-04 01:23:58
E2022XWX1184,RA1,75.26136363636364,2026-03-04 01:23:58
E2022XWX1184,RA10,67.66666666666667,2026-03-04 01:23:58
E2022XWX1184,RA11,77.0,2026-03-04 01:23:58
E2022XWX1184,RA12,78.0,2026-03-04 01:23:58
E2022XWX1184,RA2,73.34375,2026-03-04 01:23:58
E2022XWX1184,RA3,76.125,2026-03-04 01:23:58
E2022XWX1184,RA4,68.5,2026-03-04 01:23:58
E2022XWX1184,RA5,76.5,2026-03-04 01:23:58
E2022XWX1184,RA6,70.9375,2026-03-04 01:23:58
E2022XWX1184,RA7,72.69642857142857,2026-03-04 01:23:58
E2022XWX1184,RA9,75.36666666666666,2026-03-04 01:23:58
E2022YDL1111,RA1,77.92045454545455,2026-03-04 01:23:58
E2022YDL1111,RA10,73.04166666666667,2026-03-04 01:23:58
E2022YDL1111,RA11,77.375,2026-03-04 01:23:58
E2022YDL1111,RA12,75.25,2026-03-04 01:23:58
E2022YDL1111,RA2,77.40625,2026-03-04 01:23:58
E2022YDL1111,RA3,82.5,2026-03-04 01:23:58
E2022YDL1111,RA4,77.5,2026-03-04 01:23:58
E2022YDL1111,RA5,72.75,2026-03-04 01:23:58
E2022YDL1111,RA6,72.71875,2026-03-04 01:23:58
E2022YDL1111,RA7,73.66071428571429,2026-03-04 01:23:58
E2022YDL1111,RA9,74.74166666666666,2026-03-04 01:23:58
E2022YFQ0740,RA1,67.25,2026-03-04 01:23:58
E2022YFQ0740,RA2,82.0,2026-03-04 01:23:58
E2022YFQ0740,RA5,77.5,2026-03-04 01:23:58
E2022YFQ0740,RA6,72.5,2026-03-04 01:23:58
E2022YFQ0740,RA9,74.5,2026-03-04 01:23:58
E2023ADQ6125,RA1,75.36363636363636,2026-03-04 01:23:58
E2023ADQ6125,RA10,74.55555555555556,2026-03-04 01:23:58
E2023ADQ6125,RA11,78.0,2026-03-04 01:23:58
E2023ADQ6125,RA12,76.11111111111111,2026-03-04 01:23:58
E2023ADQ6125,RA2,76.70833333333333,2026-03-04 01:23:58
E2023ADQ6125,RA3,69.0,2026-03-04 01:23:58
E2023ADQ6125,RA4,71.16666666666667,2026-03-04 01:23:58
E2023ADQ6125,RA5,77.83333333333333,2026-03-04 01:23:58
E2023ADQ6125,RA6,79.0,2026-03-04 01:23:58
E2023ADQ6125,RA7,78.26190476190476,2026-03-04 01:23:58
E2023ADQ6125,RA9,75.94444444444444,2026-03-04 01:23:58
E2023AQX4650,RA1,75.31818181818181,2026-03-04 01:23:58
E2023AQX4650,RA10,77.88888888888889,2026-03-04 01:23:58
E2023AQX4650,RA11,68.33333333333333,2026-03-04 01:23:58
E2023AQX4650,RA12,74.63888888888889,2026-03-04 01:23:58
E2023AQX4650,RA2,76.875,2026-03-04 01:23:58
E2023AQX4650,RA3,69.58333333333333,2026-03-04 01:23:58
E2023AQX4650,RA4,77.0,2026-03-04 01:23:58
E2023AQX4650,RA5,77.83333333333333,2026-03-04 01:23:58
E2023AQX4650,RA6,68.08333333333333,2026-03-04 01:23:58
E2023AQX4650,RA7,76.85714285714286,2026-03-04 01:23:58
E2023AQX4650,RA9,75.7,2026-03-04 01:23:58
E2023BEH1512,RA1,76.34848484848484,2026-03-04 01:23:58
E2023BEH1512,RA10,76.33333333333333,2026-03-04 01:23:58
E2023BEH1512,RA11,76.16666666666667,2026-03-04 01:23:58
E2023BEH1512,RA12,73.52777777777777,2026-03-04 01:23:58
E2023BEH1512,RA2,79.04166666666667,2026-03-04 01:23:58
E2023BEH1512,RA3,79.41666666666667,2026-03-04 01:23:58
E2023BEH1512,RA4,76.83333333333333,2026-03-04 01:23:58
E2023BEH1512,RA5,72.83333333333333,2026-03-04 01:23:58
E2023BEH1512,RA6,78.79166666666667,2026-03-04 01:23:58
E2023BEH1512,RA7,77.85714285714286,2026-03-04 01:23:58
E2023BEH1512,RA9,70.68888888888888,2026-03-04 01:23:58
E2023BEI6977,RA1,81.0,2026-03-04 01:23:58
E2023BEI6977,RA2,71.5,2026-03-04 01:23:58
E2023BEI6977,RA5,79.0,2026-03-04 01:23:58
E2023BEI6977,RA6,83.5,2026-03-04 01:23:58
E2023BEI6977,RA9,94.0,2026-03-04 01:23:58
E2023BMS7444,RA1,73.78787878787878,2026-03-04 01:23:58
E2023BMS7444,RA10,73.77777777777777,2026-03-04 01:23:58
E2023BMS7444,RA11,75.16666666666667,2026-03-04 01:23:58
E2023BMS7444,RA12,76.91666666666667,2026-03-04 01:23:58
E2023BMS7444,RA2,79.20833333333333,2026-03-04 01:23:58
E2023BMS7444,RA3,72.83333333333333,2026-03-04 01:23:58
E2023BMS7444,RA4,75.0,2026-03-04 01:23:58
E2023BMS7444,RA5,82.83333333333333,2026-03-04 01:23:58
E2023BMS7444,RA6,77.0,2026-03-04 01:23:58
E2023BMS7444,RA7,78.42857142857143,2026-03-04 01:23:58
E2023BMS7444,RA9,73.1,2026-03-04 01:23:58
E2023BZR4961,RA1,73.28787878787878,2026-03-04 01:23:58
E2023BZR4961,RA10,79.05555555555556,2026-03-04 01:23:58
E2023BZR4961,RA11,74.33333333333333,2026-03-04 01:23:58
E2023BZR4961,RA12,78.77777777777777,2026-03-04 01:23:58
E2023BZR4961,RA2,76.08333333333333,2026-03-04 01:23:58
E2023BZR4961,RA3,78.41666666666667,2026-03-04 01:23:58
E2023BZR4961,RA4,74.0,2026-03-04 01:23:58
E2023BZR4961,RA5,71.83333333333333,2026-03-04 01:23:58
E2023BZR4961,RA6,73.41666666666667,2026-03-04 01:23:58
E2023BZR4961,RA7,76.83333333333333,2026-03-04 01:23:58
E2023BZR4961,RA9,76.0,2026-03-04 01:23:58
E2023CXD9356,RA1,75.96969696969697,2026-03-04 01:23:58
E2023CXD9356,RA10,74.44444444444444,2026-03-04 01:23:58
E2023CXD9356,RA11,73.16666666666667,2026-03-04 01:23:58
E2023CXD9356,RA12,73.0,2026-03-04 01:23:58
E2023CXD9356,RA2,75.45833333333333,2026-03-04 01:23:58
E2023CXD9356,RA3,81.91666666666667,2026-03-04 01:23:58
E2023CXD9356,RA4,84.0,2026-03-04 01:23:58
E2023CXD9356,RA5,69.5,2026-03-04 01:23:58
E2023CXD9356,RA6,69.79166666666667,2026-03-04 01:23:58
E2023CXD9356,RA7,76.69047619047619,2026-03-04 01:23:58
E2023CXD9356,RA9,72.15555555555555,2026-03-04 01:23:58
E2023DEF4171,RA1,76.46969696969697,2026-03-04 01:23:58
E2023DEF4171,RA10,72.61111111111111,2026-03-04 01:23:58
E2023DEF4171,RA11,81.66666666666667,2026-03-04 01:23:58
E2023DEF4171,RA12,73.33333333333333,2026-03-04 01:23:58
E2023DEF4171,RA2,76.29166666666667,2026-03-04 01:23:58
E2023DEF4171,RA3,74.58333333333333,2026-03-04 01:23:58
E2023DEF4171,RA4,70.0,2026-03-04 01:23:58
E2023DEF4171,RA5,71.16666666666667,2026-03-04 01:23:58
E2023DEF4171,RA6,72.95833333333333,2026-03-04 01:23:58
E2023DEF4171,RA7,71.5952380952381,2026-03-04 01:23:58
E2023DEF4171,RA9,74.2,2026-03-04 01:23:58
E2023EFG7756,RA1,74.95454545454545,2026-03-04 01:23:58
E2023EFG7756,RA10,77.88888888888889,2026-03-04 01:23:58
E2023EFG7756,RA11,77.16666666666667,2026-03-04 01:23:58
E2023EFG7756,RA12,74.05555555555556,2026-03-04 01:23:58
E2023EFG7756,RA2,81.125,2026-03-04 01:23:58
E2023EFG7756,RA3,71.91666666666667,2026-03-04 01:23:58
E2023EFG7756,RA4,81.0,2026-03-04 01:23:58
E2023EFG7756,RA5,80.66666666666667,2026-03-04 01:23:58
E2023EFG7756,RA6,78.70833333333333,2026-03-04 01:23:58
E2023EFG7756,RA7,74.88095238095238,2026-03-04 01:23:58
E2023EFG7756,RA9,75.88888888888889,2026-03-04 01:23:58
E2023HJR9875,RA1,71.56060606060606,2026-03-04 01:23:58
E2023HJR9875,RA10,72.5,2026-03-04 01:23:58
E2023HJR9875,RA11,79.0,2026-03-04 01:23:58
E2023HJR9875,RA12,74.11111111111111,2026-03-04 01:23:58
E2023HJR9875,RA2,74.33333333333333,2026-03-04 01:23:58
E2023HJR9875,RA3,77.75,2026-03-04 01:23:58
E2023HJR9875,RA4,87.5,2026-03-04 01:23:58
E2023HJR9875,RA5,84.66666666666667,2026-03-04 01:23:58
E2023HJR9875,RA6,68.95833333333333,2026-03-04 01:23:58
E2023HJR9875,RA7,75.47619047619048,2026-03-04 01:23:58
E2023HJR9875,RA9,75.35555555555555,2026-03-04 01:23:58
E2023HMB0178,RA1,77.54545454545455,2026-03-04 01:23:58
E2023HMB0178,RA10,74.33333333333333,2026-03-04 01:23:58
E2023HMB0178,RA11,68.83333333333333,2026-03-04 01:23:58
E2023HMB0178,RA12,75.58333333333333,2026-03-04 01:23:58
E2023HMB0178,RA2,76.16666666666667,2026-03-04 01:23:58
E2023HMB0178,RA3,72.33333333333333,2026-03-04 01:23:58
E2023HMB0178,RA4,72.66666666666667,2026-03-04 01:23:58
E2023HMB0178,RA5,75.33333333333333,2026-03-04 01:23:58
E2023HMB0178,RA6,74.45833333333333,2026-03-04 01:23:58
E2023HMB0178,RA7,79.57142857142857,2026-03-04 01:23:58
E2023HMB0178,RA9,75.66666666666667,2026-03-04 01:23:58
E2023HTL9789,RA1,71.46969696969697,2026-03-04 01:23:58
E2023HTL9789,RA10,72.16666666666667,2026-03-04 01:23:58
E2023HTL9789,RA11,74.16666666666667,2026-03-04 01:23:58
E2023HTL9789,RA12,71.41666666666667,2026-03-04 01:23:58
E2023HTL9789,RA2,73.79166666666667,2026-03-04 01:23:58
E2023HTL9789,RA3,68.33333333333333,2026-03-04 01:23:58
E2023HTL9789,RA4,82.5,2026-03-04 01:23:58
E2023HTL9789,RA5,76.33333333333333,2026-03-04 01:23:58
E2023HTL9789,RA6,73.875,2026-03-04 01:23:58
E2023HTL9789,RA7,73.47619047619048,2026-03-04 01:23:58
E2023HTL9789,RA9,76.36666666666666,2026-03-04 01:23:58
E2023KHN4379,RA1,77.92857142857143,2026-03-04 01:23:58
E2023KHN4379,RA12,53.5,2026-03-04 01:23:58
E2023KHN4379,RA2,84.0,2026-03-04 01:23:58
E2023KHN4379,RA4,98.5,2026-03-04 01:23:58
E2023KHN4379,RA5,70.5,2026-03-04 01:23:58
E2023KHN4379,RA6,86.0,2026-03-04 01:23:58
E2023KHN4379,RA7,66.0,2026-03-04 01:23:58
E2023KHN4379,RA9,71.875,2026-03-04 01:23:58
E2023KJS0218,RA1,76.21428571428571,2026-03-04 01:23:58
E2023KJS0218,RA12,73.5,2026-03-04 01:23:58
E2023KJS0218,RA2,76.33333333333333,2026-03-04 01:23:58
E2023KJS0218,RA4,89.0,2026-03-04 01:23:58
E2023KJS0218,RA5,78.5,2026-03-04 01:23:58
E2023KJS0218,RA6,78.5,2026-03-04 01:23:58
E2023KJS0218,RA7,87.0,2026-03-04 01:23:58
E2023KJS0218,RA9,70.75,2026-03-04 01:23:58
E2023KMR4186,RA1,65.0,2026-03-04 01:23:58
E2023KMR4186,RA2,90.0,2026-03-04 01:23:58
E2023KMR4186,RA5,62.5,2026-03-04 01:23:58
E2023KMR4186,RA6,65.0,2026-03-04 01:23:58
E2023KMR4186,RA9,94.0,2026-03-04 01:23:58
E2023LVO4167,RA1,73.96969696969697,2026-03-04 01:23:58
E2023LVO4167,RA10,76.11111111111111,2026-03-04 01:23:58
E2023LVO4167,RA11,67.0,2026-03-04 01:23:58
E2023LVO4167,RA12,76.69444444444444,2026-03-04 01:23:58
E2023LVO4167,RA2,79.79166666666667,2026-03-04 01:23:58
E2023LVO4167,RA3,82.33333333333333,2026-03-04 01:23:58
E2023LVO4167,RA4,79.83333333333333,2026-03-04 01:23:58
E2023LVO4167,RA5,81.5,2026-03-04 01:23:58
E2023LVO4167,RA6,73.83333333333333,2026-03-04 01:23:58
E2023LVO4167,RA7,72.76190476190476,2026-03-04 01:23:58
E2023LVO4167,RA9,73.94444444444444,2026-03-04 01:23:58
E2023LWO1580,RA1,73.77272727272727,2026-03-04 01:23:58
E2023LWO1580,RA10,79.0,2026-03-04 01:23:58
E2023LWO1580,RA11,67.5,2026-03-04 01:23:58
E2023LWO1580,RA12,75.08333333333333,2026-03-04 01:23:58
E2023LWO1580,RA2,74.08333333333333,2026-03-04 01:23:58
E2023LWO1580,RA3,76.58333333333333,2026-03-04 01:23:58
E2023LWO1580,RA4,77.5,2026-03-04 01:23:58
E2023LWO1580,RA5,76.33333333333333,2026-03-04 01:23:58
E2023LWO1580,RA6,77.08333333333333,2026-03-04 01:23:58
E2023LWO1580,RA7,75.73809523809524,2026-03-04 01:23:58
E2023LWO1580,RA9,72.08888888888889,2026-03-04 01:23:58
E2023MAS4798,RA1,76.18181818181819,2026-03-04 01:23:58
E2023MAS4798,RA10,78.05555555555556,2026-03-04 01:23:58
E2023MAS4798,RA11,76.5,2026-03-04 01:23:58
E2023MAS4798,RA12,79.83333333333333,2026-03-04 01:23:58
E2023MAS4798,RA2,79.125,2026-03-04 01:23:58
E2023MAS4798,RA3,72.83333333333333,2026-03-04 01:23:58
E2023MAS4798,RA4,76.0,2026-03-04 01:23:58
E2023MAS4798,RA5,71.16666666666667,2026-03-04 01:23:58
E2023MAS4798,RA6,76.45833333333333,2026-03-04 01:23:58
E2023MAS4798,RA7,73.5,2026-03-04 01:23:58
E2023MAS4798,RA9,74.11111111111111,2026-03-04 01:23:58
E2023MOR5948,RA1,73.60606060606061,2026-03-04 01:23:58
E2023MOR5948,RA10,81.38888888888889,2026-03-04 01:23:58
E2023MOR5948,RA11,68.33333333333333,2026-03-04 01:23:58
E2023MOR5948,RA12,72.94444444444444,2026-03-04 01:23:58
E2023MOR5948,RA2,68.20833333333333,2026-03-04 01:23:58
E2023MOR5948,RA3,73.58333333333333,2026-03-04 01:23:58
E2023MOR5948,RA4,80.33333333333333,2026-03-04 01:23:58
E2023MOR5948,RA5,71.0,2026-03-04 01:23:58
E2023MOR5948,RA6,75.25,2026-03-04 01:23:58
E2023MOR5948,RA7,75.35714285714286,2026-03-04 01:23:58
E2023MOR5948,RA9,74.8,2026-03-04 01:23:58
E2023MQX8641,RA1,73.56060606060606,2026-03-04 01:23:58
E2023MQX8641,RA10,75.22222222222223,2026-03-04 01:23:58
E2023MQX8641,RA11,81.0,2026-03-04 01:23:58
E2023MQX8641,RA12,74.36111111111111,2026-03-04 01:23:58
E2023MQX8641,RA2,76.16666666666667,2026-03-04 01:23:58
E2023MQX8641,RA3,72.08333333333333,2026-03-04 01:23:58
E2023MQX8641,RA4,75.33333333333333,2026-03-04 01:23:58
E2023MQX8641,RA5,64.0,2026-03-04 01:23:58
E2023MQX8641,RA6,74.75,2026-03-04 01:23:58
E2023MQX8641,RA7,72.02380952380952,2026-03-04 01:23:58
E2023MQX8641,RA9,72.42222222222222,2026-03-04 01:23:58
E2023NKU6053,RA1,76.25,2026-03-04 01:23:58
E2023NKU6053,RA2,81.5,2026-03-04 01:23:58
E2023NKU6053,RA5,70.5,2026-03-04 01:23:58
E2023NKU6053,RA6,61.0,2026-03-04 01:23:58
E2023NKU6053,RA9,62.5,2026-03-04 01:23:58
E2023PEN1433,RA1,83.0,2026-03-04 01:23:58
E2023PEN1433,RA2,79.5,2026-03-04 01:23:58
E2023PEN1433,RA5,74.0,2026-03-04 01:23:58
E2023PEN1433,RA6,63.5,2026-03-04 01:23:58
E2023PEN1433,RA9,79.5,2026-03-04 01:23:58
E2023PJC1324,RA1,75.57575757575758,2026-03-04 01:23:58
E2023PJC1324,RA10,74.27777777777777,2026-03-04 01:23:58
E2023PJC1324,RA11,74.5,2026-03-04 01:23:58
E2023PJC1324,RA12,75.33333333333333,2026-03-04 01:23:58
E2023PJC1324,RA2,74.16666666666667,2026-03-04 01:23:58
E2023PJC1324,RA3,77.25,2026-03-04 01:23:58
E2023PJC1324,RA4,75.83333333333333,2026-03-04 01:23:58
E2023PJC1324,RA5,77.5,2026-03-04 01:23:58
E2023PJC1324,RA6,76.875,2026-03-04 01:23:58
E2023PJC1324,RA7,75.4047619047619,2026-03-04 01:23:58
E2023PJC1324,RA9,75.22222222222223,2026-03-04 01:23:58
E2023PPR1222,RA1,78.57142857142857,2026-03-04 01:23:58
E2023PPR1222,RA12,76.5,2026-03-04 01:23:58
E2023PPR1222,RA2,75.33333333333333,2026-03-04 01:23:58
E2023PPR1222,RA4,55.5,2026-03-04 01:23:58
E2023PPR1222,RA5,58.5,2026-03-04 01:23:58
E2023PPR1222,RA6,73.0,2026-03-04 01:23:58
E2023PPR1222,RA7,69.0,2026-03-04 01:23:58
E2023PPR1222,RA9,77.25,2026-03-04 01:23:58
E2023SUB7335,RA1,74.5,2026-03-04 01:23:58
E2023SUB7335,RA10,81.77777777777777,2026-03-04 01:23:58
E2023SUB7335,RA11,74.33333333333333,2026-03-04 01:23:58
E2023SUB7335,RA12,74.0,2026-03-04 01:23:58
E2023SUB7335,RA2,74.45833333333333,2026-03-04 01:23:58
E2023SUB7335,RA3,75.5,2026-03-04 01:23:58
E2023SUB7335,RA4,76.33333333333333,2026-03-04 01:23:58
E2023SUB7335,RA5,64.33333333333333,2026-03-04 01:23:58
E2023SUB7335,RA6,74.83333333333333,2026-03-04 01:23:58
E2023SUB7335,RA7,75.4047619047619,2026-03-04 01:23:58
E2023SUB7335,RA9,78.0111111111111,2026-03-04 01:23:58
E2023SZZ3613,RA1,75.33333333333333,2026-03-04 01:23:58
E2023SZZ3613,RA10,70.88888888888889,2026-03-04 01:23:58
E2023SZZ3613,RA11,74.83333333333333,2026-03-04 01:23:58
E2023SZZ3613,RA12,67.75,2026-03-04 01:23:58
E2023SZZ3613,RA2,74.95833333333333,2026-03-04 01:23:58
E2023SZZ3613,RA3,70.58333333333333,2026-03-04 01:23:58
E2023SZZ3613,RA4,75.83333333333333,2026-03-04 01:23:58
E2023SZZ3613,RA5,73.66666666666667,2026-03-04 01:23:58
E2023SZZ3613,RA6,72.58333333333333,2026-03-04 01:23:58
E2023SZZ3613,RA7,75.45238095238095,2026-03-04 01:23:58
E2023SZZ3613,RA9,75.16666666666667,2026-03-04 01:23:58
E2023VQV9918,RA1,78.4090909090909,2026-03-04 01:23:58
E2023VQV9918,RA10,72.66666666666667,2026-03-04 01:23:58
E2023VQV9918,RA11,77.83333333333333,2026-03-04 01:23:58
E2023VQV9918,RA12,75.69444444444444,2026-03-04 01:23:58
E2023VQV9918,RA2,73.875,2026-03-04 01:23:58
E2023VQV9918,RA3,76.83333333333333,2026-03-04 01:23:58
E2023VQV9918,RA4,71.66666666666667,2026-03-04 01:23:58
E2023VQV9918,RA5,67.83333333333333,2026-03-04 01:23:58
E2023VQV9918,RA6,71.95833333333333,2026-03-04 01:23:58
E2023VQV9918,RA7,72.35714285714286,2026-03-04 01:23:58
E2023VQV9918,RA9,75.36666666666666,2026-03-04 01:23:58
E2023YPA9380,RA1,76.25,2026-03-04 01:23:58
E2023YPA9380,RA2,74.0,2026-03-04 01:23:58
E2023YPA9380,RA5,79.0,2026-03-04 01:23:58
E2023YPA9380,RA6,73.0,2026-03-04 01:23:58
E2023YPA9380,RA9,74.0,2026-03-04 01:23:58
E2023ZNI0293,RA1,74.95454545454545,2026-03-04 01:23:58
E2023ZNI0293,RA10,77.22222222222223,2026-03-04 01:23:58
E2023ZNI0293,RA11,69.33333333333333,2026-03-04 01:23:58
E2023ZNI0293,RA12,74.30555555555556,2026-03-04 01:23:58
E2023ZNI0293,RA2,78.75,2026-03-04 01:23:58
E2023ZNI0293,RA3,78.33333333333333,2026-03-04 01:23:58
E2023ZNI0293,RA4,79.5,2026-03-04 01:23:58
E2023ZNI0293,RA5,67.66666666666667,2026-03-04 01:23:58
E2023ZNI0293,RA6,76.5,2026-03-04 01:23:58
E2023ZNI0293,RA7,71.76190476190476,2026-03-04 01:23:58
E2023ZNI0293,RA9,73.44444444444444,2026-03-04 01:23:58
E2023ZRW6447,RA1,71.0,2026-03-04 01:23:58
E2023ZRW6447,RA2,52.0,2026-03-04 01:23:58
E2023ZRW6447,RA5,75.0,2026-03-04 01:23:58
E2023ZRW6447,RA6,83.5,2026-03-04 01:23:58
E2023ZRW6447,RA9,81.0,2026-03-04 01:23:58
E2024AKE1074,RA1,75.5909090909091,2026-03-04 01:23:58
E2024AKE1074,RA10,81.75,2026-03-04 01:23:58
E2024AKE1074,RA11,75.75,2026-03-04 01:23:58
E2024AKE1074,RA12,76.0,2026-03-04 01:23:58
E2024AKE1074,RA2,83.125,2026-03-04 01:23:58
E2024AKE1074,RA3,70.25,2026-03-04 01:23:58
E2024AKE1074,RA4,73.5,2026-03-04 01:23:58
E2024AKE1074,RA5,78.75,2026-03-04 01:23:58
E2024AKE1074,RA6,79.3125,2026-03-04 01:23:58
E2024AKE1074,RA7,72.5,2026-03-04 01:23:58
E2024AKE1074,RA9,73.75,2026-03-04 01:23:58
E2024ARY0491,RA1,72.6590909090909,2026-03-04 01:23:58
E2024ARY0491,RA10,75.33333333333333,2026-03-04 01:23:58
E2024ARY0491,RA11,71.25,2026-03-04 01:23:58
E2024ARY0491,RA12,72.58333333333333,2026-03-04 01:23:58
E2024ARY0491,RA2,77.25,2026-03-04 01:23:58
E2024ARY0491,RA3,67.75,2026-03-04 01:23:58
E2024ARY0491,RA4,72.5,2026-03-04 01:23:58
E2024ARY0491,RA5,73.5,2026-03-04 01:23:58
E2024ARY0491,RA6,75.5,2026-03-04 01:23:58
E2024ARY0491,RA7,75.07142857142857,2026-03-04 01:23:58
E2024ARY0491,RA9,75.36666666666666,2026-03-04 01:23:58
E2024BOZ3759,RA1,77.0,2026-03-04 01:23:58
E2024BOZ3759,RA2,72.0,2026-03-04 01:23:58
E2024BOZ3759,RA5,71.5,2026-03-04 01:23:58
E2024BOZ3759,RA6,80.5,2026-03-04 01:23:58
E2024BOZ3759,RA9,66.5,2026-03-04 01:23:58
E2024BSN8275,RA1,71.75,2026-03-04 01:23:58
E2024BSN8275,RA2,81.5,2026-03-04 01:23:58
E2024BSN8275,RA5,68.5,2026-03-04 01:23:58
E2024BSN8275,RA6,70.0,2026-03-04 01:23:58
E2024BSN8275,RA9,70.5,2026-03-04 01:23:58
E2024BUD2189,RA1,75.75,2026-03-04 01:23:58
E2024BUD2189,RA10,69.0,2026-03-04 01:23:58
E2024BUD2189,RA11,73.75,2026-03-04 01:23:58
E2024BUD2189,RA12,71.16666666666667,2026-03-04 01:23:58
E2024BUD2189,RA2,78.375,2026-03-04 01:23:58
E2024BUD2189,RA3,80.5,2026-03-04 01:23:58
E2024BUD2189,RA4,85.75,2026-03-04 01:23:58
E2024BUD2189,RA5,82.5,2026-03-04 01:23:58
E2024BUD2189,RA6,71.375,2026-03-04 01:23:58
E2024BUD2189,RA7,74.71428571428571,2026-03-04 01:23:58
E2024BUD2189,RA9,76.66666666666667,2026-03-04 01:23:58
E2024BUF5913,RA1,72.93181818181819,2026-03-04 01:23:58
E2024BUF5913,RA10,81.5,2026-03-04 01:23:58
E2024BUF5913,RA11,61.5,2026-03-04 01:23:58
E2024BUF5913,RA12,76.5,2026-03-04 01:23:58
E2024BUF5913,RA2,68.3125,2026-03-04 01:23:58
E2024BUF5913,RA3,77.75,2026-03-04 01:23:58
E2024BUF5913,RA4,69.0,2026-03-04 01:23:58
E2024BUF5913,RA5,65.25,2026-03-04 01:23:58
E2024BUF5913,RA6,82.3125,2026-03-04 01:23:58
E2024BUF5913,RA7,74.28571428571429,2026-03-04 01:23:58
E2024BUF5913,RA9,76.55,2026-03-04 01:23:58
E2024CHU5908,RA1,85.5,2026-03-04 01:23:58
E2024CHU5908,RA2,82.5,2026-03-04 01:23:58
E2024CHU5908,RA5,84.0,2026-03-04 01:23:58
E2024CHU5908,RA6,61.0,2026-03-04 01:23:58
E2024CHU5908,RA9,65.0,2026-03-04 01:23:58
E2024DNA4023,RA1,75.11363636363636,2026-03-04 01:23:58
E2024DNA4023,RA10,72.08333333333333,2026-03-04 01:23:58
E2024DNA4023,RA11,66.5,2026-03-04 01:23:58
E2024DNA4023,RA12,75.0,2026-03-04 01:23:58
E2024DNA4023,RA2,72.0625,2026-03-04 01:23:58
E2024DNA4023,RA3,81.375,2026-03-04 01:23:58
E2024DNA4023,RA4,88.25,2026-03-04 01:23:58
E2024DNA4023,RA5,71.75,2026-03-04 01:23:58
E2024DNA4023,RA6,77.8125,2026-03-04 01:23:58
E2024DNA4023,RA7,70.71428571428571,2026-03-04 01:23:58
E2024DNA4023,RA9,75.75,2026-03-04 01:23:58
E2024HPP8550,RA1,72.3409090909091,2026-03-04 01:23:58
E2024HPP8550,RA10,68.08333333333333,2026-03-04 01:23:58
E2024HPP8550,RA11,85.75,2026-03-04 01:23:58
E2024HPP8550,RA12,73.08333333333333,2026-03-04 01:23:58
E2024HPP8550,RA2,74.25,2026-03-04 01:23:58
E2024HPP8550,RA3,78.875,2026-03-04 01:23:58
E2024HPP8550,RA4,85.5,2026-03-04 01:23:58
E2024HPP8550,RA5,71.75,2026-03-04 01:23:58
E2024HPP8550,RA6,75.8125,2026-03-04 01:23:58
E2024HPP8550,RA7,71.5,2026-03-04 01:23:58
E2024HPP8550,RA9,73.83333333333333,2026-03-04 01:23:58
E2024IYI5180,RA1,76.75,2026-03-04 01:23:58
E2024IYI5180,RA10,76.0,2026-03-04 01:23:58
E2024IYI5180,RA11,84.25,2026-03-04 01:23:58
E2024IYI5180,RA12,71.25,2026-03-04 01:23:58
E2024IYI5180,RA2,70.875,2026-03-04 01:23:58
E2024IYI5180,RA3,81.625,2026-03-04 01:23:58
E2024IYI5180,RA4,67.25,2026-03-04 01:23:58
E2024IYI5180,RA5,70.0,2026-03-04 01:23:58
E2024IYI5180,RA6,76.9375,2026-03-04 01:23:58
E2024IYI5180,RA7,77.07142857142857,2026-03-04 01:23:58
E2024IYI5180,RA9,75.03333333333333,2026-03-04 01:23:58
E2024IZO9343,RA1,73.63636363636364,2026-03-04 01:23:58
E2024IZO9343,RA10,77.16666666666667,2026-03-04 01:23:58
E2024IZO9343,RA11,60.0,2026-03-04 01:23:58
E2024IZO9343,RA12,76.95833333333333,2026-03-04 01:23:58
E2024IZO9343,RA2,76.6875,2026-03-04 01:23:58
E2024IZO9343,RA3,76.75,2026-03-04 01:23:58
E2024IZO9343,RA4,77.75,2026-03-04 01:23:58
E2024IZO9343,RA5,80.0,2026-03-04 01:23:58
E2024IZO9343,RA6,75.0,2026-03-04 01:23:58
E2024IZO9343,RA7,73.82142857142857,2026-03-04 01:23:58
E2024IZO9343,RA9,73.5,2026-03-04 01:23:58
E2024JHM8917,RA1,76.5909090909091,2026-03-04 01:23:58
E2024JHM8917,RA10,67.66666666666667,2026-03-04 01:23:58
E2024JHM8917,RA11,72.0,2026-03-04 01:23:58
E2024JHM8917,RA12,70.5,2026-03-04 01:23:58
E2024JHM8917,RA2,78.5,2026-03-04 01:23:58
E2024JHM8917,RA3,72.25,2026-03-04 01:23:58
E2024JHM8917,RA4,78.0,2026-03-04 01:23:58
E2024JHM8917,RA5,67.0,2026-03-04 01:23:58
E2024JHM8917,RA6,70.3125,2026-03-04 01:23:58
E2024JHM8917,RA7,75.78571428571429,2026-03-04 01:23:58
E2024JHM8917,RA9,76.2,2026-03-04 01:23:58
E2024KAH5178,RA1,72.72727272727273,2026-03-04 01:23:58
E2024KAH5178,RA10,88.83333333333333,2026-03-04 01:23:58
E2024KAH5178,RA11,71.75,2026-03-04 01:23:58
E2024KAH5178,RA12,76.04166666666667,2026-03-04 01:23:58
E2024KAH5178,RA2,78.4375,2026-03-04 01:23:58
E2024KAH5178,RA3,82.25,2026-03-04 01:23:58
E2024KAH5178,RA4,72.0,2026-03-04 01:23:58
E2024KAH5178,RA5,80.75,2026-03-04 01:23:58
E2024KAH5178,RA6,73.625,2026-03-04 01:23:58
E2024KAH5178,RA7,72.21428571428571,2026-03-04 01:23:58
E2024KAH5178,RA9,76.01666666666667,2026-03-04 01:23:58
E2024KSL3732,RA1,78.79545454545455,2026-03-04 01:23:58
E2024KSL3732,RA10,71.91666666666667,2026-03-04 01:23:58
E2024KSL3732,RA11,88.0,2026-03-04 01:23:58
E2024KSL3732,RA12,76.16666666666667,2026-03-04 01:23:58
E2024KSL3732,RA2,76.25,2026-03-04 01:23:58
E2024KSL3732,RA3,67.875,2026-03-04 01:23:58
E2024KSL3732,RA4,67.75,2026-03-04 01:23:58
E2024KSL3732,RA5,70.5,2026-03-04 01:23:58
E2024KSL3732,RA6,75.5,2026-03-04 01:23:58
E2024KSL3732,RA7,75.03571428571429,2026-03-04 01:23:58
E2024KSL3732,RA9,74.23333333333333,2026-03-04 01:23:58
E2024MFS3976,RA1,74.29545454545455,2026-03-04 01:23:58
E2024MFS3976,RA10,72.41666666666667,2026-03-04 01:23:58
E2024MFS3976,RA11,73.0,2026-03-04 01:23:58
E2024MFS3976,RA12,72.29166666666667,2026-03-04 01:23:58
E2024MFS3976,RA2,72.75,2026-03-04 01:23:58
E2024MFS3976,RA3,73.875,2026-03-04 01:23:58
E2024MFS3976,RA4,81.5,2026-03-04 01:23:58
E2024MFS3976,RA5,78.5,2026-03-04 01:23:58
E2024MFS3976,RA6,74.0625,2026-03-04 01:23:58
E2024MFS3976,RA7,73.42857142857143,2026-03-04 01:23:58
E2024MFS3976,RA9,75.21666666666667,2026-03-04 01:23:58
E2024NGG8393,RA1,75.78571428571429,2026-03-04 01:23:58
E2024NGG8393,RA12,81.5,2026-03-04 01:23:58
E2024NGG8393,RA2,67.33333333333333,2026-03-04 01:23:58
E2024NGG8393,RA4,61.0,2026-03-04 01:23:58
E2024NGG8393,RA5,61.0,2026-03-04 01:23:58
E2024NGG8393,RA6,70.75,2026-03-04 01:23:58
E2024NGG8393,RA7,72.5,2026-03-04 01:23:58
E2024NGG8393,RA9,69.875,2026-03-04 01:23:58
E2024ONA1595,RA1,74.75,2026-03-04 01:23:58
E2024ONA1595,RA10,77.83333333333333,2026-03-04 01:23:58
E2024ONA1595,RA11,81.25,2026-03-04 01:23:58
E2024ONA1595,RA12,75.5,2026-03-04 01:23:58
E2024ONA1595,RA2,76.4375,2026-03-04 01:23:58
E2024ONA1595,RA3,69.375,2026-03-04 01:23:58
E2024ONA1595,RA4,76.25,2026-03-04 01:23:58
E2024ONA1595,RA5,84.25,2026-03-04 01:23:58
E2024ONA1595,RA6,78.9375,2026-03-04 01:23:58
E2024ONA1595,RA7,76.75,2026-03-04 01:23:58
E2024ONA1595,RA9,73.63333333333334,2026-03-04 01:23:58
E2024PWT9041,RA1,73.5,2026-03-04 01:23:58
E2024PWT9041,RA12,73.5,2026-03-04 01:23:58
E2024PWT9041,RA2,66.83333333333333,2026-03-04 01:23:58
E2024PWT9041,RA4,74.5,2026-03-04 01:23:58
E2024PWT9041,RA5,85.0,2026-03-04 01:23:58
E2024PWT9041,RA6,73.25,2026-03-04 01:23:58
E2024PWT9041,RA7,92.5,2026-03-04 01:23:58
E2024PWT9041,RA9,77.1875,2026-03-04 01:23:58
E2024RCF4494,RA1,77.5909090909091,2026-03-04 01:23:58
E2024RCF4494,RA10,80.5,2026-03-04 01:23:58
E2024RCF4494,RA11,77.75,2026-03-04 01:23:58
E2024RCF4494,RA12,77.75,2026-03-04 01:23:58
E2024RCF4494,RA2,69.9375,2026-03-04 01:23:58
E2024RCF4494,RA3,72.25,2026-03-04 01:23:58
E2024RCF4494,RA4,86.5,2026-03-04 01:23:58
E2024RCF4494,RA5,80.5,2026-03-04 01:23:58
E2024RCF4494,RA6,76.9375,2026-03-04 01:23:58
E2024RCF4494,RA7,71.17857142857143,2026-03-04 01:23:58
E2024RCF4494,RA9,74.95,2026-03-04 01:23:58
E2024RJP2865,RA1,83.14285714285714,2026-03-04 01:23:58
E2024RJP2865,RA12,63.0,2026-03-04 01:23:58
E2024RJP2865,RA2,83.66666666666667,2026-03-04 01:23:58
E2024RJP2865,RA4,75.0,2026-03-04 01:23:58
E2024RJP2865,RA5,81.5,2026-03-04 01:23:58
E2024RJP2865,RA6,71.75,2026-03-04 01:23:58
E2024RJP2865,RA7,78.0,2026-03-04 01:23:58
E2024RJP2865,RA9,80.6875,2026-03-04 01:23:58
E2024RJX2302,RA1,75.75,2026-03-04 01:23:58
E2024RJX2302,RA2,66.0,2026-03-04 01:23:58
E2024RJX2302,RA5,76.5,2026-03-04 01:23:58
E2024RJX2302,RA6,84.0,2026-03-04 01:23:58
E2024RJX2302,RA9,77.5,2026-03-04 01:23:58
E2024TCJ1748,RA1,75.52272727272727,2026-03-04 01:23:58
E2024TCJ1748,RA10,77.66666666666667,2026-03-04 01:23:58
E2024TCJ1748,RA11,65.75,2026-03-04 01:23:58
E2024TCJ1748,RA12,75.45833333333333,2026-03-04 01:23:58
E2024TCJ1748,RA2,76.5625,2026-03-04 01:23:58
E2024TCJ1748,RA3,79.0,2026-03-04 01:23:58
E2024TCJ1748,RA4,73.75,2026-03-04 01:23:58
E2024TCJ1748,RA5,60.5,2026-03-04 01:23:58
E2024TCJ1748,RA6,72.9375,2026-03-04 01:23:58
E2024TCJ1748,RA7,73.35714285714286,2026-03-04 01:23:58
E2024TCJ1748,RA9,74.38333333333334,2026-03-04 01:23:58
E2024TRC9906,RA1,73.47727272727273,2026-03-04 01:23:58
E2024TRC9906,RA10,76.16666666666667,2026-03-04 01:23:58
E2024TRC9906,RA11,66.5,2026-03-04 01:23:58
E2024TRC9906,RA12,75.625,2026-03-04 01:23:58
E2024TRC9906,RA2,77.0625,2026-03-04 01:23:58
E2024TRC9906,RA3,70.625,2026-03-04 01:23:58
E2024TRC9906,RA4,69.0,2026-03-04 01:23:58
E2024TRC9906,RA5,84.0,2026-03-04 01:23:58
E2024TRC9906,RA6,72.625,2026-03-04 01:23:58
E2024TRC9906,RA7,73.14285714285714,2026-03-04 01:23:58
E2024TRC9906,RA9,73.48333333333333,2026-03-04 01:23:58
E2024XKG8003,RA1,76.25,2026-03-04 01:23:58
E2024XKG8003,RA10,74.25,2026-03-04 01:23:58
E2024XKG8003,RA11,89.0,2026-03-04 01:23:58
E2024XKG8003,RA12,69.08333333333333,2026-03-04 01:23:58
E2024XKG8003,RA2,70.5,2026-03-04 01:23:58
E2024XKG8003,RA3,70.5,2026-03-04 01:23:58
E2024XKG8003,RA4,72.25,2026-03-04 01:23:58
E2024XKG8003,RA5,79.75,2026-03-04 01:23:58
E2024XKG8003,RA6,77.5625,2026-03-04 01:23:58
E2024XKG8003,RA7,77.96428571428571,2026-03-04 01:23:58
E2024XKG8003,RA9,74.21666666666667,2026-03-04 01:23:58
E2024XUZ0727,RA1,76.75,2026-03-04 01:23:58
E2024XUZ0727,RA10,74.0,2026-03-04 01:23:58
E2024XUZ0727,RA11,85.0,2026-03-04 01:23:58
E2024XUZ0727,RA12,76.5,2026-03-04 01:23:58
E2024XUZ0727,RA2,70.1875,2026-03-04 01:23:58
E2024XUZ0727,RA3,79.625,2026-03-04 01:23:58
E2024XUZ0727,RA4,87.75,2026-03-04 01:23:58
E2024XUZ0727,RA5,77.75,2026-03-04 01:23:58
E2024XUZ0727,RA6,76.3125,2026-03-04 01:23:58
E2024XUZ0727,RA7,73.89285714285714,2026-03-04 01:23:58
E2024XUZ0727,RA9,78.43333333333334,2026-03-04 01:23:58
E2024YKB2768,RA1,73.75,2026-03-04 01:23:58
E2024YKB2768,RA2,62.5,2026-03-04 01:23:58
E2024YKB2768,RA5,65.5,2026-03-04 01:23:58
E2024YKB2768,RA6,86.5,2026-03-04 01:23:58
E2024YKB2768,RA9,73.5,2026-03-04 01:23:58
E2024YRS6543,RA1,78.3409090909091,2026-03-04 01:23:58
E2024YRS6543,RA10,69.83333333333333,2026-03-04 01:23:58
E2024YRS6543,RA11,74.25,2026-03-04 01:23:58
E2024YRS6543,RA12,72.54166666666667,2026-03-04 01:23:58
E2024YRS6543,RA2,76.9375,2026-03-04 01:23:58
E2024YRS6543,RA3,85.125,2026-03-04 01:23:58
E2024YRS6543,RA4,81.25,2026-03-04 01:23:58
E2024YRS6543,RA5,93.5,2026-03-04 01:23:58
E2024YRS6543,RA6,76.5625,2026-03-04 01:23:58
E2024YRS6543,RA7,76.42857142857143,2026-03-04 01:23:58
E2024YRS6543,RA9,75.11666666666666,2026-03-04 01:23:58
E2024YXG3517,RA1,71.72727272727273,2026-03-04 01:23:58
E2024YXG3517,RA10,76.33333333333333,2026-03-04 01:23:58
E2024YXG3517,RA11,82.5,2026-03-04 01:23:58
E2024YXG3517,RA12,80.54166666666667,2026-03-04 01:23:58
E2024YXG3517,RA2,76.25,2026-03-04 01:23:58
E2024YXG3517,RA3,67.5,2026-03-04 01:23:58
E2024YXG3517,RA4,83.5,2026-03-04 01:23:58
E2024YXG3517,RA5,82.0,2026-03-04 01:23:58
E2024YXG3517,RA6,80.3125,2026-03-04 01:23:58
E2024YXG3517,RA7,72.07142857142857,2026-03-04 01:23:58
E2024YXG3517,RA9,76.28333333333333,2026-03-04 01:23:58
E2024ZNF8514,RA1,74.47727272727273,2026-03-04 01:23:58
E2024ZNF8514,RA10,75.25,2026-03-04 01:23:58
E2024ZNF8514,RA11,78.25,2026-03-04 01:23:58
E2024ZNF8514,RA12,73.0,2026-03-04 01:23:58
E2024ZNF8514,RA2,72.9375,2026-03-04 01:23:58
E2024ZNF8514,RA3,75.25,2026-03-04 01:23:58
E2024ZNF8514,RA4,93.25,2026-03-04 01:23:58
E2024ZNF8514,RA5,87.5,2026-03-04 01:23:58
E2024ZNF8514,RA6,75.3125,2026-03-04 01:23:58
E2024ZNF8514,RA7,72.96428571428571,2026-03-04 01:23:58
E2024ZNF8514,RA9,75.21666666666667,2026-03-04 01:23:58
E2024ZQO2827,RA1,83.75,2026-03-04 01:23:58
E2024ZQO2827,RA2,91.5,2026-03-04 01:23:58
E2024ZQO2827,RA5,61.5,2026-03-04 01:23:58
E2024ZQO2827,RA6,85.5,2026-03-04 01:23:58
E2024ZQO2827,RA9,80.5,2026-03-04 01:23:58
E2025AVD8790,RA1,75.36363636363636,2026-03-04 01:23:58
E2025AVD8790,RA10,75.83333333333333,2026-03-04 01:23:58
E2025AVD8790,RA11,71.0,2026-03-04 01:23:58
E2025AVD8790,RA12,72.66666666666667,2026-03-04 01:23:58
E2025AVD8790,RA2,83.625,2026-03-04 01:23:58
E2025AVD8790,RA3,83.5,2026-03-04 01:23:58
E2025AVD8790,RA4,93.5,2026-03-04 01:23:58
E2025AVD8790,RA5,56.5,2026-03-04 01:23:58
E2025AVD8790,RA6,75.375,2026-03-04 01:23:58
E2025AVD8790,RA7,78.21428571428571,2026-03-04 01:23:58
E2025AVD8790,RA9,76.9,2026-03-04 01:23:58
E2025BBA8016,RA1,75.04545454545455,2026-03-04 01:23:58
E2025BBA8016,RA10,76.0,2026-03-04 01:23:58
E2025BBA8016,RA11,75.5,2026-03-04 01:23:58
E2025BBA8016,RA12,81.66666666666667,2026-03-04 01:23:58
E2025BBA8016,RA2,88.875,2026-03-04 01:23:58
E2025BBA8016,RA3,83.25,2026-03-04 01:23:58
E2025BBA8016,RA4,73.5,2026-03-04 01:23:58
E2025BBA8016,RA5,77.0,2026-03-04 01:23:58
E2025BBA8016,RA6,74.0,2026-03-04 01:23:58
E2025BBA8016,RA7,71.28571428571429,2026-03-04 01:23:58
E2025BBA8016,RA9,74.1,2026-03-04 01:23:58
E2025COH2103,RA1,77.68181818181819,2026-03-04 01:23:58
E2025COH2103,RA10,82.33333333333333,2026-03-04 01:23:58
E2025COH2103,RA11,77.0,2026-03-04 01:23:58
E2025COH2103,RA12,65.33333333333333,2026-03-04 01:23:58
E2025COH2103,RA2,78.875,2026-03-04 01:23:58
E2025COH2103,RA3,64.5,2026-03-04 01:23:58
E2025COH2103,RA4,84.0,2026-03-04 01:23:58
E2025COH2103,RA5,64.5,2026-03-04 01:23:58
E2025COH2103,RA6,70.75,2026-03-04 01:23:58
E2025COH2103,RA7,81.14285714285714,2026-03-04 01:23:58
E2025COH2103,RA9,74.96666666666667,2026-03-04 01:23:58
E2025CQQ0874,RA1,73.27272727272727,2026-03-04 01:23:58
E2025CQQ0874,RA10,74.66666666666667,2026-03-04 01:23:58
E2025CQQ0874,RA11,63.0,2026-03-04 01:23:58
E2025CQQ0874,RA12,73.16666666666667,2026-03-04 01:23:58
E2025CQQ0874,RA2,68.875,2026-03-04 01:23:58
E2025CQQ0874,RA3,73.0,2026-03-04 01:23:58
E2025CQQ0874,RA4,90.0,2026-03-04 01:23:58
E2025CQQ0874,RA5,69.0,2026-03-04 01:23:58
E2025CQQ0874,RA6,70.375,2026-03-04 01:23:58
E2025CQQ0874,RA7,73.71428571428571,2026-03-04 01:23:58
E2025CQQ0874,RA9,74.36666666666666,2026-03-04 01:23:58
E2025DMY3281,RA1,74.04545454545455,2026-03-04 01:23:58
E2025DMY3281,RA10,68.83333333333333,2026-03-04 01:23:58
E2025DMY3281,RA11,78.5,2026-03-04 01:23:58
E2025DMY3281,RA12,72.41666666666667,2026-03-04 01:23:58
E2025DMY3281,RA2,68.75,2026-03-04 01:23:58
E2025DMY3281,RA3,68.75,2026-03-04 01:23:58
E2025DMY3281,RA4,78.0,2026-03-04 01:23:58
E2025DMY3281,RA5,82.5,2026-03-04 01:23:58
E2025DMY3281,RA6,78.0,2026-03-04 01:23:58
E2025DMY3281,RA7,67.5,2026-03-04 01:23:58
E2025DMY3281,RA9,77.8,2026-03-04 01:23:58
E2025DWV3624,RA1,73.13636363636364,2026-03-04 01:23:58
E2025DWV3624,RA10,82.33333333333333,2026-03-04 01:23:58
E2025DWV3624,RA11,66.0,2026-03-04 01:23:58
E2025DWV3624,RA12,77.25,2026-03-04 01:23:58
E2025DWV3624,RA2,80.25,2026-03-04 01:23:58
E2025DWV3624,RA3,90.25,2026-03-04 01:23:58
E2025DWV3624,RA4,75.0,2026-03-04 01:23:58
E2025DWV3624,RA5,76.5,2026-03-04 01:23:58
E2025DWV3624,RA6,75.0,2026-03-04 01:23:58
E2025DWV3624,RA7,75.57142857142857,2026-03-04 01:23:58
E2025DWV3624,RA9,75.73333333333333,2026-03-04 01:23:58
E2025ESR8122,RA1,71.68181818181819,2026-03-04 01:23:58
E2025ESR8122,RA10,68.5,2026-03-04 01:23:58
E2025ESR8122,RA11,72.5,2026-03-04 01:23:58
E2025ESR8122,RA12,74.16666666666667,2026-03-04 01:23:58
E2025ESR8122,RA2,73.375,2026-03-04 01:23:58
E2025ESR8122,RA3,75.0,2026-03-04 01:23:58
E2025ESR8122,RA4,70.5,2026-03-04 01:23:58
E2025ESR8122,RA5,70.5,2026-03-04 01:23:58
E2025ESR8122,RA6,72.125,2026-03-04 01:23:58
E2025ESR8122,RA7,77.5,2026-03-04 01:23:58
E2025ESR8122,RA9,76.2,2026-03-04 01:23:58
E2025ETK0679,RA1,67.14285714285714,2026-03-04 01:23:58
E2025ETK0679,RA12,62.5,2026-03-04 01:23:58
E2025ETK0679,RA2,75.83333333333333,2026-03-04 01:23:58
E2025ETK0679,RA4,89.5,2026-03-04 01:23:58
E2025ETK0679,RA5,81.5,2026-03-04 01:23:58
E2025ETK0679,RA6,75.5,2026-03-04 01:23:58
E2025ETK0679,RA7,82.0,2026-03-04 01:23:58
E2025ETK0679,RA9,73.9375,2026-03-04 01:23:58
E2025HRR4687,RA1,81.18181818181819,2026-03-04 01:23:58
E2025HRR4687,RA10,74.16666666666667,2026-03-04 01:23:58
E2025HRR4687,RA11,62.5,2026-03-04 01:23:58
E2025HRR4687,RA12,68.5,2026-03-04 01:23:58
E2025HRR4687,RA2,78.875,2026-03-04 01:23:58
E2025HRR4687,RA3,69.5,2026-03-04 01:23:58
E2025HRR4687,RA4,88.5,2026-03-04 01:23:58
E2025HRR4687,RA5,75.5,2026-03-04 01:23:58
E2025HRR4687,RA6,73.75,2026-03-04 01:23:58
E2025HRR4687,RA7,73.28571428571429,2026-03-04 01:23:58
E2025HRR4687,RA9,74.8,2026-03-04 01:23:58
E2025IDT6508,RA1,72.68181818181819,2026-03-04 01:23:58
E2025IDT6508,RA10,75.5,2026-03-04 01:23:58
E2025IDT6508,RA11,82.5,2026-03-04 01:23:58
E2025IDT6508,RA12,76.0,2026-03-04 01:23:58
E2025IDT6508,RA2,70.625,2026-03-04 01:23:58
E2025IDT6508,RA3,66.75,2026-03-04 01:23:58
E2025IDT6508,RA4,84.0,2026-03-04 01:23:58
E2025IDT6508,RA5,65.5,2026-03-04 01:23:58
E2025IDT6508,RA6,76.5,2026-03-04 01:23:58
E2025IDT6508,RA7,71.57142857142857,2026-03-04 01:23:58
E2025IDT6508,RA9,78.36666666666666,2026-03-04 01:23:58
E2025IRL5597,RA1,73.5909090909091,2026-03-04 01:23:58
E2025IRL5597,RA10,66.5,2026-03-04 01:23:58
E2025IRL5597,RA11,86.0,2026-03-04 01:23:58
E2025IRL5597,RA12,72.41666666666667,2026-03-04 01:23:58
E2025IRL5597,RA2,75.875,2026-03-04 01:23:58
E2025IRL5597,RA3,66.25,2026-03-04 01:23:58
E2025IRL5597,RA4,78.5,2026-03-04 01:23:58
E2025IRL5597,RA5,75.5,2026-03-04 01:23:58
E2025IRL5597,RA6,68.125,2026-03-04 01:23:58
E2025IRL5597,RA7,77.0,2026-03-04 01:23:58
E2025IRL5597,RA9,76.63333333333334,2026-03-04 01:23:58
E2025JRT9728,RA1,72.78571428571429,2026-03-04 01:23:58
E2025JRT9728,RA12,77.5,2026-03-04 01:23:58
E2025JRT9728,RA2,72.33333333333333,2026-03-04 01:23:58
E2025JRT9728,RA4,64.0,2026-03-04 01:23:58
E2025JRT9728,RA5,54.0,2026-03-04 01:23:58
E2025JRT9728,RA6,82.75,2026-03-04 01:23:58
E2025JRT9728,RA7,62.5,2026-03-04 01:23:58
E2025JRT9728,RA9,72.1875,2026-03-04 01:23:58
E2025LFO0798,RA1,72.31818181818181,2026-03-04 01:23:58
E2025LFO0798,RA10,74.5,2026-03-04 01:23:58
E2025LFO0798,RA11,77.5,2026-03-04 01:23:58
E2025LFO0798,RA12,74.75,2026-03-04 01:23:58
E2025LFO0798,RA2,75.125,2026-03-04 01:23:58
E2025LFO0798,RA3,65.75,2026-03-04 01:23:58
E2025LFO0798,RA4,62.5,2026-03-04 01:23:58
E2025LFO0798,RA5,76.0,2026-03-04 01:23:58
E2025LFO0798,RA6,68.375,2026-03-04 01:23:58
E2025LFO0798,RA7,82.78571428571429,2026-03-04 01:23:58
E2025LFO0798,RA9,77.96666666666667,2026-03-04 01:23:58
E2025MAW9469,RA1,73.22727272727273,2026-03-04 01:23:58
E2025MAW9469,RA10,76.83333333333333,2026-03-04 01:23:58
E2025MAW9469,RA11,61.5,2026-03-04 01:23:58
E2025MAW9469,RA12,72.41666666666667,2026-03-04 01:23:58
E2025MAW9469,RA2,73.875,2026-03-04 01:23:58
E2025MAW9469,RA3,70.75,2026-03-04 01:23:58
E2025MAW9469,RA4,99.5,2026-03-04 01:23:58
E2025MAW9469,RA5,61.0,2026-03-04 01:23:58
E2025MAW9469,RA6,67.5,2026-03-04 01:23:58
E2025MAW9469,RA7,75.57142857142857,2026-03-04 01:23:58
E2025MAW9469,RA9,73.03333333333333,2026-03-04 01:23:58
E2025MIU6395,RA1,78.18181818181819,2026-03-04 01:23:58
E2025MIU6395,RA10,72.5,2026-03-04 01:23:58
E2025MIU6395,RA11,77.5,2026-03-04 01:23:58
E2025MIU6395,RA12,78.75,2026-03-04 01:23:58
E2025MIU6395,RA2,78.375,2026-03-04 01:23:58
E2025MIU6395,RA3,78.75,2026-03-04 01:23:58
E2025MIU6395,RA4,68.0,2026-03-04 01:23:58
E2025MIU6395,RA5,92.5,2026-03-04 01:23:58
E2025MIU6395,RA6,83.25,2026-03-04 01:23:58
E2025MIU6395,RA7,84.07142857142857,2026-03-04 01:23:58
E2025MIU6395,RA9,74.76666666666667,2026-03-04 01:23:58
E2025NHI4984,RA1,78.0,2026-03-04 01:23:58
E2025NHI4984,RA12,91.5,2026-03-04 01:23:58
E2025NHI4984,RA2,86.0,2026-03-04 01:23:58
E2025NHI4984,RA4,68.5,2026-03-04 01:23:58
E2025NHI4984,RA5,60.0,2026-03-04 01:23:58
E2025NHI4984,RA6,84.75,2026-03-04 01:23:58
E2025NHI4984,RA7,82.0,2026-03-04 01:23:58
E2025NHI4984,RA9,75.4375,2026-03-04 01:23:58
E2025OJE3772,RA1,74.25,2026-03-04 01:23:58
E2025OJE3772,RA2,73.5,2026-03-04 01:23:58
E2025OJE3772,RA5,76.0,2026-03-04 01:23:58
E2025OJE3772,RA6,65.0,2026-03-04 01:23:58
E2025OJE3772,RA9,78.5,2026-03-04 01:23:58
E2025OJK7085,RA1,76.27272727272727,2026-03-04 01:23:58
E2025OJK7085,RA10,72.0,2026-03-04 01:23:58
E2025OJK7085,RA11,72.0,2026-03-04 01:23:58
E2025OJK7085,RA12,81.08333333333333,2026-03-04 01:23:58
E2025OJK7085,RA2,77.875,2026-03-04 01:23:58
E2025OJK7085,RA3,86.25,2026-03-04 01:23:58
E2025OJK7085,RA4,69.5,2026-03-04 01:23:58
E2025OJK7085,RA5,61.5,2026-03-04 01:23:58
E2025OJK7085,RA6,82.75,2026-03-04 01:23:58
E2025OJK7085,RA7,81.28571428571429,2026-03-04 01:23:58
E2025OJK7085,RA9,77.56666666666666,2026-03-04 01:23:58
E2025RUP9050,RA1,76.72727272727273,2026-03-04 01:23:58
E2025RUP9050,RA10,66.33333333333333,2026-03-04 01:23:58
E2025RUP9050,RA11,82.0,2026-03-04 01:23:58
E2025RUP9050,RA12,66.16666666666667,2026-03-04 01:23:58
E2025RUP9050,RA2,68.875,2026-03-04 01:23:58
E2025RUP9050,RA3,77.5,2026-03-04 01:23:58
E2025RUP9050,RA4,57.5,2026-03-04 01:23:58
E2025RUP9050,RA5,74.5,2026-03-04 01:23:58
E2025RUP9050,RA6,71.375,2026-03-04 01:23:58
E2025RUP9050,RA7,71.28571428571429,2026-03-04 01:23:58
E2025RUP9050,RA9,73.3,2026-03-04 01:23:58
E2025SXY6623,RA1,76.5,2026-03-04 01:23:58
E2025SXY6623,RA2,68.5,2026-03-04 01:23:58
E2025SXY6623,RA5,70.0,2026-03-04 01:23:58
E2025SXY6623,RA6,69.5,2026-03-04 01:23:58
E2025SXY6623,RA9,60.5,2026-03-04 01:23:58
E2025TMO7640,RA1,70.68181818181819,2026-03-04 01:23:58
E2025TMO7640,RA10,71.0,2026-03-04 01:23:58
E2025TMO7640,RA11,56.5,2026-03-04 01:23:58
E2025TMO7640,RA12,84.91666666666667,2026-03-04 01:23:58
E2025TMO7640,RA2,74.25,2026-03-04 01:23:58
E2025TMO7640,RA3,77.75,2026-03-04 01:23:58
E2025TMO7640,RA4,90.5,2026-03-04 01:23:58
E2025TMO7640,RA5,68.0,2026-03-04 01:23:58
E2025TMO7640,RA6,74.625,2026-03-04 01:23:58
E2025TMO7640,RA7,74.57142857142857,2026-03-04 01:23:58
E2025TMO7640,RA9,75.13333333333334,2026-03-04 01:23:58
E2025UIT7691,RA1,80.18181818181819,2026-03-04 01:23:58
E2025UIT7691,RA10,82.16666666666667,2026-03-04 01:23:58
E2025UIT7691,RA11,76.0,2026-03-04 01:23:58
E2025UIT7691,RA12,81.41666666666667,2026-03-04 01:23:58
E2025UIT7691,RA2,77.875,2026-03-04 01:23:58
E2025UIT7691,RA3,81.0,2026-03-04 01:23:58
E2025UIT7691,RA4,58.5,2026-03-04 01:23:58
E2025UIT7691,RA5,60.5,2026-03-04 01:23:58
E2025UIT7691,RA6,74.375,2026-03-04 01:23:58
E2025UIT7691,RA7,70.71428571428571,2026-03-04 01:23:58
E2025UIT7691,RA9,78.86666666666666,2026-03-04 01:23:58
E2025UNF2679,RA1,72.77272727272727,2026-03-04 01:23:58
E2025UNF2679,RA10,81.66666666666667,2026-03-04 01:23:58
E2025UNF2679,RA11,74.0,2026-03-04 01:23:58
E2025UNF2679,RA12,76.83333333333333,2026-03-04 01:23:58
E2025UNF2679,RA2,68.625,2026-03-04 01:23:58
E2025UNF2679,RA3,74.75,2026-03-04 01:23:58
E2025UNF2679,RA4,55.0,2026-03-04 01:23:58
E2025UNF2679,RA5,77.0,2026-03-04 01:23:58
E2025UNF2679,RA6,78.375,2026-03-04 01:23:58
E2025UNF2679,RA7,70.14285714285714,2026-03-04 01:23:58
E2025UNF2679,RA9,74.9,2026-03-04 01:23:58
E2025UVY3385,RA1,78.36363636363636,2026-03-04 01:23:58
E2025UVY3385,RA10,83.66666666666667,2026-03-04 01:23:58
E2025UVY3385,RA11,56.0,2026-03-04 01:23:58
E2025UVY3385,RA12,84.08333333333333,2026-03-04 01:23:58
E2025UVY3385,RA2,83.375,2026-03-04 01:23:58
E2025UVY3385,RA3,78.0,2026-03-04 01:23:58
E2025UVY3385,RA4,84.0,2026-03-04 01:23:58
E2025UVY3385,RA5,61.5,2026-03-04 01:23:58
E2025UVY3385,RA6,77.875,2026-03-04 01:23:58
E2025UVY3385,RA7,76.42857142857143,2026-03-04 01:23:58
E2025UVY3385,RA9,73.46666666666667,2026-03-04 01:23:58
E2025VMQ1084,RA1,75.0,2026-03-04 01:23:58
E2025VMQ1084,RA2,87.0,2026-03-04 01:23:58
E2025VMQ1084,RA5,82.5,2026-03-04 01:23:58
E2025VMQ1084,RA6,77.0,2026-03-04 01:23:58
E2025VMQ1084,RA9,65.0,2026-03-04 01:23:58
E2025VSM2675,RA1,75.5909090909091,2026-03-04 01:23:58
E2025VSM2675,RA10,70.66666666666667,2026-03-04 01:23:58
E2025VSM2675,RA11,69.0,2026-03-04 01:23:58
E2025VSM2675,RA12,78.91666666666667,2026-03-04 01:23:58
E2025VSM2675,RA2,79.25,2026-03-04 01:23:58
E2025VSM2675,RA3,70.75,2026-03-04 01:23:58
E2025VSM2675,RA4,72.0,2026-03-04 01:23:58
E2025VSM2675,RA5,81.5,2026-03-04 01:23:58
E2025VSM2675,RA6,66.375,2026-03-04 01:23:58
E2025VSM2675,RA7,76.21428571428571,2026-03-04 01:23:58
E2025VSM2675,RA9,73.76666666666667,2026-03-04 01:23:58
E2025WFJ8951,RA1,77.86363636363636,2026-03-04 01:23:58
E2025WFJ8951,RA10,80.33333333333333,2026-03-04 01:23:58
E2025WFJ8951,RA11,58.5,2026-03-04 01:23:58
E2025WFJ8951,RA12,71.08333333333333,2026-03-04 01:23:58
E2025WFJ8951,RA2,77.75,2026-03-04 01:23:58
E2025WFJ8951,RA3,66.75,2026-03-04 01:23:58
E2025WFJ8951,RA4,80.5,2026-03-04 01:23:58
E2025WFJ8951,RA5,81.0,2026-03-04 01:23:58
E2025WFJ8951,RA6,77.125,2026-03-04 01:23:58
E2025WFJ8951,RA7,81.07142857142857,2026-03-04 01:23:58
E2025WFJ8951,RA9,72.0,2026-03-04 01:23:58
E2025WOK2562,RA1,76.25,2026-03-04 01:23:58
E2025WOK2562,RA2,76.0,2026-03-04 01:23:58
E2025WOK2562,RA5,68.0,2026-03-04 01:23:58
E2025WOK2562,RA6,74.5,2026-03-04 01:23:58
E2025WOK2562,RA9,70.0,2026-03-04 01:23:58
E2025WWD5715,RA1,60.0,2026-03-04 01:23:58
E2025WWD5715,RA2,88.5,2026-03-04 01:23:58
E2025WWD5715,RA5,77.0,2026-03-04 01:23:58
E2025WWD5715,RA6,87.0,2026-03-04 01:23:58
E2025WWD5715,RA9,93.5,2026-03-04 01:23:58
E2025ZJG2249,RA1,87.0,2026-03-04 01:23:58
E2025ZJG2249,RA2,87.5,2026-03-04 01:23:58
E2025ZJG2249,RA5,65.0,2026-03-04 01:23:58
E2025ZJG2249,RA6,91.5,2026-03-04 01:23:58
E2025ZJG2249,RA9,60.0,2026-03-04 01:23:58
