ID_EST,RA1,RA10,RA11,RA12,RA2,RA3,RA4,RA5,RA6,RA7,RA9,Periodo,PERFIL_Promedio,Nivel,ID_Cohorte,Fecha_corte,desempeño,repitencia,deserción,COMP_C1,COMP_C2,COMP_C3
E2010AKK6566,76.32352941176471,73.37254901960785,69.5,74.68137254901961,75.80882352941177,77.55882352941177,75.8529411764706,75.32352941176471,75.625,74.42436974789916,75.58235294117647,O2026-2,74.9139355742297,PRIMER,O2010-1,2026-03-11 00:26:28,75.35,55,0,74.9139355742297,74.9139355742297,74.9139355742297
E2010AYQ0043,75.08288770053476,76.12745098039215,71.6470588235294,75.01960784313725,73.75,74.1470588235294,80.26470588235294,74.73529411764706,76.15441176470588,73.77731092436974,74.76274509803922,O2026-2,75.04259381438526,PRIMER,O2010-1,2026-03-11 00:26:28,74.85,55,0,75.04259381438526,75.04259381438526,75.04259381438526
E2010CBZ0382,74.83957219251337,77.3921568627451,79.23529411764706,73.12745098039215,76.38970588235294,77.27941176470588,73.47058823529412,71.23529411764706,76.2279411764706,72.68067226890756,75.20980392156862,O2026-2,75.18980832002222,PRIMER,O2010-1,2026-03-11 00:26:29,74.91,55,0,75.18980832002222,75.18980832002222,75.18980832002222
E2010CHS7301,74.17379679144385,73.54901960784314,76.32352941176471,75.49509803921569,75.74264705882354,71.97058823529412,77.05882352941177,76.3529411764706,73.33088235294117,75.30252100840336,74.8529411764706,O2026-2,74.92298076255295,PRIMER,O2010-1,2026-03-11 00:26:29,74.72,55,0,74.92298076255295,74.92298076255295,74.92298076255295
E2010EDT9936,74.41176470588235,72.74509803921569,75.70588235294117,74.95098039215686,75.11764705882354,75.66176470588235,74.61764705882354,76.73529411764706,75.96323529411765,76.05882352941177,74.93333333333334,O2026-2,75.17286096256686,PRIMER,O2010-1,2026-03-11 00:26:30,75.01,55,0,75.17286096256686,75.17286096256686,75.17286096256686
E2010FVC7927,75.69786096256685,74.80392156862744,78.94117647058823,74.23529411764706,75.13235294117646,74.55882352941177,72.29411764705883,72.26470588235294,74.67647058823529,74.71008403361344,74.63529411764706,O2026-2,74.72273653262958,PRIMER,O2010-1,2026-03-11 00:26:30,74.85,55,0,74.72273653262958,74.72273653262958,74.72273653262958
E2010HFC2530,74.6283422459893,75.7843137254902,72.02941176470588,73.95098039215686,76.56617647058823,74.88235294117646,78.23529411764706,78.32352941176471,75.38235294117646,76.06302521008404,73.95686274509804,O2026-2,75.43660381507975,PRIMER,O2010-1,2026-03-11 00:26:31,74.91,55,0,75.43660381507975,75.43660381507975,75.43660381507975
E2010IVO5669,73.62032085561498,75.3921568627451,71.11764705882354,73.7156862745098,75.02941176470588,76.48529411764706,72.88235294117646,74.70588235294117,74.73529411764706,73.9201680672269,73.84117647058824,O2026-2,74.13139917123875,PRIMER,O2010-1,2026-03-11 00:26:31,74.07,55,0,74.13139917123875,74.13139917123875,74.13139917123875
E2010JVO8038,76.4812834224599,74.46078431372548,77.70588235294117,76.08823529411765,74.29411764705883,73.55882352941177,75.23529411764706,76.82352941176471,73.41176470588235,75.1890756302521,75.16470588235295,O2026-2,75.31031784614673,PRIMER,O2010-1,2026-03-11 00:26:32,75.32,55,0,75.31031784614673,75.31031784614673,75.31031784614673
E2010KBD2584,76.97058823529412,75.49019607843137,74.8529411764706,75.62745098039215,74.91911764705883,74.66176470588235,72.82352941176471,73.70588235294117,77.11764705882354,75.97478991596638,75.96470588235294,O2026-2,75.28260122230712,PRIMER,O2010-1,2026-03-11 00:26:32,75.95,55,0,75.28260122230712,75.28260122230712,75.28260122230712
E2010KNC3894,76.00267379679144,73.33333333333333,77.26470588235294,75.5343137254902,74.0220588235294,74.51470588235294,74.6470588235294,74.76470588235294,75.50735294117646,76.6218487394958,74.92745098039215,O2026-2,75.19456443734519,PRIMER,O2010-1,2026-03-11 00:26:33,75.33,55,0,75.19456443734519,75.19456443734519,75.19456443734519
E2010KTH2333,74.60160427807487,71.87254901960785,77.44117647058823,75.18137254901961,75.38970588235294,77.0,76.29411764705883,72.5,74.17647058823529,75.79411764705883,75.49411764705883,O2026-2,75.06774833900502,PRIMER,O2010-1,2026-03-11 00:26:33,75.07,55,0,75.06774833900502,75.06774833900502,75.06774833900502
E2010LJG3512,75.74598930481284,74.26470588235294,79.47058823529412,75.50980392156863,76.61029411764706,71.8970588235294,77.58823529411765,72.26470588235294,74.53676470588235,74.1344537815126,74.6843137254902,O2026-2,75.15517397041462,PRIMER,O2010-1,2026-03-11 00:26:34,75.02,55,0,75.15517397041462,75.15517397041462,75.15517397041462
E2010MDR0388,74.91176470588235,72.34313725490196,74.97058823529412,73.91176470588235,75.46323529411765,77.58823529411765,78.02941176470588,76.94117647058823,73.43382352941177,74.59243697478992,75.46078431372548,O2026-2,75.24057804940158,PRIMER,O2010-1,2026-03-11 00:26:34,74.9,55,0,75.24057804940158,75.24057804940158,75.24057804940158
E2010MNS6990,75.14438502673796,76.33333333333333,68.88235294117646,75.98529411764706,76.76470588235294,75.54411764705883,74.23529411764706,72.11764705882354,73.96323529411765,76.2016806722689,75.11176470588235,O2026-2,74.5712555270042,PRIMER,O2010-1,2026-03-11 00:26:35,75.29,55,0,74.5712555270042,74.5712555270042,74.5712555270042
E2010MTU2272,75.30748663101605,74.51960784313725,76.67647058823529,73.13725490196079,75.40441176470588,75.22058823529412,75.05882352941177,79.82352941176471,74.1470588235294,74.73949579831933,75.3078431372549,O2026-2,75.39477915132994,PRIMER,O2010-1,2026-03-11 00:26:35,74.98,55,0,75.39477915132994,75.39477915132994,75.39477915132994
E2010OSB6155,72.5,,,63.0,88.16666666666667,,86.5,63.5,72.5,63.0,68.5625,O2010-2,72.21614583333334,PRIMER,O2010-1,2026-03-11 00:26:35,72.56,24,0,72.21614583333334,72.21614583333334,72.21614583333334
E2010OXY2559,74.43850267379679,74.72549019607843,76.11764705882354,75.96078431372548,74.07352941176471,76.58823529411765,77.47058823529412,74.32352941176471,74.11029411764706,75.99159663865547,76.14313725490196,O2026-2,75.44939405514272,PRIMER,O2010-1,2026-03-11 00:26:36,75.39,55,0,75.44939405514272,75.44939405514272,75.44939405514272
E2010PDK5211,73.95187165775401,74.77450980392157,74.20588235294117,73.19607843137256,73.66911764705883,75.63235294117646,73.3529411764706,75.97058823529412,73.31617647058823,75.46638655462185,75.83921568627451,O2026-2,74.48864735977035,PRIMER,O2010-1,2026-03-11 00:26:36,74.65,55,0,74.48864735977035,74.48864735977035,74.48864735977035
E2010PKD5438,74.35828877005348,75.84313725490196,72.47058823529412,75.27941176470588,74.48529411764706,73.8529411764706,74.20588235294117,72.26470588235294,73.41176470588235,75.13865546218487,74.90392156862745,O2026-2,74.20132648100561,PRIMER,O2010-1,2026-03-11 00:26:37,74.63,55,0,74.20132648100561,74.20132648100561,74.20132648100561
E2010SHW4495,74.86096256684492,75.70588235294117,74.02941176470588,74.61274509803921,76.25,76.52941176470588,72.73529411764706,75.23529411764706,75.16911764705883,74.78151260504201,74.0921568627451,O2026-2,74.9092535361252,PRIMER,O2010-1,2026-03-11 00:26:37,74.8,55,0,74.9092535361252,74.9092535361252,74.9092535361252
E2010SLN3077,74.16844919786097,75.8529411764706,77.52941176470588,75.20588235294117,74.25735294117646,77.67647058823529,73.47058823529412,74.41176470588235,75.0,73.95378151260505,74.98039215686275,O2026-2,75.13700314836679,PRIMER,O2010-1,2026-03-11 00:26:38,74.81,55,0,75.13700314836679,75.13700314836679,75.13700314836679
E2010TBW6056,74.05347593582887,75.82352941176471,74.94117647058823,75.49509803921569,75.26470588235294,75.79411764705883,73.82352941176471,77.6470588235294,75.625,75.30252100840336,75.00588235294117,O2026-2,75.34328136213162,PRIMER,O2010-1,2026-03-11 00:26:38,75.07,55,0,75.34328136213162,75.34328136213162,75.34328136213162
E2010THD6845,75.024064171123,74.06862745098039,74.05882352941177,74.97058823529412,76.03676470588235,74.27941176470588,79.47058823529412,76.82352941176471,74.72058823529412,75.69327731092437,75.21372549019608,O2026-2,75.48727168553373,PRIMER,O2010-1,2026-03-11 00:26:39,75.22,55,0,75.48727168553373,75.48727168553373,75.48727168553373
E2010UBP9940,75.6951871657754,73.95098039215686,76.97058823529412,75.8921568627451,73.84558823529412,74.77941176470588,76.76470588235294,76.55882352941177,74.6029411764706,73.34033613445378,75.55098039215686,O2026-2,75.26833634280158,PRIMER,O2010-1,2026-03-11 00:26:39,75.09,55,0,75.26833634280158,75.26833634280158,75.26833634280158
E2010WAS6098,75.53475935828877,75.45098039215686,74.88235294117646,74.33333333333333,73.1470588235294,75.25,76.88235294117646,71.88235294117646,76.75735294117646,75.07142857142857,75.6156862745098,O2026-2,74.98251441072296,PRIMER,O2010-1,2026-03-11 00:26:40,75.21,55,0,74.98251441072296,74.98251441072296,74.98251441072296
E2010WNU9695,74.03208556149733,72.95098039215686,73.5,72.0343137254902,75.8970588235294,73.27941176470588,73.47058823529412,74.73529411764706,77.84558823529412,74.77731092436974,74.46470588235294,O2026-2,74.27157615112161,PRIMER,O2010-1,2026-03-11 00:26:40,74.35,55,0,74.27157615112161,74.27157615112161,74.27157615112161
E2010WOI4107,74.11229946524064,73.76470588235294,75.82352941176471,75.37745098039215,78.46323529411765,78.1029411764706,73.3529411764706,76.05882352941177,75.16911764705883,73.4453781512605,73.39019607843137,O2026-2,75.18732898117925,PRIMER,O2010-1,2026-03-11 00:26:41,74.54,55,0,75.18732898117925,75.18732898117925,75.18732898117925
E2010XDA6563,75.02941176470588,73.19607843137256,74.32352941176471,73.33823529411765,75.33088235294117,74.3970588235294,73.67647058823529,79.17647058823529,75.88970588235294,75.5,74.76862745098039,O2026-2,74.96604278074867,PRIMER,O2010-1,2026-03-11 00:26:41,74.83,55,0,74.96604278074867,74.96604278074867,74.96604278074867
E2010XIG2460,74.15508021390374,72.11764705882354,74.44117647058823,74.90686274509804,74.66176470588235,73.70588235294117,71.38235294117646,75.17647058823529,74.91911764705883,73.72689075630252,75.55490196078432,O2026-2,74.06801340370858,PRIMER,O2010-1,2026-03-11 00:26:42,74.5,55,0,74.06801340370858,74.06801340370858,74.06801340370858
E2010XRQ1649,74.524064171123,76.05882352941177,77.0,74.8578431372549,71.91176470588235,76.91176470588235,71.73529411764706,76.52941176470588,76.69117647058823,75.59663865546219,74.77254901960784,O2026-2,75.14448457068778,PRIMER,O2010-1,2026-03-11 00:26:42,74.93,55,0,75.14448457068778,75.14448457068778,75.14448457068778
E2010XSO7097,77.75,,,,61.5,,,64.0,86.5,,82.5,O2010-2,74.45,PRIMER,O2010-1,2026-03-11 00:26:42,75.0,6,0,74.45,74.45,74.45
E2010YUX3186,74.24866310160428,74.22549019607843,71.47058823529412,74.42156862745098,73.65441176470588,74.05882352941177,73.73529411764706,73.1470588235294,76.16176470588235,74.55882352941177,74.99019607843137,O2026-2,74.06115297358612,PRIMER,O2010-1,2026-03-11 00:26:43,74.52,55,0,74.06115297358612,74.06115297358612,74.06115297358612
E2010ZHC9244,75.56684491978609,72.23529411764706,73.17647058823529,73.68137254901961,77.02941176470588,74.75,74.26470588235294,77.70588235294117,74.97058823529412,74.42857142857143,75.74901960784314,O2026-2,74.86892376785426,PRIMER,O2010-1,2026-03-11 00:26:43,75.09,55,0,74.86892376785426,74.86892376785426,74.86892376785426
E2010ZVT7886,74.64438502673796,75.11764705882354,76.08823529411765,75.3921568627451,73.6029411764706,71.32352941176471,76.55882352941177,69.91176470588235,75.16911764705883,75.47058823529412,75.88235294117646,O2026-2,74.46923108086209,PRIMER,O2010-1,2026-03-11 00:26:44,75.01,55,0,74.46923108086209,74.46923108086209,74.46923108086209
E2011ATR5767,75.07954545454545,74.21875,73.5625,74.64583333333333,73.578125,76.234375,70.71875,75.125,74.7734375,74.58035714285714,74.66875,O2026-2,74.28958394824872,PRIMER,O2011-1,2026-03-11 00:26:44,74.61,55,0,74.28958394824872,74.28958394824872,74.28958394824872
E2011BUV3997,74.10795454545455,72.91666666666667,77.5,74.484375,72.9296875,76.578125,72.96875,77.84375,75.703125,76.82142857142857,75.19791666666667,O2026-2,75.18652535911059,PRIMER,O2011-1,2026-03-11 00:26:45,74.96,55,0,75.18652535911059,75.18652535911059,75.18652535911059
E2011BVO6935,80.75,,,,67.0,,,89.5,73.0,,58.5,O2011-2,73.75,PRIMER,O2011-1,2026-03-11 00:26:45,74.92,6,0,73.75,73.75,73.75
E2011BYA6638,74.75,73.07291666666667,76.0,72.734375,74.7109375,73.4375,77.21875,72.65625,75.4296875,74.55357142857143,75.46041666666666,O2026-2,74.54767316017318,PRIMER,O2011-1,2026-03-11 00:26:45,74.64,55,0,74.54767316017318,74.54767316017318,74.54767316017318
E2011CQT7308,73.86647727272727,76.54166666666667,71.9375,75.02604166666667,72.734375,76.5625,76.84375,75.46875,75.6796875,74.27678571428571,74.85,O2026-2,74.88977580184967,PRIMER,O2011-1,2026-03-11 00:26:46,74.66,55,0,74.88977580184967,74.88977580184967,74.88977580184967
E2011DXE8645,73.5340909090909,74.01041666666667,80.09375,73.92708333333333,75.6640625,73.15625,70.40625,70.96875,73.4296875,74.89732142857143,74.58541666666666,O2026-2,74.06118900039354,PRIMER,O2011-1,2026-03-11 00:26:46,74.21,55,0,74.06118900039354,74.06118900039354,74.06118900039354
E2011EIE2211,75.92045454545455,75.76041666666667,74.78125,72.63541666666667,74.953125,74.125,72.0,72.6875,75.0625,75.78125,75.38333333333334,O2026-2,74.46274965564739,PRIMER,O2011-1,2026-03-11 00:26:47,75.04,55,0,74.46274965564739,74.46274965564739,74.46274965564739
E2011FYZ2736,74.86931818181819,74.28125,72.8125,74.48958333333333,74.921875,79.109375,78.125,73.53125,73.890625,75.14732142857143,76.1125,O2026-2,75.20823617670209,PRIMER,O2011-1,2026-03-11 00:26:47,75.25,55,0,75.20823617670209,75.20823617670209,75.20823617670209
E2011GXL4806,75.23863636363636,76.01041666666667,71.5625,76.453125,75.140625,76.875,76.75,74.78125,74.359375,75.64732142857143,75.87083333333334,O2026-2,75.33537116292797,PRIMER,O2011-1,2026-03-11 00:26:48,75.58,55,0,75.33537116292797,75.33537116292797,75.33537116292797
E2011IAM2840,74.46875,76.0625,73.09375,76.234375,74.46875,79.046875,78.0625,73.4375,73.7734375,75.53571428571429,75.225,O2026-2,75.40083198051948,PRIMER,O2011-1,2026-03-11 00:26:48,75.23,55,0,75.40083198051948,75.40083198051948,75.40083198051948
E2011IGH0726,74.79261363636364,76.5625,71.125,75.49479166666667,73.265625,73.609375,74.78125,74.9375,76.7890625,75.04017857142857,74.92916666666666,O2026-2,74.66609664010231,PRIMER,O2011-1,2026-03-11 00:26:49,74.96,55,0,74.66609664010231,74.66609664010231,74.66609664010231
E2011ITS6344,72.79545454545455,76.27083333333333,72.75,73.796875,74.28125,75.28125,75.84375,71.90625,77.78125,74.74553571428571,75.72083333333333,O2026-2,74.65211653876426,PRIMER,O2011-1,2026-03-11 00:26:49,74.74,55,0,74.65211653876426,74.65211653876426,74.65211653876426
E2011LCN2548,74.19886363636364,72.77083333333333,78.03125,75.10416666666667,75.453125,72.859375,76.59375,75.78125,76.4765625,72.88392857142857,76.39791666666666,O2026-2,75.14100194313262,PRIMER,O2011-1,2026-03-11 00:26:50,75.0,55,0,75.14100194313262,75.14100194313262,75.14100194313262
E2011MLO1438,74.23863636363636,72.97916666666667,82.0,76.140625,75.4765625,78.9375,74.59375,73.4375,75.6796875,73.77678571428571,75.79583333333333,O2026-2,75.73236791617472,PRIMER,O2011-1,2026-03-11 00:26:50,75.24,55,0,75.73236791617472,75.73236791617472,75.73236791617472
E2011MMU4609,74.99431818181819,75.58333333333333,78.78125,74.484375,76.2890625,75.359375,72.0,75.1875,77.0234375,75.51339285714286,75.13333333333334,O2026-2,75.48630706414798,PRIMER,O2011-1,2026-03-11 00:26:51,75.35,55,0,75.48630706414798,75.48630706414798,75.48630706414798
E2011MWS6559,74.30113636363636,75.16666666666667,72.375,75.39583333333333,73.3984375,73.71875,75.1875,76.53125,76.8984375,75.52678571428571,75.10208333333334,O2026-2,74.87289821920503,PRIMER,O2011-1,2026-03-11 00:26:51,74.97,55,0,74.87289821920503,74.87289821920503,74.87289821920503
E2011NHC0800,75.47727272727273,74.78125,72.4375,75.56770833333333,74.546875,74.625,73.15625,77.28125,77.1484375,75.39285714285714,76.2375,O2026-2,75.15017279122391,PRIMER,O2011-1,2026-03-11 00:26:52,75.6,55,0,75.15017279122391,75.15017279122391,75.15017279122391
E2011PLA6265,74.3465909090909,76.40625,76.78125,75.84895833333333,75.578125,74.78125,74.5,72.71875,77.0546875,74.79910714285714,76.525,O2026-2,75.39454262593466,PRIMER,O2011-1,2026-03-11 00:26:52,75.59,55,0,75.39454262593466,75.39454262593466,75.39454262593466
E2011POU7574,74.29829545454545,78.1875,69.3125,75.15625,74.8125,78.921875,77.71875,73.0625,76.015625,75.42410714285714,76.18958333333333,O2026-2,75.37268053915781,PRIMER,O2011-1,2026-03-11 00:26:53,75.54,55,0,75.37268053915781,75.37268053915781,75.37268053915781
E2011QNV7096,74.6846590909091,76.08333333333333,69.9375,74.046875,76.5703125,74.546875,70.3125,76.1875,73.9921875,74.67410714285714,74.99166666666666,O2026-2,74.18431965761512,PRIMER,O2011-1,2026-03-11 00:26:53,74.72,55,0,74.18431965761512,74.18431965761512,74.18431965761512
E2011RAS2263,70.71428571428571,,,97.5,75.33333333333333,,71.0,66.0,74.75,65.5,77.0625,O2011-2,74.73251488095238,PRIMER,O2011-1,2026-03-11 00:26:53,74.46,24,0,74.73251488095238,74.73251488095238,74.73251488095238
E2011RJV6241,75.39488636363636,73.40625,78.625,76.625,74.8359375,72.8125,74.15625,72.75,73.5859375,74.49553571428571,75.42083333333333,O2026-2,74.73710276465958,PRIMER,O2011-1,2026-03-11 00:26:54,75.04,55,0,74.73710276465958,74.73710276465958,74.73710276465958
E2011RVP0273,74.45170454545455,75.55208333333333,78.40625,75.5625,74.0703125,75.71875,73.9375,76.5,76.59375,74.96875,75.33125,O2026-2,75.55389548898071,PRIMER,O2011-1,2026-03-11 00:26:54,75.21,55,0,75.55389548898071,75.55389548898071,75.55389548898071
E2011SVD1086,76.17613636363636,76.5,73.96875,73.88541666666667,74.1640625,74.234375,72.96875,73.84375,73.640625,75.07589285714286,75.24375,O2026-2,74.51831894431326,PRIMER,O2011-1,2026-03-11 00:26:54,75.01,55,0,74.51831894431326,74.51831894431326,74.51831894431326
E2011TCM9399,74.57670454545455,73.27083333333333,78.59375,74.921875,77.328125,77.234375,72.5625,70.78125,75.1328125,75.58928571428571,74.57916666666667,O2026-2,74.96097070543092,PRIMER,O2011-1,2026-03-11 00:26:55,74.98,55,0,74.96097070543092,74.96097070543092,74.96097070543092
E2011TSA6588,74.00568181818181,76.16666666666667,75.375,77.08854166666667,74.015625,73.1875,72.96875,77.21875,73.09375,73.47321428571429,75.53958333333334,O2026-2,74.73936934277845,PRIMER,O2011-1,2026-03-11 00:26:55,74.78,55,0,74.73936934277845,74.73936934277845,74.73936934277845
E2011TSI3350,74.79545454545455,76.47916666666667,73.53125,74.72916666666667,74.359375,75.71875,77.875,76.6875,75.8671875,74.71428571428571,75.98958333333333,O2026-2,75.52242903876426,PRIMER,O2011-1,2026-03-11 00:26:56,75.34,55,0,75.52242903876426,75.52242903876426,75.52242903876426
E2011TWY0852,74.74431818181819,75.08333333333333,72.15625,73.34375,75.578125,74.234375,79.0,76.5,76.0078125,75.0,74.70625,O2026-2,75.12311036501377,PRIMER,O2011-1,2026-03-11 00:26:56,74.83,55,0,75.12311036501377,75.12311036501377,75.12311036501377
E2011TYS6921,75.60511363636364,75.28125,73.34375,75.67708333333333,75.8046875,75.390625,72.46875,75.34375,74.7578125,73.36607142857143,75.14375,O2026-2,74.74387667256985,PRIMER,O2011-1,2026-03-11 00:26:57,75.03,55,0,74.74387667256985,74.74387667256985,74.74387667256985
E2011VAE0868,74.82386363636364,73.30208333333333,75.84375,75.16145833333333,75.8125,77.734375,76.5625,71.90625,73.0703125,74.55803571428571,75.25208333333333,O2026-2,74.91156471369538,PRIMER,O2011-1,2026-03-11 00:26:57,74.91,55,0,74.91156471369538,74.91156471369538,74.91156471369538
E2011VZT9607,75.05681818181819,75.89583333333333,76.4375,75.77604166666667,77.4140625,77.28125,72.28125,80.84375,75.1796875,73.26785714285714,76.04791666666667,O2026-2,75.952906090122,PRIMER,O2011-1,2026-03-11 00:26:58,75.56,55,0,75.952906090122,75.952906090122,75.952906090122
E2011WIP2982,74.53125,74.75,72.71875,75.97395833333333,75.5859375,75.21875,77.5625,79.59375,73.4765625,75.42410714285714,75.14583333333333,O2026-2,75.45285443722943,PRIMER,O2011-1,2026-03-11 00:26:58,75.12,55,0,75.45285443722943,75.45285443722943,75.45285443722943
E2011XEI4721,74.07102272727273,73.4375,72.75,74.27604166666667,75.2109375,75.625,71.21875,74.3125,77.0703125,76.37946428571429,74.31458333333333,O2026-2,74.42419200118064,PRIMER,O2011-1,2026-03-11 00:26:59,74.71,55,0,74.42419200118064,74.42419200118064,74.42419200118064
E2011YFY1565,74.82102272727273,75.6875,66.59375,72.19270833333333,74.53125,75.203125,73.4375,80.625,74.2109375,75.64285714285714,75.13125,O2026-2,74.37062733667847,PRIMER,O2011-1,2026-03-11 00:26:59,74.65,55,0,74.37062733667847,74.37062733667847,74.37062733667847
E2011ZIV9138,76.05681818181819,74.40625,76.46875,75.09895833333333,74.3125,75.203125,78.53125,78.21875,76.1171875,75.83482142857143,73.80625,O2026-2,75.82315094942936,PRIMER,O2011-1,2026-03-11 00:27:00,75.16,55,0,75.82315094942936,75.82315094942936,75.82315094942936
E2012BEN7631,74.73939393939393,73.45555555555555,73.1,74.27222222222223,75.625,72.95,76.5,75.43333333333334,76.54166666666667,76.32380952380953,74.62444444444445,O2026-2,74.8695841532205,PRIMER,O2012-1,2026-03-11 00:27:00,74.93,55,0,74.8695841532205,74.8695841532205,74.8695841532205
E2012BKR1953,75.27272727272727,73.7,71.06666666666666,75.24444444444444,73.85833333333333,75.75,73.8,73.1,77.375,74.5904761904762,74.92,O2026-2,74.42524071887708,PRIMER,O2012-1,2026-03-11 00:27:00,74.93,55,0,74.42524071887708,74.42524071887708,74.42524071887708
E2012CII0806,75.14242424242424,75.08888888888889,75.1,73.92777777777778,73.98333333333333,73.71666666666667,74.2,74.5,75.03333333333333,74.55714285714286,73.55333333333333,O2026-2,74.43662731208184,PRIMER,O2012-1,2026-03-11 00:27:01,74.33,55,0,74.43662731208184,74.43662731208184,74.43662731208184
E2012CIK2520,75.14848484848486,77.18888888888888,73.6,76.5,72.18333333333334,75.53333333333333,72.83333333333333,73.56666666666666,74.78333333333333,75.35714285714286,76.19777777777777,O2026-2,74.8083903974813,PRIMER,O2012-1,2026-03-11 00:27:01,75.39,55,0,74.8083903974813,74.8083903974813,74.8083903974813
E2012CWB0390,75.01515151515152,78.02222222222223,72.33333333333333,74.49444444444444,76.30833333333334,75.2,75.76666666666667,71.9,76.94166666666666,74.21904761904761,76.25555555555556,O2026-2,75.13240194149286,PRIMER,O2012-1,2026-03-11 00:27:02,75.51,55,0,75.13240194149286,75.13240194149286,75.13240194149286
E2012DSI6025,75.23030303030303,74.91111111111111,75.26666666666667,75.16666666666667,73.79166666666667,75.7,75.5,73.4,74.50833333333334,74.70952380952382,74.77333333333333,O2026-2,74.81432769250951,PRIMER,O2012-1,2026-03-11 00:27:02,74.85,55,0,74.81432769250951,74.81432769250951,74.81432769250951
E2012DYM9745,75.35757575757576,74.23333333333333,77.43333333333334,76.0,74.36666666666666,68.96666666666667,75.63333333333334,73.43333333333334,76.325,75.34761904761905,75.52444444444444,O2026-2,74.78375508330055,PRIMER,O2012-1,2026-03-11 00:27:03,75.18,55,0,74.78375508330055,74.78375508330055,74.78375508330055
E2012GNY2419,75.94242424242424,74.75555555555556,79.53333333333333,75.13888888888889,75.58333333333333,74.6,77.03333333333333,72.6,74.41666666666667,73.57619047619048,75.34222222222222,O2026-2,75.32017709563162,PRIMER,O2012-1,2026-03-11 00:27:03,75.16,55,0,75.32017709563162,75.32017709563162,75.32017709563162
E2012JKG9549,76.2939393939394,75.95555555555555,73.8,73.05,73.5,70.38333333333334,75.8,73.23333333333333,75.63333333333334,75.36190476190477,75.25777777777778,O2026-2,74.38810704447066,PRIMER,O2012-1,2026-03-11 00:27:03,74.94,55,0,74.38810704447066,74.38810704447066,74.38810704447066
E2012JKU3194,74.72727272727273,74.7,74.1,75.46666666666667,74.8,76.6,78.1,74.56666666666666,76.29166666666667,76.4095238095238,73.88888888888889,O2026-2,75.42278958415321,PRIMER,O2012-1,2026-03-11 00:27:04,75.03,55,0,75.42278958415321,75.42278958415321,75.42278958415321
E2012LEM9632,75.2030303030303,75.0111111111111,76.83333333333333,75.4888888888889,75.5,75.9,72.06666666666666,71.4,74.75833333333334,75.33809523809524,74.94,O2026-2,74.7672235340417,PRIMER,O2012-1,2026-03-11 00:27:04,75.09,55,0,74.7672235340417,74.7672235340417,74.7672235340417
E2012LMY8062,74.77272727272727,76.02222222222223,75.63333333333334,75.60555555555555,75.00833333333334,75.7,74.83333333333333,77.3,76.475,74.53809523809524,73.79555555555555,O2026-2,75.42583234946872,PRIMER,O2012-1,2026-03-11 00:27:05,74.87,55,0,75.42583234946872,75.42583234946872,75.42583234946872
E2012LSM1037,76.28787878787878,74.52222222222223,76.93333333333334,75.17222222222222,73.79166666666667,75.95,74.16666666666667,75.86666666666666,74.39166666666667,75.61428571428571,74.9888888888889,O2026-2,75.24413616686344,PRIMER,O2012-1,2026-03-11 00:27:05,75.26,55,0,75.24413616686344,75.24413616686344,75.24413616686344
E2012LWP3546,74.95151515151515,76.81111111111112,80.63333333333334,74.90555555555555,75.58333333333333,75.36666666666666,79.86666666666666,72.53333333333333,74.79166666666667,74.8,73.99111111111111,O2026-2,75.83948117539025,PRIMER,O2012-1,2026-03-11 00:27:06,74.96,55,0,75.83948117539025,75.83948117539025,75.83948117539025
E2012MTJ3844,74.24242424242425,73.06666666666666,69.63333333333334,75.46666666666667,76.43333333333334,74.05,75.73333333333333,72.9,74.06666666666666,72.82857142857142,74.60666666666667,O2026-2,73.9116056670602,PRIMER,O2012-1,2026-03-11 00:27:06,74.29,55,0,73.9116056670602,73.9116056670602,73.9116056670602
E2012MWJ9292,74.77272727272727,75.15555555555555,78.26666666666667,75.66111111111111,73.96666666666667,77.33333333333333,78.06666666666666,75.13333333333334,75.1,75.5,75.92666666666666,O2026-2,75.89842975206612,PRIMER,O2012-1,2026-03-11 00:27:06,75.49,55,0,75.89842975206612,75.89842975206612,75.89842975206612
E2012MYT3062,75.85151515151514,72.33333333333333,73.1,76.63888888888889,75.5,76.81666666666666,75.93333333333334,70.7,76.025,76.84761904761905,74.91111111111111,O2026-2,74.96886068476978,PRIMER,O2012-1,2026-03-11 00:27:07,75.5,55,0,74.96886068476978,74.96886068476978,74.96886068476978
E2012NDU6175,73.15454545454546,75.78888888888889,73.46666666666667,75.96666666666667,76.425,76.01666666666667,75.36666666666666,75.66666666666667,74.26666666666667,75.46190476190476,73.81333333333333,O2026-2,75.03578840351567,PRIMER,O2012-1,2026-03-11 00:27:07,74.59,55,0,75.03578840351567,75.03578840351567,75.03578840351567
E2012PVC4707,75.07142857142857,,,75.5,66.33333333333333,,76.5,75.0,77.5,88.0,76.4375,O2012-2,76.29278273809524,PRIMER,O2012-1,2026-03-11 00:27:07,75.25,24,0,76.29278273809524,76.29278273809524,76.29278273809524
E2012QBS9904,73.4090909090909,76.95555555555555,77.96666666666667,76.97222222222223,75.38333333333334,73.03333333333333,75.8,75.13333333333334,75.14166666666667,74.53809523809524,75.20666666666666,O2026-2,75.41272399317855,PRIMER,O2012-1,2026-03-11 00:27:08,75.04,55,0,75.41272399317855,75.41272399317855,75.41272399317855
E2012QBT5305,73.35454545454546,75.4888888888889,74.3,73.68333333333334,76.75,74.58333333333333,73.16666666666667,79.06666666666666,76.5,75.32857142857142,73.95111111111112,O2026-2,75.10664698937427,PRIMER,O2012-1,2026-03-11 00:27:08,74.56,55,0,75.10664698937427,75.10664698937427,75.10664698937427
E2012QNK6167,66.25,,,,90.0,,,81.0,93.0,,77.0,O2012-2,81.45,PRIMER,O2012-1,2026-03-11 00:27:08,78.92,6,0,81.45,81.45,81.45
E2012QOR9177,74.93333333333334,76.65555555555555,74.36666666666666,75.05,74.35833333333333,74.66666666666667,74.06666666666666,75.23333333333333,76.075,75.73333333333333,75.74888888888889,O2026-2,75.17161616161617,PRIMER,O2012-1,2026-03-11 00:27:09,75.38,55,0,75.17161616161617,75.17161616161617,75.17161616161617
E2012TFY8082,73.0060606060606,74.77777777777777,73.6,74.63333333333334,75.04166666666667,73.78333333333333,78.56666666666666,78.36666666666666,74.08333333333333,75.22857142857143,74.26444444444445,O2026-2,75.03198675062312,PRIMER,O2012-1,2026-03-11 00:27:09,74.37,55,0,75.03198675062312,75.03198675062312,75.03198675062312
E2012TSG8435,75.36363636363636,74.86666666666666,74.76666666666667,75.98333333333333,75.76666666666667,70.75,71.8,73.9,73.51666666666667,73.43333333333334,76.69555555555556,O2026-2,74.25841138659321,PRIMER,O2012-1,2026-03-11 00:27:10,75.15,55,0,74.25841138659321,74.25841138659321,74.25841138659321
E2012UDB0700,74.63636363636364,74.75555555555556,76.0,73.71666666666667,74.56666666666666,74.0,74.9,73.96666666666667,74.41666666666667,74.11904761904762,75.62666666666667,O2026-2,74.60948183130002,PRIMER,O2012-1,2026-03-11 00:27:10,74.72,55,0,74.60948183130002,74.60948183130002,74.60948183130002
E2012UZJ3247,75.6969696969697,74.85555555555555,76.16666666666667,76.09444444444445,74.125,76.53333333333333,67.56666666666666,72.26666666666667,73.68333333333334,74.7,74.36888888888889,O2026-2,74.18704775022958,PRIMER,O2012-1,2026-03-11 00:27:10,74.77,55,0,74.18704775022958,74.18704775022958,74.18704775022958
E2012VCW1271,75.36060606060606,73.81111111111112,74.63333333333334,77.43333333333334,74.2,73.58333333333333,75.0,74.26666666666667,74.49166666666666,76.47142857142858,75.51777777777778,O2026-2,74.97902335038698,PRIMER,O2012-1,2026-03-11 00:27:11,75.43,55,0,74.97902335038698,74.97902335038698,74.97902335038698
E2012VPS2952,74.21212121212122,74.18888888888888,72.46666666666667,74.9,76.09166666666667,73.75,76.96666666666667,74.73333333333333,74.075,75.06190476190476,74.83555555555556,O2026-2,74.66198215925489,PRIMER,O2012-1,2026-03-11 00:27:11,74.7,55,0,74.66198215925489,74.66198215925489,74.66198215925489
E2012WNP9478,75.35757575757576,75.21111111111111,77.46666666666667,75.38333333333334,75.55833333333334,78.81666666666666,73.4,77.23333333333333,74.7,74.83809523809524,74.5111111111111,O2026-2,75.67965695920242,PRIMER,O2012-1,2026-03-11 00:27:12,75.18,55,0,75.67965695920242,75.67965695920242,75.67965695920242
E2012XCZ0376,74.78181818181818,74.65555555555555,72.66666666666667,73.16111111111111,74.91666666666667,74.7,72.63333333333334,76.2,75.46666666666667,74.14761904761905,74.73555555555555,O2026-2,74.36954479863572,PRIMER,O2012-1,2026-03-11 00:27:12,74.51,55,0,74.36954479863572,74.36954479863572,74.36954479863572
E2012XSA0016,74.69393939393939,77.28888888888889,72.66666666666667,75.15,73.24166666666666,74.16666666666667,70.56666666666666,78.16666666666667,75.88333333333334,75.23809523809524,74.04666666666667,O2026-2,74.6462960776597,PRIMER,O2012-1,2026-03-11 00:27:13,74.69,55,0,74.6462960776597,74.6462960776597,74.6462960776597
E2012YBQ3669,75.06666666666666,73.53333333333333,68.83333333333333,75.06666666666666,75.39166666666667,77.7,75.4,70.83333333333333,74.04166666666667,76.53809523809524,75.81111111111112,O2026-2,74.38326118326118,PRIMER,O2012-1,2026-03-11 00:27:13,75.23,55,0,74.38326118326118,74.38326118326118,74.38326118326118
E2012YHL1992,75.64545454545454,73.84444444444445,79.56666666666666,75.58888888888889,75.775,76.0,74.7,77.63333333333334,72.15,75.68571428571428,75.74444444444444,O2026-2,75.66672241899515,PRIMER,O2012-1,2026-03-11 00:27:13,75.43,55,0,75.66672241899515,75.66672241899515,75.66672241899515
E2012YLT9698,75.51212121212122,76.36666666666666,75.53333333333333,74.7,74.76666666666667,71.96666666666667,71.03333333333333,70.66666666666667,74.61666666666666,75.28095238095239,75.30666666666667,O2026-2,74.15906729634003,PRIMER,O2012-1,2026-03-11 00:27:14,74.97,55,0,74.15906729634003,74.15906729634003,74.15906729634003
E2013AWC3075,74.24025974025975,75.58333333333333,73.71428571428571,74.39880952380952,76.5625,75.80357142857143,73.82142857142857,76.64285714285714,73.88392857142857,76.92857142857143,75.52142857142857,O2026-2,75.19099763872492,PRIMER,O2013-1,2026-03-11 00:27:14,75.25,55,0,75.19099763872492,75.19099763872492,75.19099763872492
E2013BAP9216,74.38636363636364,76.23809523809524,74.53571428571429,74.56547619047619,74.11607142857143,74.30357142857143,74.28571428571429,76.60714285714286,75.03571428571429,75.09183673469387,75.07857142857142,O2026-2,74.9312974363299,PRIMER,O2013-1,2026-03-11 00:27:15,74.85,55,0,74.9312974363299,74.9312974363299,74.9312974363299
E2013BVE9930,76.3538961038961,73.01190476190476,77.21428571428571,73.5952380952381,76.05357142857143,75.21428571428571,77.85714285714286,75.92857142857143,76.13392857142857,75.02551020408163,76.2,O2026-2,75.68984862540059,PRIMER,O2013-1,2026-03-11 00:27:15,75.62,55,0,75.68984862540059,75.68984862540059,75.68984862540059
E2013BYL8552,75.03246753246754,73.52380952380952,78.78571428571429,75.72619047619048,76.6875,74.82142857142857,73.5,76.92857142857143,73.25,75.79081632653062,75.65238095238095,O2026-2,75.42717082700848,PRIMER,O2013-1,2026-03-11 00:27:15,75.35,55,0,75.42717082700848,75.42717082700848,75.42717082700848
E2013BYY5995,75.1396103896104,74.96428571428571,78.67857142857143,74.45833333333333,73.4375,72.42857142857143,80.78571428571429,76.46428571428571,76.72321428571429,74.53571428571429,74.82857142857142,O2026-2,75.67676111767022,PRIMER,O2013-1,2026-03-11 00:27:16,74.98,55,0,75.67676111767022,75.67676111767022,75.67676111767022
E2013DVD9245,75.15584415584415,76.4047619047619,78.42857142857143,75.33333333333333,74.94642857142857,77.51785714285714,72.71428571428571,72.92857142857143,74.30357142857143,75.58163265306122,76.24761904761905,O2026-2,75.4147706189914,PRIMER,O2013-1,2026-03-11 00:27:16,75.58,55,0,75.4147706189914,75.4147706189914,75.4147706189914
E2013EKJ9655,74.53571428571429,73.64285714285714,76.46428571428571,74.95238095238095,75.21428571428571,75.41071428571429,75.82142857142857,73.96428571428571,75.14285714285714,73.40816326530613,75.3,O2026-2,74.89608843537414,PRIMER,O2013-1,2026-03-11 00:27:17,74.77,55,0,74.89608843537414,74.89608843537414,74.89608843537414
E2013ENZ1542,75.0487012987013,74.54761904761905,74.53571428571429,74.32142857142857,75.36607142857143,73.05357142857143,76.07142857142857,73.21428571428571,76.875,73.86224489795919,72.88095238095238,O2026-2,74.52518342047563,PRIMER,O2013-1,2026-03-11 00:27:17,74.26,55,0,74.52518342047563,74.52518342047563,74.52518342047563
E2013FIY7217,73.95454545454545,73.52380952380952,71.46428571428571,73.5297619047619,75.16964285714286,72.98214285714286,72.71428571428571,79.28571428571429,75.02678571428571,74.21938775510205,74.96666666666667,O2026-2,74.25791167706751,PRIMER,O2013-1,2026-03-11 00:27:17,74.35,55,0,74.25791167706751,74.25791167706751,74.25791167706751
E2013FRO1816,74.99025974025975,73.21428571428571,69.89285714285714,74.7797619047619,75.51785714285714,74.85714285714286,77.25,72.25,74.42857142857143,76.4234693877551,75.98571428571428,O2026-2,74.5081745094732,PRIMER,O2013-1,2026-03-11 00:27:18,75.22,55,0,74.5081745094732,74.5081745094732,74.5081745094732
E2013FYX9700,74.43831168831169,76.20238095238095,77.67857142857143,73.19642857142857,74.28571428571429,75.08928571428571,74.64285714285714,72.57142857142857,73.50892857142857,75.90816326530613,74.8452380952381,O2026-2,74.76066438972283,PRIMER,O2013-1,2026-03-11 00:27:18,74.67,55,0,74.76066438972283,74.76066438972283,74.76066438972283
E2013GOG5470,75.21428571428571,74.67857142857143,75.71428571428571,76.07142857142857,76.09821428571429,69.10714285714286,70.67857142857143,76.92857142857143,73.74107142857143,76.48979591836735,74.67380952380952,O2026-2,74.49052257266543,PRIMER,O2013-1,2026-03-11 00:27:19,74.99,55,0,74.49052257266543,74.49052257266543,74.49052257266543
E2013JHZ6718,76.45779220779221,73.9047619047619,72.71428571428571,74.96428571428571,76.61607142857143,74.67857142857143,75.46428571428571,74.64285714285714,76.15178571428571,74.58163265306122,74.8952380952381,O2026-2,75.00650615618147,PRIMER,O2013-1,2026-03-11 00:27:19,75.3,55,0,75.00650615618147,75.00650615618147,75.00650615618147
E2013KFK2244,77.0,,,75.5,68.5,,83.0,64.0,77.75,86.0,79.0625,O2013-2,76.3515625,PRIMER,O2013-1,2026-03-11 00:27:19,76.71,24,0,76.3515625,76.3515625,76.3515625
E2013LKX3162,78.75,,,,71.5,,,69.0,69.5,,63.0,O2013-2,70.35,PRIMER,O2013-1,2026-03-11 00:27:19,71.75,6,0,70.35,70.35,70.35
E2013MNC3309,74.51623376623377,75.16666666666667,69.17857142857143,76.29166666666667,74.76785714285714,74.78571428571429,67.67857142857143,69.78571428571429,76.4375,76.88775510204081,76.87857142857143,O2026-2,73.85225656378256,PRIMER,O2013-1,2026-03-11 00:27:20,75.55,55,0,73.85225656378256,73.85225656378256,73.85225656378256
E2013NQO3562,74.00649350649351,77.29761904761905,79.67857142857143,74.55952380952381,74.86607142857143,71.125,76.21428571428571,74.39285714285714,75.71428571428571,75.9234693877551,74.88809523809523,O2026-2,75.33329749255073,PRIMER,O2013-1,2026-03-11 00:27:20,74.96,55,0,75.33329749255073,75.33329749255073,75.33329749255073
E2013NWD9494,74.65259740259741,76.26190476190476,70.35714285714286,73.95238095238095,74.21428571428571,75.51785714285714,78.92857142857143,76.39285714285714,73.875,75.75510204081633,75.5952380952381,O2026-2,75.0457215944229,PRIMER,O2013-1,2026-03-11 00:27:20,75.04,55,0,75.0457215944229,75.0457215944229,75.0457215944229
E2013NWZ9344,75.34740259740259,75.52380952380952,74.89285714285714,74.55357142857143,73.69642857142857,79.01785714285714,72.32142857142857,75.28571428571429,75.08035714285714,76.91836734693878,76.1452380952381,O2026-2,75.34391198628212,PRIMER,O2013-1,2026-03-11 00:27:21,75.62,55,0,75.34391198628212,75.34391198628212,75.34391198628212
E2013OBB1516,75.74350649350649,72.55952380952381,73.75,73.39880952380952,76.60714285714286,79.03571428571429,70.32142857142857,74.67857142857143,76.32142857142857,73.48979591836735,75.92142857142858,O2026-2,74.71157727553832,PRIMER,O2013-1,2026-03-11 00:27:21,75.15,55,0,74.71157727553832,74.71157727553832,74.71157727553832
E2013OBP7222,75.47077922077922,74.8452380952381,78.78571428571429,76.73809523809524,74.75892857142857,74.51785714285714,78.17857142857143,76.35714285714286,73.16071428571429,73.46428571428571,74.81428571428572,O2026-2,75.55378295946478,PRIMER,O2013-1,2026-03-11 00:27:22,75.01,55,0,75.55378295946478,75.55378295946478,75.55378295946478
E2013OSR5734,74.18181818181819,73.23809523809524,74.82142857142857,78.2797619047619,75.49107142857143,73.48214285714286,72.21428571428571,70.75,73.65178571428571,75.4438775510204,74.44047619047619,O2026-2,74.18134030471691,PRIMER,O2013-1,2026-03-11 00:27:22,74.75,55,0,74.18134030471691,74.18134030471691,74.18134030471691
E2013PJM3042,74.6590909090909,74.98809523809524,67.82142857142857,74.79166666666667,73.46428571428571,77.14285714285714,77.32142857142857,76.78571428571429,76.33928571428571,74.86734693877551,74.58571428571429,O2026-2,74.79699218530386,PRIMER,O2013-1,2026-03-11 00:27:22,74.79,55,0,74.79699218530386,74.79699218530386,74.79699218530386
E2013PLJ9443,74.91883116883118,76.92857142857143,79.28571428571429,75.74404761904762,73.80357142857143,75.05357142857143,74.53571428571429,75.64285714285714,74.16071428571429,74.2295918367347,73.92142857142858,O2026-2,75.29314668015968,PRIMER,O2013-1,2026-03-11 00:27:23,74.71,55,0,75.29314668015968,75.29314668015968,75.29314668015968
E2013PZB5440,75.43506493506493,74.41666666666667,74.32142857142857,76.4702380952381,76.21428571428571,74.46428571428571,74.67857142857143,77.21428571428571,75.58928571428571,75.75510204081633,75.12142857142857,O2026-2,75.4255130151234,PRIMER,O2013-1,2026-03-11 00:27:23,75.48,55,0,75.4255130151234,75.4255130151234,75.4255130151234
E2013SIT9202,75.16883116883118,74.98809523809524,74.07142857142857,74.72619047619048,75.4375,73.375,75.39285714285714,71.57142857142857,75.11607142857143,74.92857142857143,75.37142857142857,O2026-2,74.55885478158206,PRIMER,O2013-1,2026-03-11 00:27:24,75.0,55,0,74.55885478158206,74.55885478158206,74.55885478158206
E2013SXO7914,74.59740259740259,73.1547619047619,76.25,74.48214285714286,76.9375,77.125,78.39285714285714,75.5,79.28571428571429,74.94897959183673,74.72380952380952,O2026-2,75.94528799122955,PRIMER,O2013-1,2026-03-11 00:27:24,75.3,55,0,75.94528799122955,75.94528799122955,75.94528799122955
E2013TAN4598,74.78246753246754,73.6547619047619,76.71428571428571,75.42857142857143,74.71428571428571,78.60714285714286,75.46428571428571,76.60714285714286,75.01785714285714,74.85714285714286,74.31666666666666,O2026-2,75.46951003541912,PRIMER,O2013-1,2026-03-11 00:27:24,74.91,55,0,75.46951003541912,75.46951003541912,75.46951003541912
E2013UYB0420,77.75,78.1547619047619,70.71428571428571,74.16071428571429,74.84821428571429,71.03571428571429,70.78571428571429,75.07142857142857,75.11607142857143,75.17857142857143,73.16190476190476,O2026-2,74.17976190476192,PRIMER,O2013-1,2026-03-11 00:27:25,74.85,55,0,74.17976190476192,74.17976190476192,74.17976190476192
E2013VRO6940,74.4090909090909,75.0,69.60714285714286,75.9702380952381,72.75892857142857,75.39285714285714,73.85714285714286,70.39285714285714,74.11607142857143,74.4438775510204,74.17142857142858,O2026-2,73.64723955697981,PRIMER,O2013-1,2026-03-11 00:27:25,74.28,55,0,73.64723955697981,73.64723955697981,73.64723955697981
E2013XZH5184,75.48376623376623,78.20238095238095,80.32142857142857,75.33928571428571,77.23214285714286,76.35714285714286,73.35714285714286,72.32142857142857,74.46428571428571,74.4795918367347,74.89285714285714,O2026-2,75.67740484623602,PRIMER,O2013-1,2026-03-11 00:27:26,75.4,55,0,75.67740484623602,75.67740484623602,75.67740484623602
E2013YGB4238,76.76298701298701,73.5952380952381,72.89285714285714,75.42857142857143,72.17857142857143,75.64285714285714,75.10714285714286,80.07142857142857,73.72321428571429,73.4234693877551,75.12142857142857,O2026-2,74.90434235677743,PRIMER,O2013-1,2026-03-11 00:27:26,74.94,55,0,74.90434235677743,74.90434235677743,74.90434235677743
E2013YPH0459,75.53246753246754,77.07142857142857,75.57142857142857,75.46428571428571,76.75,76.30357142857143,74.67857142857143,73.07142857142857,75.28571428571429,75.16836734693878,73.92380952380952,O2026-2,75.34737027042222,PRIMER,O2013-1,2026-03-11 00:27:26,75.16,55,0,75.34737027042222,75.34737027042222,75.34737027042222
E2013YRC9773,76.25649350649351,76.51190476190476,73.21428571428571,75.23809523809524,74.91071428571429,76.85714285714286,69.71428571428571,76.21428571428571,74.35714285714286,74.70408163265306,76.07380952380953,O2026-2,74.91384016416485,PRIMER,O2013-1,2026-03-11 00:27:27,75.52,55,0,74.91384016416485,74.91384016416485,74.91384016416485
E2013YWK9834,75.08116883116882,75.25,75.60714285714286,73.27380952380952,75.72321428571429,74.44642857142857,77.25,73.0,75.02678571428571,76.39795918367346,74.7,O2026-2,75.06877354247484,PRIMER,O2013-1,2026-03-11 00:27:27,74.99,55,0,75.06877354247484,75.06877354247484,75.06877354247484
E2014CZR4476,75.23776223776224,76.73076923076923,75.53846153846153,75.46794871794872,74.67307692307692,75.92307692307692,77.0,69.65384615384616,76.14423076923077,76.23626373626374,75.91025641025641,O2026-2,75.31960842188114,PRIMER,O2014-1,2026-03-11 00:27:28,75.64,55,0,75.31960842188114,75.31960842188114,75.31960842188114
E2014DSK3880,74.91608391608392,72.51282051282051,72.46153846153847,75.03846153846153,77.61538461538461,76.88461538461539,71.65384615384616,77.88461538461539,73.1826923076923,75.24725274725274,74.84615384615384,O2026-2,74.74940589713317,PRIMER,O2014-1,2026-03-11 00:27:28,74.91,55,0,74.74940589713317,74.74940589713317,74.74940589713317
E2014EUZ5156,73.25524475524476,78.44871794871794,74.11538461538461,72.52564102564102,74.1923076923077,74.48076923076923,79.0,77.1923076923077,76.48076923076923,75.02197802197803,74.98205128205129,O2026-2,75.42683377228833,PRIMER,O2014-1,2026-03-11 00:27:28,74.69,55,0,75.42683377228833,75.42683377228833,75.42683377228833
E2014EZX0316,75.08041958041959,76.3076923076923,76.88461538461539,74.51282051282051,77.09615384615384,76.17307692307692,71.84615384615384,75.5,73.5,76.49450549450549,75.21538461538462,O2026-2,75.32825659189297,PRIMER,O2014-1,2026-03-11 00:27:29,75.36,55,0,75.32825659189297,75.32825659189297,75.32825659189297
E2014FLT4804,74.04545454545455,76.52564102564102,73.53846153846153,74.76282051282051,74.3173076923077,75.40384615384616,75.1923076923077,72.3076923076923,76.42307692307692,76.28021978021978,74.33333333333333,O2026-2,74.83001468228741,PRIMER,O2014-1,2026-03-11 00:27:29,74.84,55,0,74.83001468228741,74.83001468228741,74.83001468228741
E2014GOD0505,75.18531468531468,74.53846153846153,75.5,77.91025641025641,75.5673076923077,78.01923076923077,76.61538461538461,72.65384615384616,73.67307692307692,76.47802197802197,75.11025641025641,O2026-2,75.56828701601428,PRIMER,O2014-1,2026-03-11 00:27:29,75.6,55,0,75.56828701601428,75.56828701601428,75.56828701601428
E2014GYC9464,74.36013986013987,76.58974358974359,75.76923076923077,74.36538461538461,74.32692307692308,75.82692307692308,73.15384615384616,68.96153846153847,74.29807692307692,75.9010989010989,76.63589743589743,O2026-2,74.5626184421639,PRIMER,O2014-1,2026-03-11 00:27:30,75.25,55,0,74.5626184421639,74.5626184421639,74.5626184421639
E2014IFA4904,73.95454545454545,76.51282051282051,70.38461538461539,74.19871794871794,74.42307692307692,73.4423076923077,77.26923076923077,74.57692307692308,74.8076923076923,76.43406593406593,74.75897435897436,O2026-2,74.61481548754276,PRIMER,O2014-1,2026-03-11 00:27:30,74.74,55,0,74.61481548754276,74.61481548754276,74.61481548754276
E2014IVB3625,75.23426573426573,74.35897435897436,71.8076923076923,75.6474358974359,75.76923076923077,75.65384615384616,74.88461538461539,72.84615384615384,73.34615384615384,75.21428571428571,75.48974358974358,O2026-2,74.56839978203615,PRIMER,O2014-1,2026-03-11 00:27:31,75.1,55,0,74.56839978203615,74.56839978203615,74.56839978203615
E2014IVJ9463,73.66783216783217,72.38461538461539,74.84615384615384,75.12820512820512,77.95192307692308,74.34615384615384,76.57692307692308,79.65384615384616,74.6826923076923,72.92307692307692,75.22820512820513,O2026-2,75.21723882178426,PRIMER,O2014-1,2026-03-11 00:27:31,74.68,55,0,75.21723882178426,75.21723882178426,75.21723882178426
E2014IWG3151,74.7062937062937,73.32051282051282,79.76923076923077,74.46794871794872,74.76923076923077,75.28846153846153,76.07692307692308,78.34615384615384,73.96153846153847,75.03296703296704,74.2025641025641,O2026-2,75.44925680380226,PRIMER,O2014-1,2026-03-11 00:27:31,74.66,55,0,75.44925680380226,75.44925680380226,75.44925680380226
E2014KAO1558,74.43356643356644,77.37179487179488,71.07692307692308,75.3525641025641,77.17307692307692,78.6923076923077,73.73076923076923,73.1923076923077,73.26923076923077,75.28021978021978,75.24615384615385,O2026-2,74.98353767444678,PRIMER,O2014-1,2026-03-11 00:27:32,75.2,55,0,74.98353767444678,74.98353767444678,74.98353767444678
E2014KOV9692,76.72027972027972,76.73076923076923,77.1923076923077,76.57692307692308,73.20192307692308,77.34615384615384,72.92307692307692,73.6923076923077,73.82692307692308,73.58791208791209,74.14615384615385,O2026-2,75.08588456997549,PRIMER,O2014-1,2026-03-11 00:27:32,75.05,55,0,75.08588456997549,75.08588456997549,75.08588456997549
E2014MCB6064,76.13286713286713,76.05128205128206,75.84615384615384,74.05128205128206,73.28846153846153,70.92307692307692,79.38461538461539,77.15384615384616,75.83653846153847,76.00549450549451,75.47692307692307,O2026-2,75.46823101141284,PRIMER,O2014-1,2026-03-11 00:27:32,75.36,55,0,75.46823101141284,75.46823101141284,75.46823101141284
E2014NZE0347,75.14685314685315,75.67948717948718,79.42307692307692,76.1025641025641,75.11538461538461,77.0,78.73076923076923,82.61538461538461,75.60576923076923,75.41758241758242,74.8923076923077,O2026-2,76.88447083219812,PRIMER,O2014-1,2026-03-11 00:27:33,75.62,55,0,76.88447083219812,76.88447083219812,76.88447083219812
E2014OJJ0618,74.83566433566433,74.57692307692308,77.73076923076923,74.55128205128206,74.5673076923077,73.03846153846153,73.92307692307692,74.76923076923077,75.8173076923077,76.23076923076923,74.71282051282051,O2026-2,74.9776011866921,PRIMER,O2014-1,2026-03-11 00:27:33,74.96,55,0,74.9776011866921,74.9776011866921,74.9776011866921
E2014OOH1372,73.74125874125875,76.98717948717949,76.46153846153847,73.03205128205128,73.97115384615384,77.07692307692308,73.15384615384616,75.6923076923077,74.73076923076923,74.36813186813187,75.24871794871795,O2026-2,74.9512616171707,PRIMER,O2014-1,2026-03-11 00:27:34,74.62,55,0,74.9512616171707,74.9512616171707,74.9512616171707
E2014PBE9423,75.02797202797203,75.75641025641026,75.23076923076923,75.12179487179488,76.375,71.57692307692308,71.88461538461539,70.8076923076923,76.26923076923077,75.08241758241758,75.24871794871795,O2026-2,74.39832213241303,PRIMER,O2014-1,2026-03-11 00:27:34,75.08,55,0,74.39832213241303,74.39832213241303,74.39832213241303
E2014PWC8521,75.76573426573427,76.76923076923077,75.57692307692308,75.41666666666667,73.63461538461539,75.61538461538461,79.53846153846153,77.88461538461539,74.89423076923077,74.76373626373626,73.78205128205128,O2026-2,75.78560454696817,PRIMER,O2014-1,2026-03-11 00:27:34,74.99,55,0,75.78560454696817,75.78560454696817,75.78560454696817
E2014QAO1627,74.9020979020979,74.21794871794872,69.76923076923077,75.3974358974359,75.96153846153847,71.96153846153847,76.34615384615384,72.03846153846153,77.75,73.91758241758242,75.11538461538461,O2026-2,74.3070338752157,PRIMER,O2014-1,2026-03-11 00:27:35,74.91,55,0,74.3070338752157,74.3070338752157,74.3070338752157
E2014QMX4780,73.78321678321679,74.21794871794872,73.23076923076923,76.0,73.74038461538461,75.88461538461539,71.8076923076923,79.57692307692308,74.73076923076923,76.43406593406593,74.44102564102565,O2026-2,74.89521917476463,PRIMER,O2014-1,2026-03-11 00:27:35,74.77,55,0,74.89521917476463,74.89521917476463,74.89521917476463
E2014QYR0179,75.4020979020979,75.33333333333333,78.57692307692308,74.64102564102564,74.98076923076923,75.23076923076923,72.76923076923077,72.53846153846153,73.32692307692308,74.56043956043956,74.5,O2026-2,74.71454303272486,PRIMER,O2014-1,2026-03-11 00:27:35,74.73,55,0,74.71454303272486,74.71454303272486,74.71454303272486
E2014SAK9377,75.5,,,,63.0,,,77.5,77.0,,82.0,O2014-2,75.0,PRIMER,O2014-1,2026-03-11 00:27:35,75.08,6,0,75.0,75.0,75.0
E2014SDW2487,75.0,,,72.0,84.0,,95.5,72.0,73.0,67.5,78.0,O2014-2,77.125,PRIMER,O2014-1,2026-03-11 00:27:36,77.25,24,0,77.125,77.125,77.125
E2014TDK8788,74.92657342657343,76.1025641025641,78.96153846153847,74.42307692307692,76.14423076923077,69.75,79.73076923076923,70.5,74.39423076923077,74.82967032967034,74.77948717948718,O2026-2,74.95837647201283,PRIMER,O2014-1,2026-03-11 00:27:36,74.83,55,0,74.95837647201283,74.95837647201283,74.95837647201283
E2014TTN0531,74.5979020979021,74.0,70.8076923076923,74.43589743589743,74.90384615384616,78.86538461538461,78.5,77.26923076923077,75.04807692307692,74.35164835164835,76.02051282051282,O2026-2,75.34547195229014,PRIMER,O2014-1,2026-03-11 00:27:36,75.17,55,0,75.34547195229014,75.34547195229014,75.34547195229014
E2014UET4437,76.16083916083916,75.43589743589743,78.11538461538461,75.36538461538461,74.54807692307692,76.46153846153847,73.42307692307692,80.73076923076923,77.76923076923077,75.0,75.33333333333333,O2026-2,76.21304831532105,PRIMER,O2014-1,2026-03-11 00:27:37,75.74,55,0,76.21304831532105,76.21304831532105,76.21304831532105
E2014UXE0306,75.32167832167832,74.28205128205128,73.57692307692308,76.9551282051282,77.09615384615384,74.92307692307692,71.46153846153847,79.03846153846153,74.77884615384616,75.01098901098901,75.12820512820512,O2026-2,75.23391381345927,PRIMER,O2014-1,2026-03-11 00:27:37,75.39,55,0,75.23391381345927,75.23391381345927,75.23391381345927
E2014VJC1727,74.35664335664336,76.53846153846153,73.3076923076923,74.30128205128206,74.0,75.32692307692308,73.92307692307692,68.23076923076923,75.6826923076923,73.35714285714286,74.46153846153847,O2026-2,73.95329291920201,PRIMER,O2014-1,2026-03-11 00:27:37,74.34,55,0,73.95329291920201,73.95329291920201,73.95329291920201
E2014VKD7383,76.63636363636364,74.76923076923077,76.8076923076923,73.17948717948718,74.65384615384616,74.65384615384616,70.42307692307692,76.26923076923077,75.29807692307692,73.86813186813187,75.67435897435898,O2026-2,74.74848560530378,PRIMER,O2014-1,2026-03-11 00:27:38,75.11,55,0,74.74848560530378,74.74848560530378,74.74848560530378
E2014VQN3239,75.81818181818181,77.17948717948718,76.07692307692308,75.73717948717949,76.66346153846153,76.0,68.65384615384616,68.5,73.35576923076923,74.04945054945055,73.76666666666667,O2026-2,74.16372415463324,PRIMER,O2014-1,2026-03-11 00:27:38,74.73,55,0,74.16372415463324,74.16372415463324,74.16372415463324
E2014WYW0743,75.10839160839161,75.96153846153847,72.53846153846153,74.21794871794872,73.125,75.90384615384616,76.03846153846153,77.0,76.74038461538461,75.7032967032967,74.74102564102564,O2026-2,75.18894136166864,PRIMER,O2014-1,2026-03-11 00:27:39,75.04,55,0,75.18894136166864,75.18894136166864,75.18894136166864
E2014YPS2190,76.84615384615384,75.92307692307692,74.34615384615384,74.66666666666667,75.125,74.5576923076923,76.57692307692308,75.6923076923077,76.5673076923077,74.08241758241758,75.46410256410256,O2026-2,75.4407092907093,PRIMER,O2014-1,2026-03-11 00:27:39,75.53,55,0,75.4407092907093,75.4407092907093,75.4407092907093
E2014YSO5222,74.72727272727273,74.23076923076923,81.5,73.57051282051282,75.70192307692308,74.88461538461539,74.26923076923077,73.92307692307692,76.26923076923077,74.96153846153847,75.2025641025641,O2026-2,75.38552129688493,PRIMER,O2014-1,2026-03-11 00:27:39,75.02,55,0,75.38552129688493,75.38552129688493,75.38552129688493
E2014ZUO8610,72.00699300699301,74.12820512820512,71.53846153846153,74.80128205128206,74.33653846153847,76.73076923076923,73.23076923076923,75.11538461538461,73.9326923076923,75.1043956043956,75.04871794871795,O2026-2,74.17947355674627,PRIMER,O2014-1,2026-03-11 00:27:40,74.2,55,0,74.17947355674627,74.17947355674627,74.17947355674627
E2015BGK0027,77.1547619047619,,,78.29166666666667,75.0,,69.04166666666667,76.0,75.91666666666667,,72.74166666666666,O2026-2,74.8780612244898,PRIMER,O2015-1,2026-03-11 00:27:40,75.17,18,0,74.8780612244898,74.8780612244898,74.8780612244898
E2015BZE6526,73.29761904761905,,,74.16666666666667,73.3125,,73.125,74.25,76.75,,74.65,O2026-2,74.2216836734694,PRIMER,O2015-1,2026-03-11 00:27:40,73.96,18,0,74.2216836734694,74.2216836734694,74.2216836734694
E2015CDM0470,74.93452380952381,,,72.91666666666667,77.10416666666667,,72.41666666666667,73.29166666666667,74.79166666666667,,74.96666666666667,O2026-2,74.34600340136056,PRIMER,O2015-1,2026-03-11 00:27:41,74.83,18,0,74.34600340136056,74.34600340136056,74.34600340136056
E2015CHX5230,75.95238095238095,,,76.0,74.60416666666667,,78.41666666666667,73.20833333333333,75.875,,73.64166666666667,O2026-2,75.38545918367348,PRIMER,O2015-1,2026-03-11 00:27:41,75.14,18,0,75.38545918367348,75.38545918367348,75.38545918367348
E2015EDE1836,74.8452380952381,,,74.375,75.35416666666667,,71.75,74.83333333333333,80.625,,73.10833333333333,O2026-2,74.9844387755102,PRIMER,O2015-1,2026-03-11 00:27:41,74.54,18,0,74.9844387755102,74.9844387755102,74.9844387755102
E2015EST2970,74.74404761904762,,,76.16666666666667,73.72916666666667,,79.41666666666667,73.04166666666667,72.5,,74.125,O2026-2,74.81760204081634,PRIMER,O2015-1,2026-03-11 00:27:42,74.58,18,0,74.81760204081634,74.81760204081634,74.81760204081634
E2015FXW7035,74.76190476190476,,,72.625,75.375,,72.29166666666667,79.25,80.16666666666667,,74.78333333333333,O2026-2,75.6076530612245,PRIMER,O2015-1,2026-03-11 00:27:42,75.13,18,0,75.6076530612245,75.6076530612245,75.6076530612245
E2015GAA7264,75.69642857142857,,,72.83333333333333,76.39583333333333,,74.16666666666667,74.95833333333333,76.91666666666667,,74.525,O2026-2,75.0703231292517,PRIMER,O2015-1,2026-03-11 00:27:42,75.23,18,0,75.0703231292517,75.0703231292517,75.0703231292517
E2015GTS1213,76.82738095238095,,,75.83333333333333,72.5,,72.625,79.08333333333333,71.79166666666667,,74.48333333333333,O2026-2,74.73486394557823,PRIMER,O2015-1,2026-03-11 00:27:43,75.25,18,0,74.73486394557823,74.73486394557823,74.73486394557823
E2015IEX5814,72.63095238095238,,,77.08333333333333,74.66666666666667,,74.75,76.04166666666667,72.58333333333333,,75.45,O2026-2,74.7437074829932,PRIMER,O2015-1,2026-03-11 00:27:43,74.19,18,0,74.7437074829932,74.7437074829932,74.7437074829932
E2015INJ3665,73.67261904761905,,,74.125,76.0,,78.875,74.5,75.0,,73.98333333333333,O2026-2,75.16513605442177,PRIMER,O2015-1,2026-03-11 00:27:43,74.45,18,0,75.16513605442177,75.16513605442177,75.16513605442177
E2015IUV9814,77.52380952380952,,,76.125,75.25,,74.625,72.83333333333333,73.16666666666667,,77.33333333333333,O2026-2,75.26530612244899,PRIMER,O2015-1,2026-03-11 00:27:44,76.48,18,0,75.26530612244899,75.26530612244899,75.26530612244899
E2015IXN1661,75.4702380952381,,,72.91666666666667,73.14583333333333,,72.95833333333333,74.08333333333333,75.0,,75.73333333333333,O2026-2,74.18681972789115,PRIMER,O2015-1,2026-03-11 00:27:44,74.9,18,0,74.18681972789115,74.18681972789115,74.18681972789115
E2015JKF5527,74.17857142857143,,,75.25,73.33333333333333,,73.5,73.375,71.08333333333333,,75.75,O2026-2,73.781462585034,PRIMER,O2015-1,2026-03-11 00:27:44,74.33,18,0,73.781462585034,73.781462585034,73.781462585034
E2015JMP9337,72.64285714285714,,,72.08333333333333,76.27083333333333,,69.41666666666667,80.875,76.91666666666667,,77.625,O2026-2,75.1186224489796,PRIMER,O2015-1,2026-03-11 00:27:45,74.91,18,0,75.1186224489796,75.1186224489796,75.1186224489796
E2015JQC1507,74.20833333333333,,,76.20833333333333,75.1875,,75.0,79.5,76.70833333333333,,76.09166666666667,O2026-2,76.12916666666665,PRIMER,O2015-1,2026-03-11 00:27:45,75.43,18,0,76.12916666666665,76.12916666666665,76.12916666666665
E2015JVW5127,75.68452380952381,,,79.79166666666667,75.97916666666667,,76.91666666666667,78.125,76.08333333333333,,71.18333333333334,O2026-2,76.25195578231293,PRIMER,O2015-1,2026-03-11 00:27:45,74.92,18,0,76.25195578231293,76.25195578231293,76.25195578231293
E2015JWN7666,73.28571428571429,,,73.375,74.4375,,72.66666666666667,75.20833333333333,79.79166666666667,,77.075,O2026-2,75.11998299319728,PRIMER,O2015-1,2026-03-11 00:27:46,74.91,18,0,75.11998299319728,75.11998299319728,75.11998299319728
E2015KHK2514,74.11904761904762,,,79.5,74.45833333333333,,73.25,70.91666666666667,71.70833333333333,,75.44166666666666,O2026-2,74.19914965986393,PRIMER,O2015-1,2026-03-11 00:27:46,74.46,18,0,74.19914965986393,74.19914965986393,74.19914965986393
E2015KKR0432,75.20238095238095,,,73.375,73.8125,,80.5,70.0,75.0,,73.86666666666666,O2026-2,74.53664965986395,PRIMER,O2015-1,2026-03-11 00:27:46,74.57,18,0,74.53664965986395,74.53664965986395,74.53664965986395
E2015LQI4498,75.64285714285714,,,74.04166666666667,75.8125,,75.20833333333333,72.41666666666667,75.5,,71.675,O2026-2,74.3281462585034,PRIMER,O2015-1,2026-03-11 00:27:47,74.26,18,0,74.3281462585034,74.3281462585034,74.3281462585034
E2015MIT8053,75.02380952380952,,,74.29166666666667,77.04166666666667,,68.16666666666667,75.20833333333333,77.83333333333333,,73.15833333333333,O2026-2,74.3891156462585,PRIMER,O2015-1,2026-03-11 00:27:47,74.47,18,0,74.3891156462585,74.3891156462585,74.3891156462585
E2015MKI0956,66.75,,,,69.0,,,85.5,82.5,,58.0,O2015-2,72.35,PRIMER,O2015-1,2026-03-11 00:27:47,71.42,6,0,72.35,72.35,72.35
E2015NSG0563,74.68452380952381,,,72.08333333333333,73.33333333333333,,69.25,74.79166666666667,69.33333333333333,,73.74166666666666,O2026-2,72.45969387755102,PRIMER,O2015-1,2026-03-11 00:27:47,73.53,18,0,72.45969387755102,72.45969387755102,72.45969387755102
E2015OOH8018,74.0,,,,96.5,,,98.0,76.0,,68.0,O2015-2,82.5,PRIMER,O2015-1,2026-03-11 00:27:47,81.08,6,0,82.5,82.5,82.5
E2015OZI4366,74.58928571428571,,,74.91666666666667,73.8125,,70.875,76.875,73.58333333333333,,75.05,O2026-2,74.24311224489796,PRIMER,O2015-1,2026-03-11 00:27:48,74.51,18,0,74.24311224489796,74.24311224489796,74.24311224489796
E2015QHR6492,68.5,,,,81.0,,,59.5,69.5,,81.5,O2015-2,72.0,PRIMER,O2015-1,2026-03-11 00:27:48,71.42,6,0,72.0,72.0,72.0
E2015RBM7319,79.5,,,,57.0,,,59.5,81.0,,79.0,O2015-2,71.2,PRIMER,O2015-1,2026-03-11 00:27:48,72.58,6,0,71.2,71.2,71.2
E2015RIG0578,74.20833333333333,,,72.83333333333333,74.35416666666667,,73.41666666666667,76.66666666666667,76.91666666666667,,77.825,O2026-2,75.17440476190477,PRIMER,O2015-1,2026-03-11 00:27:48,75.4,18,0,75.17440476190477,75.17440476190477,75.17440476190477
E2015SQP0340,76.35714285714286,,,74.375,72.9375,,82.16666666666667,71.91666666666667,77.54166666666667,,70.83333333333333,O2026-2,75.16113945578232,PRIMER,O2015-1,2026-03-11 00:27:49,74.47,18,0,75.16113945578232,75.16113945578232,75.16113945578232
E2015XLC7285,75.01190476190476,,,77.16666666666667,73.9375,,76.875,79.04166666666667,72.79166666666667,,76.425,O2026-2,75.89277210884354,PRIMER,O2015-1,2026-03-11 00:27:49,75.61,18,0,75.89277210884354,75.89277210884354,75.89277210884354
E2015YCZ2596,74.625,,,80.20833333333333,73.5,,73.79166666666667,74.625,72.79166666666667,,73.15833333333333,O2026-2,74.67142857142858,PRIMER,O2015-1,2026-03-11 00:27:49,74.25,18,0,74.67142857142858,74.67142857142858,74.67142857142858
E2015YVQ9857,74.51190476190476,,,74.33333333333333,75.60416666666667,,73.91666666666667,72.33333333333333,73.29166666666667,,73.0,O2026-2,73.85586734693878,PRIMER,O2015-1,2026-03-11 00:27:50,73.98,18,0,73.85586734693878,73.85586734693878,73.85586734693878
E2015ZEO2450,73.66071428571429,,,73.83333333333333,72.875,,76.04166666666667,74.41666666666667,74.91666666666667,,76.05833333333334,O2026-2,74.54319727891156,PRIMER,O2015-1,2026-03-11 00:27:50,74.49,18,0,74.54319727891156,74.54319727891156,74.54319727891156
E2015ZJW6936,76.32738095238095,,,78.0,79.0625,,71.875,81.91666666666667,76.125,,75.1,O2026-2,76.91522108843537,PRIMER,O2015-1,2026-03-11 00:27:50,76.44,18,0,76.91522108843537,76.91522108843537,76.91522108843537
E2016BQC5227,74.57851239669421,,,79.42424242424242,74.93939393939394,75.9090909090909,70.95454545454545,70.0909090909091,76.88636363636364,74.97727272727273,73.57792207792208,O2026-2,74.59313918404827,PRIMER,O2016-1,2026-03-11 00:27:51,74.73,44,0,74.59313918404827,74.59313918404827,74.59313918404827
E2016CBO9369,74.5495867768595,,,75.18181818181819,74.87878787878788,76.4090909090909,71.63636363636364,72.31818181818181,74.20454545454545,73.4469696969697,74.37662337662337,O2026-2,74.11132974769338,PRIMER,O2016-1,2026-03-11 00:27:51,74.3,44,0,74.11132974769338,74.11132974769338,74.11132974769338
E2016CWU4149,74.64876033057851,,,71.92424242424242,76.18181818181819,75.18181818181819,78.36363636363636,74.31818181818181,74.75,74.6969696969697,74.98376623376623,O2026-2,75.00546591455682,PRIMER,O2016-1,2026-03-11 00:27:51,74.78,44,0,75.00546591455682,75.00546591455682,75.00546591455682
E2016DLK5851,74.56611570247934,,,75.95454545454545,72.28787878787878,76.13636363636364,71.45454545454545,74.72727272727273,73.20454545454545,74.5,74.71103896103897,O2026-2,74.17136735318553,PRIMER,O2016-1,2026-03-11 00:27:52,74.39,44,0,74.17136735318553,74.17136735318553,74.17136735318553
E2016DVV2911,75.40495867768595,,,75.53030303030303,75.21212121212122,72.9090909090909,75.68181818181819,74.81818181818181,76.22727272727273,73.92424242424242,75.88311688311688,O2026-2,75.06567842931479,PRIMER,O2016-1,2026-03-11 00:27:52,75.36,44,0,75.06567842931479,75.06567842931479,75.06567842931479
E2016EJW4539,73.80165289256199,,,78.42424242424242,74.89393939393939,75.18181818181819,76.81818181818181,75.5909090909091,74.3409090909091,74.0530303030303,74.98051948051948,O2026-2,75.34280029734573,PRIMER,O2016-1,2026-03-11 00:27:52,74.79,44,0,75.34280029734573,75.34280029734573,75.34280029734573
E2016EKG7611,75.98347107438016,,,76.0,76.0909090909091,83.77272727272727,72.63636363636364,81.9090909090909,73.3409090909091,76.49242424242425,76.01948051948052,O2026-2,76.91615287069834,PRIMER,O2016-1,2026-03-11 00:27:53,76.07,44,0,76.91615287069834,76.91615287069834,76.91615287069834
E2016GLZ2868,74.96280991735537,,,73.21212121212122,72.84848484848484,75.63636363636364,78.27272727272727,75.81818181818181,73.29545454545455,76.56060606060606,73.49025974025975,O2026-2,74.89966767239495,PRIMER,O2016-1,2026-03-11 00:27:53,74.41,44,0,74.89966767239495,74.89966767239495,74.89966767239495
E2016IFR2343,75.36776859504133,,,76.25757575757575,73.31818181818181,72.5909090909091,82.27272727272727,72.04545454545455,75.18181818181819,76.36363636363636,75.25,O2026-2,75.40534129170493,PRIMER,O2016-1,2026-03-11 00:27:53,75.39,44,0,75.40534129170493,75.40534129170493,75.40534129170493
E2016JRE0044,75.93801652892562,,,73.28787878787878,77.9090909090909,75.31818181818181,74.95454545454545,81.68181818181819,76.8409090909091,73.61363636363636,76.44155844155844,O2026-2,76.22062617517162,PRIMER,O2016-1,2026-03-11 00:27:53,75.91,44,0,76.22062617517162,76.22062617517162,76.22062617517162
E2016JRV8572,71.25,,,,83.5,,,79.0,63.0,,71.5,O2016-2,73.65,PRIMER,O2016-1,2026-03-11 00:27:54,73.25,6,0,73.65,73.65,73.65
E2016JUK3902,74.18595041322314,,,77.92424242424242,76.72727272727273,83.36363636363636,74.36363636363636,75.95454545454545,77.0909090909091,76.81818181818181,75.53246753246754,O2026-2,76.88453802090166,PRIMER,O2016-1,2026-03-11 00:27:54,75.92,44,0,76.88453802090166,76.88453802090166,76.88453802090166
E2016KJG7269,75.99173553719008,,,76.22727272727273,76.18181818181819,81.4090909090909,71.63636363636364,64.95454545454545,73.75,77.76515151515152,75.14285714285714,O2026-2,74.78431501158774,PRIMER,O2016-1,2026-03-11 00:27:54,75.56,44,0,74.78431501158774,74.78431501158774,74.78431501158774
E2016KZI7924,74.84297520661157,,,72.07575757575758,73.54545454545455,73.81818181818181,73.13636363636364,77.04545454545455,75.14772727272727,74.68181818181819,75.65259740259741,O2026-2,74.43848113166295,PRIMER,O2016-1,2026-03-11 00:27:54,74.82,44,0,74.43848113166295,74.43848113166295,74.43848113166295
E2016LCL9336,69.78571428571429,,,67.0,71.0,,80.0,75.0,77.25,76.5,71.5625,O2016-2,73.51227678571428,PRIMER,O2016-1,2026-03-11 00:27:54,71.96,24,0,73.51227678571428,73.51227678571428,73.51227678571428
E2016LRH4277,75.0,,,78.01515151515152,77.33333333333333,70.77272727272727,71.9090909090909,71.68181818181819,74.93181818181819,76.37878787878788,75.66233766233766,O2026-2,74.63167388167388,PRIMER,O2016-1,2026-03-11 00:27:55,75.52,44,0,74.63167388167388,74.63167388167388,74.63167388167388
E2016MVM0760,81.0,,,,80.0,,,80.0,74.5,,96.0,O2016-2,82.3,PRIMER,O2016-1,2026-03-11 00:27:55,82.08,6,0,82.3,82.3,82.3
E2016MYI5520,76.24380165289256,,,74.8030303030303,76.74242424242425,77.63636363636364,75.0,75.36363636363636,74.54545454545455,74.8409090909091,73.02272727272727,O2026-2,75.35537190082644,PRIMER,O2016-1,2026-03-11 00:27:55,74.79,44,0,75.35537190082644,75.35537190082644,75.35537190082644
E2016NIC6151,75.00826446280992,,,74.46969696969697,74.54545454545455,79.5,69.95454545454545,67.54545454545455,76.02272727272727,74.96969696969697,75.3603896103896,O2026-2,74.1529144256417,PRIMER,O2016-1,2026-03-11 00:27:55,74.96,44,0,74.1529144256417,74.1529144256417,74.1529144256417
E2016OMC2682,74.70661157024793,,,77.48484848484848,75.0,72.68181818181819,71.0909090909091,76.31818181818181,74.05681818181819,75.08333333333333,75.27272727272727,O2026-2,74.63280532598714,PRIMER,O2016-1,2026-03-11 00:27:56,75.0,44,0,74.63280532598714,74.63280532598714,74.63280532598714
E2016PCG1282,75.93801652892562,,,71.6969696969697,77.46969696969697,76.27272727272727,76.18181818181819,73.27272727272727,74.48863636363636,77.51515151515152,75.38311688311688,O2026-2,75.35765118719662,PRIMER,O2016-1,2026-03-11 00:27:56,75.61,44,0,75.35765118719662,75.35765118719662,75.35765118719662
E2016QSH4624,64.0,,,,74.5,,,57.0,86.0,,71.0,O2016-2,70.5,PRIMER,O2016-1,2026-03-11 00:27:56,69.42,6,0,70.5,70.5,70.5
E2016QUD6098,75.67355371900827,,,74.74242424242425,78.03030303030303,69.0,77.36363636363636,76.77272727272727,73.98863636363636,74.56060606060606,76.61688311688312,O2026-2,75.19430779658053,PRIMER,O2016-1,2026-03-11 00:27:56,75.68,44,0,75.19430779658053,75.19430779658053,75.19430779658053
E2016QXM3811,76.53305785123968,,,72.46969696969697,74.0,78.45454545454545,82.5909090909091,72.68181818181819,72.8409090909091,76.4090909090909,74.8603896103896,O2026-2,75.64893523984432,PRIMER,O2016-1,2026-03-11 00:27:57,75.29,44,0,75.64893523984432,75.64893523984432,75.64893523984432
E2016TPV6503,73.76859504132231,,,75.46969696969697,75.13636363636364,75.9090909090909,76.04545454545455,74.22727272727273,75.05681818181819,76.41666666666667,75.74025974025975,O2026-2,75.30780204643841,PRIMER,O2016-1,2026-03-11 00:27:57,75.19,44,0,75.30780204643841,75.30780204643841,75.30780204643841
E2016TUZ3787,76.1900826446281,,,77.89393939393939,75.74242424242425,75.31818181818181,72.18181818181819,77.0,74.01136363636364,75.6590909090909,75.46103896103897,O2026-2,75.49532664305393,PRIMER,O2016-1,2026-03-11 00:27:57,75.68,44,0,75.49532664305393,75.49532664305393,75.49532664305393
E2016UUW1358,75.92561983471074,,,75.6969696969697,72.9090909090909,73.18181818181819,75.9090909090909,72.13636363636364,75.30681818181819,75.93939393939394,74.56168831168831,O2026-2,74.61853928899383,PRIMER,O2016-1,2026-03-11 00:27:58,75.07,44,0,74.61853928899383,74.61853928899383,74.61853928899383
E2016VAD6884,78.85714285714286,,,76.5,72.33333333333333,,70.0,98.0,82.5,74.0,73.625,O2016-2,78.22693452380952,PRIMER,O2016-1,2026-03-11 00:27:58,76.73,24,0,78.22693452380952,78.22693452380952,78.22693452380952
E2016VLJ2223,74.56611570247934,,,76.10606060606061,72.72727272727273,72.77272727272727,81.63636363636364,74.0,74.38636363636364,74.09848484848484,75.50324675324676,O2026-2,75.0885150203332,PRIMER,O2016-1,2026-03-11 00:27:58,74.87,44,0,75.0885150203332,75.0885150203332,75.0885150203332
E2016WSD6785,76.43801652892562,,,75.01515151515152,76.9090909090909,74.22727272727273,80.18181818181819,75.81818181818181,76.20454545454545,73.12878787878788,75.3961038961039,O2026-2,75.92432987887533,PRIMER,O2016-1,2026-03-11 00:27:58,75.59,44,0,75.92432987887533,75.92432987887533,75.92432987887533
E2016WTW3673,75.14285714285714,,,60.0,64.5,,92.5,79.5,69.0,63.5,73.0625,O2016-2,72.15066964285714,PRIMER,O2016-1,2026-03-11 00:27:59,72.4,24,0,72.15066964285714,72.15066964285714,72.15066964285714
E2016WVG4577,75.3305785123967,,,75.07575757575758,75.18181818181819,76.4090909090909,78.18181818181819,74.54545454545455,75.06818181818181,76.58333333333333,74.69805194805195,O2026-2,75.67489833398925,PRIMER,O2016-1,2026-03-11 00:27:59,75.32,44,0,75.67489833398925,75.67489833398925,75.67489833398925
E2016XCT4381,80.0,,,,74.0,,,71.5,69.0,,83.0,O2016-2,75.5,PRIMER,O2016-1,2026-03-11 00:27:59,76.25,6,0,75.5,75.5,75.5
E2016ZHF0621,75.69834710743801,,,75.78787878787878,72.3030303030303,74.68181818181819,78.4090909090909,75.68181818181819,74.875,75.51515151515152,75.40259740259741,O2026-2,75.37274804320259,PRIMER,O2016-1,2026-03-11 00:27:59,75.32,44,0,75.37274804320259,75.37274804320259,75.37274804320259
E2016ZXU0939,74.52479338842976,,,72.78787878787878,73.60606060606061,74.63636363636364,70.63636363636364,76.68181818181819,71.3409090909091,73.93939393939394,74.27922077922078,O2026-2,73.60364467182649,PRIMER,O2016-1,2026-03-11 00:27:59,73.86,44,0,73.60364467182649,73.60364467182649,73.60364467182649
E2017AAG8716,74.66363636363636,,,73.25,76.86666666666666,80.15,75.5,78.05,74.2375,76.525,75.31071428571428,O2026-2,76.06150192400192,PRIMER,O2017-1,2026-03-11 00:28:00,75.36,44,0,76.06150192400192,76.06150192400192,76.06150192400192
E2017AOY0556,75.72727272727273,,,74.35,73.83333333333333,74.75,71.75,73.0,75.675,75.33333333333333,73.79642857142858,O2026-2,74.246151996152,PRIMER,O2017-1,2026-03-11 00:28:00,74.66,44,0,74.246151996152,74.246151996152,74.246151996152
E2017DBR3250,74.61363636363636,,,77.63333333333334,73.85,76.7,77.05,78.25,74.75,78.73333333333333,73.54642857142858,O2026-2,76.1251924001924,PRIMER,O2017-1,2026-03-11 00:28:00,75.19,44,0,76.1251924001924,76.1251924001924,76.1251924001924
E2017DYY7884,74.84545454545454,,,73.73333333333333,76.48333333333333,85.05,84.15,67.45,74.75,76.425,73.71428571428571,O2026-2,76.2890452140452,PRIMER,O2017-1,2026-03-11 00:28:01,75.0,44,0,76.2890452140452,76.2890452140452,76.2890452140452
E2017DZU9148,75.62272727272727,,,74.01666666666667,73.86666666666666,76.25,72.85,80.9,74.5875,74.26666666666667,74.16785714285714,O2026-2,75.16978715728717,PRIMER,O2017-1,2026-03-11 00:28:01,74.72,44,0,75.16978715728717,75.16978715728717,75.16978715728717
E2017GEP2469,75.45,,,75.43333333333334,74.76666666666667,77.35,79.95,78.1,75.45,74.55,74.72142857142858,O2026-2,76.19682539682539,PRIMER,O2017-1,2026-03-11 00:28:01,75.25,44,0,76.19682539682539,76.19682539682539,76.19682539682539
E2017GTC3928,73.84545454545454,,,75.81666666666666,76.16666666666667,76.15,75.3,75.75,75.2375,75.075,76.12857142857143,O2026-2,75.49665103415103,PRIMER,O2017-1,2026-03-11 00:28:02,75.29,44,0,75.49665103415103,75.49665103415103,75.49665103415103
E2017ILC2643,75.02727272727273,,,75.18333333333334,76.25,81.25,72.3,74.65,73.925,76.34166666666667,75.40714285714286,O2026-2,75.59271284271284,PRIMER,O2017-1,2026-03-11 00:28:02,75.39,44,0,75.59271284271284,75.59271284271284,75.59271284271284
E2017KSV2666,73.26363636363637,,,73.56666666666666,71.25,75.55,77.05,76.05,74.5375,72.79166666666667,74.11785714285715,O2026-2,74.2419252044252,PRIMER,O2017-1,2026-03-11 00:28:02,73.67,44,0,74.2419252044252,74.2419252044252,74.2419252044252
E2017MSO1395,77.5,,,,58.5,,,86.5,72.5,,72.5,O2017-2,73.5,PRIMER,O2017-1,2026-03-11 00:28:02,74.17,6,0,73.5,73.5,73.5
E2017MTI9339,73.47272727272727,,,75.43333333333334,74.53333333333333,76.85,78.7,74.2,74.85,75.25,75.42857142857143,O2026-2,75.41310726310726,PRIMER,O2017-1,2026-03-11 00:28:02,74.88,44,0,75.41310726310726,75.41310726310726,75.41310726310726
E2017MWN3850,76.83636363636364,,,77.43333333333334,78.1,74.9,72.05,75.0,79.25,76.60833333333333,74.03928571428571,O2026-2,76.02414622414622,PRIMER,O2017-1,2026-03-11 00:28:03,76.07,44,0,76.02414622414622,76.02414622414622,76.02414622414622
E2017MYX0492,75.49090909090908,,,73.26666666666667,74.33333333333333,71.05,70.55,74.1,74.35,72.18333333333334,75.16428571428571,O2026-2,73.38761423761423,PRIMER,O2017-1,2026-03-11 00:28:03,74.36,44,0,73.38761423761423,73.38761423761423,73.38761423761423
E2017NXC4548,75.36363636363636,,,72.28333333333333,79.15,78.7,66.3,75.8,74.825,72.0,75.10357142857143,O2026-2,74.39172679172678,PRIMER,O2017-1,2026-03-11 00:28:03,74.7,44,0,74.39172679172678,74.39172679172678,74.39172679172678
E2017OAO7822,73.49090909090908,,,76.58333333333333,76.46666666666667,67.6,78.45,79.2,74.7,73.38333333333334,76.18928571428572,O2026-2,75.11816979316978,PRIMER,O2017-1,2026-03-11 00:28:04,74.97,44,0,75.11816979316978,75.11816979316978,75.11816979316978
E2017QBD5408,75.19545454545455,,,76.61666666666666,76.81666666666666,75.65,73.05,73.4,76.7375,76.66666666666667,74.96785714285714,O2026-2,75.45564574314574,PRIMER,O2017-1,2026-03-11 00:28:04,75.59,44,0,75.45564574314574,75.45564574314574,75.45564574314574
E2017QDN0780,73.14285714285714,,,86.5,79.83333333333333,,73.5,79.0,80.0,59.5,78.0625,O2017-2,76.19233630952381,PRIMER,O2017-1,2026-03-11 00:28:04,76.44,24,0,76.19233630952381,76.19233630952381,76.19233630952381
E2017QDT1230,77.35909090909091,,,77.05,76.38333333333334,72.75,77.8,81.2,71.8125,75.21666666666667,76.09285714285714,O2026-2,76.18493867243868,PRIMER,O2017-1,2026-03-11 00:28:04,76.06,44,0,76.18493867243868,76.18493867243868,76.18493867243868
E2017QHL9416,75.74090909090908,,,71.58333333333333,73.83333333333333,80.45,73.5,79.6,74.3875,73.65,74.27857142857142,O2026-2,75.2248496873497,PRIMER,O2017-1,2026-03-11 00:28:05,74.6,44,0,75.2248496873497,75.2248496873497,75.2248496873497
E2017QJE1516,75.3,,,72.98333333333333,80.05,70.85,78.6,83.45,76.4375,74.01666666666667,74.81071428571428,O2026-2,76.27757936507936,PRIMER,O2017-1,2026-03-11 00:28:05,75.4,44,0,76.27757936507936,76.27757936507936,76.27757936507936
E2017RHJ1436,76.25454545454545,,,75.93333333333334,78.21666666666667,73.3,71.7,72.7,72.4625,76.5,74.28214285714286,O2026-2,74.59435425685426,PRIMER,O2017-1,2026-03-11 00:28:05,75.18,44,0,74.59435425685426,74.59435425685426,74.59435425685426
E2017TFN3722,70.25,,,,74.5,,,91.0,78.0,,64.5,O2017-2,75.65,PRIMER,O2017-1,2026-03-11 00:28:05,74.75,6,0,75.65,75.65,75.65
E2017TNS2156,78.5,,,,80.5,,,59.0,87.5,,61.0,O2017-2,73.3,PRIMER,O2017-1,2026-03-11 00:28:05,74.17,6,0,73.3,73.3,73.3
E2017TON1948,73.99545454545455,,,76.35,73.35,71.75,75.55,71.05,70.0625,73.875,75.86785714285715,O2026-2,73.53897907647907,PRIMER,O2017-1,2026-03-11 00:28:05,74.25,44,0,73.53897907647907,73.53897907647907,73.53897907647907
E2017TPG0799,73.94090909090909,,,77.06666666666666,78.38333333333334,76.5,71.85,76.35,73.8875,73.88333333333334,75.92857142857143,O2026-2,75.31003487253487,PRIMER,O2017-1,2026-03-11 00:28:06,75.14,44,0,75.31003487253487,75.31003487253487,75.31003487253487
E2017UEC0439,72.35714285714286,,,56.5,73.0,,71.0,75.0,79.75,83.5,79.625,O2017-2,73.84151785714286,PRIMER,O2017-1,2026-03-11 00:28:06,75.33,24,0,73.84151785714286,73.84151785714286,73.84151785714286
E2017VBW5702,76.48181818181818,,,73.23333333333333,71.66666666666667,74.8,72.55,78.4,73.6625,75.49166666666666,73.43214285714286,O2026-2,74.41312530062528,PRIMER,O2017-1,2026-03-11 00:28:06,74.49,44,0,74.41312530062528,74.41312530062528,74.41312530062528
E2017WUJ4246,82.25,,,,64.5,,,53.5,73.0,,63.0,O2017-2,67.25,PRIMER,O2017-1,2026-03-11 00:28:06,69.75,6,0,67.25,67.25,67.25
E2017YTZ1675,74.43181818181819,,,74.55,73.71666666666667,71.75,71.1,77.8,75.0125,77.16666666666667,74.56428571428572,O2026-2,74.4546596921597,PRIMER,O2017-1,2026-03-11 00:28:06,74.8,44,0,74.4546596921597,74.4546596921597,74.4546596921597
E2017YUT3445,74.9,,,73.0,76.75,77.6,67.2,76.75,73.7,76.35,73.91428571428571,O2026-2,74.46269841269842,PRIMER,O2017-1,2026-03-11 00:28:07,74.6,44,0,74.46269841269842,74.46269841269842,74.46269841269842
E2017ZCQ3800,72.57142857142857,,,76.0,61.0,,77.5,67.0,60.25,78.5,71.4375,O2017-2,70.53236607142857,PRIMER,O2017-1,2026-03-11 00:28:07,70.08,24,0,70.53236607142857,70.53236607142857,70.53236607142857
E2017ZHT6932,74.7,,,77.36666666666666,77.53333333333333,76.55,74.6,74.3,75.9375,73.125,75.81785714285714,O2026-2,75.54781746031746,PRIMER,O2017-1,2026-03-11 00:28:07,75.36,44,0,75.54781746031746,75.54781746031746,75.54781746031746
E2017ZPP5536,75.82272727272728,,,71.78333333333333,77.28333333333333,75.1,80.7,77.3,74.525,75.25833333333334,73.98571428571428,O2026-2,75.75093795093795,PRIMER,O2017-1,2026-03-11 00:28:07,75.0,44,0,75.75093795093795,75.75093795093795,75.75093795093795
E2017ZPR3491,76.02727272727273,,,74.46666666666667,74.53333333333333,81.6,76.45,80.9,74.825,77.7,76.19642857142857,O2026-2,76.96652236652237,PRIMER,O2017-1,2026-03-11 00:28:08,76.24,44,0,76.96652236652237,76.96652236652237,76.96652236652237
E2017ZSP4774,73.75,,,74.0,73.83333333333333,75.2,74.75,71.55,70.95,76.70833333333333,75.95,O2026-2,74.07685185185186,PRIMER,O2017-1,2026-03-11 00:28:08,74.63,44,0,74.07685185185186,74.07685185185186,74.07685185185186
E2018BSO9603,76.16666666666667,,,75.14814814814815,71.53703703703704,80.83333333333333,68.88888888888889,81.66666666666667,74.81944444444444,75.46296296296296,75.01984126984127,O2026-2,75.50477660199883,PRIMER,O2018-1,2026-03-11 00:28:08,75.26,44,0,75.50477660199883,75.50477660199883,75.50477660199883
E2018BTV2268,73.4090909090909,,,73.9074074074074,76.68518518518519,67.38888888888889,72.11111111111111,73.72222222222223,73.61111111111111,75.75925925925925,74.73412698412699,O2026-2,73.48093367537813,PRIMER,O2018-1,2026-03-11 00:28:08,74.27,44,0,73.48093367537813,73.48093367537813,73.48093367537813
E2018BWD9346,74.37878787878788,,,75.46296296296296,75.98148148148148,84.5,78.33333333333333,76.94444444444444,74.48611111111111,77.10185185185185,73.45238095238095,O2026-2,76.73792822403934,PRIMER,O2018-1,2026-03-11 00:28:09,75.03,44,0,76.73792822403934,76.73792822403934,76.73792822403934
E2018BYM0103,75.88383838383838,,,71.0,73.83333333333333,72.88888888888889,69.61111111111111,74.94444444444444,73.61111111111111,71.44444444444444,76.24603174603175,O2026-2,73.27368927368927,PRIMER,O2018-1,2026-03-11 00:28:09,74.48,44,0,73.27368927368927,73.27368927368927,73.27368927368927
E2018CFH7013,73.44444444444444,,,78.42592592592592,73.72222222222223,73.22222222222223,78.94444444444444,76.77777777777777,75.30555555555556,76.35185185185185,74.78968253968254,O2026-2,75.66490299823633,PRIMER,O2018-1,2026-03-11 00:28:09,74.99,44,0,75.66490299823633,75.66490299823633,75.66490299823633
E2018CNZ6009,74.15656565656566,,,76.4074074074074,74.25925925925925,82.66666666666667,81.5,74.22222222222223,79.22222222222223,74.54629629629629,74.86507936507937,O2026-2,76.871746566191,PRIMER,O2018-1,2026-03-11 00:28:10,75.42,44,0,76.871746566191,76.871746566191,76.871746566191
E2018ELK3029,70.75,,,,78.5,,,58.0,82.0,,70.5,O2018-2,71.95,PRIMER,O2018-1,2026-03-11 00:28:10,71.75,6,0,71.95,71.95,71.95
E2018ENG6098,73.92929292929293,,,73.33333333333333,73.70370370370371,74.77777777777777,74.66666666666667,76.77777777777777,76.77777777777777,75.02777777777777,76.30952380952381,O2026-2,75.0337368392924,PRIMER,O2018-1,2026-03-11 00:28:10,75.14,44,0,75.0337368392924,75.0337368392924,75.0337368392924
E2018EQO5212,74.56565656565657,,,74.01851851851852,76.96296296296296,74.05555555555556,73.05555555555556,70.88888888888889,75.48611111111111,75.87962962962963,73.47222222222223,O2026-2,74.26501122334457,PRIMER,O2018-1,2026-03-11 00:28:10,74.48,44,0,74.26501122334457,74.26501122334457,74.26501122334457
E2018GWR8500,76.01010101010101,,,77.48148148148148,77.37037037037037,74.22222222222223,76.83333333333333,73.88888888888889,75.06944444444444,73.32407407407408,74.15079365079364,O2026-2,75.37230105285661,PRIMER,O2018-1,2026-03-11 00:28:10,75.09,44,0,75.37230105285661,75.37230105285661,75.37230105285661
E2018HVR3867,74.1919191919192,,,79.74074074074075,76.55555555555556,68.88888888888889,72.83333333333333,73.27777777777777,74.875,74.88888888888889,74.59126984126983,O2026-2,74.42704157981936,PRIMER,O2018-1,2026-03-11 00:28:11,74.84,44,0,74.42704157981936,74.42704157981936,74.42704157981936
E2018IIY8971,74.95454545454545,,,72.5,76.20370370370371,78.83333333333333,70.27777777777777,75.88888888888889,71.47222222222223,74.48148148148148,73.69444444444444,O2026-2,74.25626636737746,PRIMER,O2018-1,2026-03-11 00:28:11,74.09,44,0,74.25626636737746,74.25626636737746,74.25626636737746
E2018KCN6783,75.63636363636364,,,75.31481481481481,74.37037037037037,70.66666666666667,68.33333333333333,69.66666666666667,71.80555555555556,74.3425925925926,75.25,O2026-2,72.82070707070707,PRIMER,O2018-1,2026-03-11 00:28:11,74.47,44,0,72.82070707070707,72.82070707070707,72.82070707070707
E2018KWU7905,76.5,,,67.5,76.16666666666667,,62.0,81.0,78.75,70.0,66.0,O2018-2,72.23958333333334,PRIMER,O2018-1,2026-03-11 00:28:11,72.08,24,0,72.23958333333334,72.23958333333334,72.23958333333334
E2018LAK5305,74.41919191919192,,,74.01851851851852,77.31481481481481,71.05555555555556,74.38888888888889,78.27777777777777,76.25,73.71296296296296,74.27380952380952,O2026-2,74.85683555127999,PRIMER,O2018-1,2026-03-11 00:28:12,74.62,44,0,74.85683555127999,74.85683555127999,74.85683555127999
E2018LCR4061,75.0,,,76.0925925925926,72.07407407407408,72.05555555555556,75.72222222222223,76.5,76.06944444444444,76.62962962962963,73.60714285714286,O2026-2,74.8611845972957,PRIMER,O2018-1,2026-03-11 00:28:12,74.73,44,0,74.8611845972957,74.8611845972957,74.8611845972957
E2018LGU4934,74.1919191919192,,,72.75925925925925,73.37037037037037,77.44444444444444,75.94444444444444,80.16666666666667,75.11111111111111,74.8425925925926,74.97222222222223,O2026-2,75.42255892255892,PRIMER,O2018-1,2026-03-11 00:28:12,74.71,44,0,75.42255892255892,75.42255892255892,75.42255892255892
E2018LLU2737,75.13636363636364,,,74.5,76.01851851851852,71.83333333333333,80.38888888888889,80.33333333333333,76.98611111111111,75.21296296296296,75.96031746031746,O2026-2,76.26331436053658,PRIMER,O2018-1,2026-03-11 00:28:12,75.76,44,0,76.26331436053658,76.26331436053658,76.26331436053658
E2018MDW7374,75.45454545454545,,,72.14814814814815,77.0,71.77777777777777,72.27777777777777,71.77777777777777,75.86111111111111,72.31481481481481,76.5,O2026-2,73.90132809577254,PRIMER,O2018-1,2026-03-11 00:28:13,75.04,44,0,73.90132809577254,73.90132809577254,73.90132809577254
E2018NQR5748,76.78571428571429,,,77.5,78.16666666666667,,69.0,64.0,71.5,77.0,80.1875,O2018-2,74.26748511904762,PRIMER,O2018-1,2026-03-11 00:28:13,76.83,24,0,74.26748511904762,74.26748511904762,74.26748511904762
E2018OVU4094,74.22222222222223,,,75.29629629629629,77.70370370370371,79.44444444444444,69.77777777777777,75.05555555555556,74.69444444444444,75.06481481481481,75.13095238095238,O2026-2,75.15446796002351,PRIMER,O2018-1,2026-03-11 00:28:13,75.02,44,0,75.15446796002351,75.15446796002351,75.15446796002351
E2018QDO9726,75.27272727272727,,,79.12962962962963,72.81481481481481,76.33333333333333,72.88888888888889,72.33333333333333,74.34722222222223,73.07407407407408,73.4920634920635,O2026-2,74.40956522900967,PRIMER,O2018-1,2026-03-11 00:28:13,74.32,44,0,74.40956522900967,74.40956522900967,74.40956522900967
E2018QIM7891,75.73232323232324,,,75.46296296296296,74.25925925925925,71.83333333333333,78.5,74.66666666666667,75.77777777777777,72.52777777777777,75.89682539682539,O2026-2,74.96188071188071,PRIMER,O2018-1,2026-03-11 00:28:13,75.18,44,0,74.96188071188071,74.96188071188071,74.96188071188071
E2018RDI0238,74.5959595959596,,,74.98148148148148,76.62962962962963,77.05555555555556,75.0,74.38888888888889,69.68055555555556,73.47222222222223,75.76190476190476,O2026-2,74.61846641013307,PRIMER,O2018-1,2026-03-11 00:28:14,74.59,44,0,74.61846641013307,74.61846641013307,74.61846641013307
E2018RHD2194,72.5909090909091,,,78.0,70.38888888888889,78.33333333333333,66.38888888888889,70.88888888888889,76.375,76.51851851851852,73.82142857142857,O2026-2,73.70065068676179,PRIMER,O2018-1,2026-03-11 00:28:14,74.03,44,0,73.70065068676179,73.70065068676179,73.70065068676179
E2018RUA6742,74.44444444444444,,,75.05555555555556,73.9074074074074,79.5,68.05555555555556,80.05555555555556,73.38888888888889,75.49074074074075,76.37698412698413,O2026-2,75.14168136390359,PRIMER,O2018-1,2026-03-11 00:28:14,75.21,44,0,75.14168136390359,75.14168136390359,75.14168136390359
E2018SRS7527,74.8989898989899,,,76.0925925925926,74.48148148148148,72.72222222222223,74.0,80.88888888888889,71.375,74.6574074074074,75.08730158730158,O2026-2,74.91154267543156,PRIMER,O2018-1,2026-03-11 00:28:14,74.72,44,0,74.91154267543156,74.91154267543156,74.91154267543156
E2018TFV4429,85.0,,,,68.0,,,68.0,70.5,,59.5,O2018-2,70.2,PRIMER,O2018-1,2026-03-11 00:28:14,72.67,6,0,70.2,70.2,70.2
E2018UQL4310,83.5,,,,82.0,,,79.5,83.0,,85.0,O2018-2,82.6,PRIMER,O2018-1,2026-03-11 00:28:14,82.75,6,0,82.6,82.6,82.6
E2018XSD3063,75.75252525252525,,,76.11111111111111,75.75925925925925,73.38888888888889,77.11111111111111,79.5,73.75,74.94444444444444,74.15873015873017,O2026-2,75.60845224734113,PRIMER,O2018-1,2026-03-11 00:28:15,75.04,44,0,75.60845224734113,75.60845224734113,75.60845224734113
E2018XUK3895,76.56565656565657,,,76.20370370370371,77.68518518518519,76.94444444444444,73.0,77.05555555555556,72.43055555555556,73.37037037037037,74.30952380952381,O2026-2,75.28499946555502,PRIMER,O2018-1,2026-03-11 00:28:15,75.03,44,0,75.28499946555502,75.28499946555502,75.28499946555502
E2018YGP9005,73.31818181818181,,,72.5925925925926,75.88888888888889,73.94444444444444,75.11111111111111,78.44444444444444,75.69444444444444,76.33333333333333,74.16269841269842,O2026-2,75.05445994334883,PRIMER,O2018-1,2026-03-11 00:28:15,74.51,44,0,75.05445994334883,75.05445994334883,75.05445994334883
E2018ZHU9980,74.85858585858585,,,74.68518518518519,78.55555555555556,70.83333333333333,78.83333333333333,77.33333333333333,73.44444444444444,75.48148148148148,75.44047619047619,O2026-2,75.49619207952541,PRIMER,O2018-1,2026-03-11 00:28:16,75.3,44,0,75.49619207952541,75.49619207952541,75.49619207952541
E2018ZKX9971,76.42857142857143,,,75.5,81.66666666666667,,76.5,53.5,72.75,68.5,75.6875,O2018-2,72.56659226190476,PRIMER,O2018-1,2026-03-11 00:28:16,75.21,24,0,72.56659226190476,72.56659226190476,72.56659226190476
E2018ZOP9140,76.0,,,,62.0,,,57.0,69.0,,84.5,O2018-2,69.7,PRIMER,O2018-1,2026-03-11 00:28:16,70.75,6,0,69.7,69.7,69.7
E2019AWN7334,74.69642857142857,,,76.5,78.0,,79.3125,77.875,78.5625,72.875,78.625,O2026-2,77.05580357142857,PRIMER,O2019-1,2026-03-11 00:28:16,77.07,24,0,77.05580357142857,77.05580357142857,77.05580357142857
E2019CNQ7514,81.5,,,,76.0,,,71.0,71.0,,71.0,O2019-2,74.1,PRIMER,O2019-1,2026-03-11 00:28:16,75.33,6,0,74.1,74.1,74.1
E2019CSK7543,75.25892857142857,,,77.9375,73.64583333333333,,78.4375,75.25,76.0625,75.375,74.078125,O2026-2,75.75567336309524,PRIMER,O2019-1,2026-03-11 00:28:16,74.98,24,0,75.75567336309524,75.75567336309524,75.75567336309524
E2019DHN3246,76.86607142857143,,,79.625,73.27083333333333,,76.8125,68.375,79.15625,70.75,74.6015625,O2026-2,74.9321521577381,PRIMER,O2019-1,2026-03-11 00:28:16,75.36,24,0,74.9321521577381,74.9321521577381,74.9321521577381
E2019DRW3099,74.10714285714286,,,77.375,78.89583333333333,,77.25,80.0,74.96875,71.5,74.6875,O2026-2,76.09802827380952,PRIMER,O2019-1,2026-03-11 00:28:17,75.38,24,0,76.09802827380952,76.09802827380952,76.09802827380952
E2019DYE9819,70.58035714285714,,,76.6875,73.75,,73.625,73.6875,66.5625,69.0,74.4375,O2026-2,72.29129464285714,PRIMER,O2019-1,2026-03-11 00:28:17,72.37,24,0,72.29129464285714,72.29129464285714,72.29129464285714
E2019EFA5398,76.48214285714286,,,72.875,74.1875,,79.1875,81.4375,73.0625,81.625,73.515625,O2026-2,76.54659598214286,PRIMER,O2019-1,2026-03-11 00:28:17,75.3,24,0,76.54659598214286,76.54659598214286,76.54659598214286
E2019EGG6011,75.60714285714286,,,71.0,75.95833333333333,,71.1875,70.4375,73.8125,74.875,75.4609375,O2026-2,73.54236421130952,PRIMER,O2019-1,2026-03-11 00:28:17,74.83,24,0,73.54236421130952,73.54236421130952,73.54236421130952
E2019EYE9025,73.1875,,,71.125,78.08333333333333,,81.625,72.3125,76.5,75.0,76.3203125,O2026-2,75.51920572916666,PRIMER,O2019-1,2026-03-11 00:28:18,75.42,24,0,75.51920572916666,75.51920572916666,75.51920572916666
E2019FWV1235,76.44642857142857,,,76.9375,75.5625,,73.0,70.9375,73.21875,75.9375,75.3671875,O2026-2,74.67592075892857,PRIMER,O2019-1,2026-03-11 00:28:18,75.33,24,0,74.67592075892857,74.67592075892857,74.67592075892857
E2019GIA3932,72.63392857142857,,,82.0625,73.64583333333333,,73.9375,75.625,71.0625,81.25,74.15625,O2026-2,75.54668898809524,PRIMER,O2019-1,2026-03-11 00:28:18,74.07,24,0,75.54668898809524,75.54668898809524,75.54668898809524
E2019IOQ0510,76.95535714285714,,,83.0625,73.72916666666667,,77.0,71.9375,76.09375,77.8125,74.90625,O2026-2,76.43712797619048,PRIMER,O2019-1,2026-03-11 00:28:18,75.88,24,0,76.43712797619048,76.43712797619048,76.43712797619048
E2019JOO0886,81.75,,,,69.0,,,90.5,66.0,,84.0,O2019-2,78.25,PRIMER,O2019-1,2026-03-11 00:28:18,78.83,6,0,78.25,78.25,78.25
E2019JSK4403,74.22321428571429,,,80.625,76.02083333333333,,80.25,79.875,70.90625,71.75,72.7578125,O2026-2,75.80101376488095,PRIMER,O2019-1,2026-03-11 00:28:19,74.33,24,0,75.80101376488095,75.80101376488095,75.80101376488095
E2019LRD3712,73.70535714285714,,,79.75,78.70833333333333,,67.75,71.875,74.5,74.875,77.4453125,O2026-2,74.82612537202381,PRIMER,O2019-1,2026-03-11 00:28:19,75.62,24,0,74.82612537202381,74.82612537202381,74.82612537202381
E2019LYN9615,74.34821428571429,,,61.8125,73.875,,77.6875,75.875,71.3125,69.125,74.5625,O2026-2,72.32477678571428,PRIMER,O2019-1,2026-03-11 00:28:19,73.57,24,0,72.32477678571428,72.32477678571428,72.32477678571428
E2019MIW5016,77.0,,,,67.0,,,67.5,77.5,,68.0,O2019-2,71.4,PRIMER,O2019-1,2026-03-11 00:28:19,72.33,6,0,71.4,71.4,71.4
E2019NCR2597,74.5,,,76.6875,69.95833333333333,,75.3125,75.4375,75.65625,80.0625,74.7109375,O2026-2,75.29069010416666,PRIMER,O2019-1,2026-03-11 00:28:19,74.49,24,0,75.29069010416666,75.29069010416666,75.29069010416666
E2019OGT2323,75.13392857142857,,,71.25,74.75,,75.75,77.0625,77.5,82.3125,76.1484375,O2026-2,76.23842075892857,PRIMER,O2019-1,2026-03-11 00:28:20,75.86,24,0,76.23842075892857,76.23842075892857,76.23842075892857
E2019OQZ6713,73.69642857142857,,,75.3125,73.875,,81.6875,76.3125,81.3125,76.375,74.2265625,O2026-2,76.59974888392857,PRIMER,O2019-1,2026-03-11 00:28:20,75.15,24,0,76.59974888392857,76.59974888392857,76.59974888392857
E2019PTO6280,75.49107142857143,,,83.3125,73.41666666666667,,74.0,71.875,71.90625,74.125,74.578125,O2026-2,74.83807663690476,PRIMER,O2019-1,2026-03-11 00:28:20,74.68,24,0,74.83807663690476,74.83807663690476,74.83807663690476
E2019QJN1585,73.92857142857143,,,71.8125,76.6875,,78.875,70.9375,77.5625,68.6875,75.921875,O2026-2,74.30161830357143,PRIMER,O2019-1,2026-03-11 00:28:20,75.02,24,0,74.30161830357143,74.30161830357143,74.30161830357143
E2019RGW8186,72.33928571428571,,,75.0625,74.41666666666667,,78.625,76.4375,73.6875,76.625,75.1015625,O2026-2,75.28687686011905,PRIMER,O2019-1,2026-03-11 00:28:21,74.36,24,0,75.28687686011905,75.28687686011905,75.28687686011905
E2019TKJ5839,73.55357142857143,,,75.0625,74.47916666666667,,76.625,77.5,76.375,70.625,74.6484375,O2026-2,74.85858444940476,PRIMER,O2019-1,2026-03-11 00:28:21,74.5,24,0,74.85858444940476,74.85858444940476,74.85858444940476
E2019UOW8254,74.57142857142857,,,82.0625,76.72916666666667,,75.0,71.0625,76.1875,67.375,76.0390625,O2026-2,74.8783947172619,PRIMER,O2019-1,2026-03-11 00:28:21,75.35,24,0,74.8783947172619,74.8783947172619,74.8783947172619
E2019WAB9309,76.24107142857143,,,81.25,73.52083333333333,,81.0,72.8125,75.78125,72.8125,72.96875,O2026-2,75.7983630952381,PRIMER,O2019-1,2026-03-11 00:28:22,74.89,24,0,75.7983630952381,75.7983630952381,75.7983630952381
E2019WEY4842,77.625,,,73.0625,76.66666666666667,,71.5625,78.3125,76.875,77.875,75.875,O2026-2,75.98177083333334,PRIMER,O2019-1,2026-03-11 00:28:22,76.46,24,0,75.98177083333334,75.98177083333334,75.98177083333334
E2019WHZ5839,72.92857142857143,,,77.1875,77.54166666666667,,68.5625,78.25,74.40625,78.25,76.15625,O2026-2,75.41034226190476,PRIMER,O2019-1,2026-03-11 00:28:22,75.14,24,0,75.41034226190476,75.41034226190476,75.41034226190476
E2019WNS4661,75.25892857142857,,,79.25,75.58333333333333,,81.1875,76.625,73.375,79.9375,75.546875,O2026-2,77.09551711309524,PRIMER,O2019-1,2026-03-11 00:28:22,75.9,24,0,77.09551711309524,77.09551711309524,77.09551711309524
E2019XCD7389,72.75892857142857,,,71.375,73.625,,77.6875,77.4375,73.90625,76.625,74.140625,O2026-2,74.69447544642857,PRIMER,O2019-1,2026-03-11 00:28:23,73.93,24,0,74.69447544642857,74.69447544642857,74.69447544642857
E2019XHC1599,74.66964285714286,,,73.75,76.41666666666667,,76.125,77.0625,74.75,77.125,72.8828125,O2026-2,75.34770275297619,PRIMER,O2019-1,2026-03-11 00:28:23,74.52,24,0,75.34770275297619,75.34770275297619,75.34770275297619
E2019XMV9101,74.16071428571429,,,71.125,75.83333333333333,,75.75,74.1875,83.03125,69.8125,74.3203125,O2026-2,74.77757626488095,PRIMER,O2019-1,2026-03-11 00:28:23,74.92,24,0,74.77757626488095,74.77757626488095,74.77757626488095
E2019YDN5860,77.0,,,,76.0,,,67.0,75.0,,56.0,O2019-2,70.2,PRIMER,O2019-1,2026-03-11 00:28:23,71.33,6,0,70.2,70.2,70.2
E2019YNI0986,73.10714285714286,,,76.0,73.64583333333333,,73.5625,71.375,75.9375,74.5625,75.3984375,O2026-2,74.19861421130952,PRIMER,O2019-1,2026-03-11 00:28:23,74.3,24,0,74.19861421130952,74.19861421130952,74.19861421130952
E2019ZUR5674,74.25892857142857,,,75.3125,75.04166666666667,,73.125,77.5625,74.3125,78.0,76.203125,O2026-2,75.4770275297619,PRIMER,O2019-1,2026-03-11 00:28:24,75.3,24,0,75.4770275297619,75.4770275297619,75.4770275297619
E2020BDE1425,74.98571428571428,,,76.0,74.9047619047619,79.5,81.35714285714286,73.28571428571429,75.28571428571429,74.5,75.91666666666667,O2026-2,76.19285714285714,PRIMER,O2020-1,2026-03-11 00:28:24,75.53,37,0,76.19285714285714,76.19285714285714,76.19285714285714
E2020BUM6398,76.26428571428572,,,75.07142857142857,76.97619047619048,76.0,71.14285714285714,71.28571428571429,74.0,74.92857142857143,75.48809523809524,O2026-2,74.57301587301588,PRIMER,O2020-1,2026-03-11 00:28:24,75.42,37,0,74.57301587301588,74.57301587301588,74.57301587301588
E2020CCZ1369,76.51428571428572,,,70.14285714285714,74.52380952380952,76.07142857142857,74.21428571428571,75.64285714285714,81.67857142857143,76.87142857142857,73.42857142857143,O2026-2,75.4542328042328,PRIMER,O2020-1,2026-03-11 00:28:24,75.24,37,0,75.4542328042328,75.4542328042328,75.4542328042328
E2020CWR2458,85.5,,,,94.5,,,89.0,92.0,,73.5,O2020-2,86.90000000000002,PRIMER,O2020-1,2026-03-11 00:28:24,86.67,6,0,86.9,86.9,86.9
E2020DHX2222,71.25,,,,59.0,,,85.0,64.0,,63.0,O2020-2,68.45,PRIMER,O2020-1,2026-03-11 00:28:24,68.92,6,0,68.45,68.45,68.45
E2020ECZ1972,75.45714285714286,,,74.14285714285714,71.92857142857143,76.28571428571429,75.42857142857143,77.21428571428571,73.42857142857143,75.97142857142858,75.70238095238095,O2026-2,75.06216931216932,PRIMER,O2020-1,2026-03-11 00:28:25,75.21,37,0,75.06216931216932,75.06216931216932,75.06216931216932
E2020ESS2689,77.25,,,,61.0,,,77.5,60.0,,65.5,O2020-2,68.25,PRIMER,O2020-1,2026-03-11 00:28:25,69.75,6,0,68.25,68.25,68.25
E2020FBD5659,73.39285714285714,,,73.03571428571429,72.85714285714286,74.0,79.21428571428571,81.21428571428571,74.42857142857143,76.75714285714285,74.74404761904762,O2026-2,75.5160052910053,PRIMER,O2020-1,2026-03-11 00:28:25,74.66,37,0,75.5160052910053,75.5160052910053,75.5160052910053
E2020FCO9246,75.77857142857142,,,73.46428571428571,73.64285714285714,69.5,77.57142857142857,64.85714285714286,76.89285714285714,74.2,73.9702380952381,O2026-2,73.31970899470899,PRIMER,O2020-1,2026-03-11 00:28:25,74.32,37,0,73.31970899470899,73.31970899470899,73.31970899470899
E2020FRB6084,75.27857142857142,,,70.85714285714286,77.45238095238095,77.92857142857143,71.5,77.0,75.78571428571429,74.47142857142858,76.27380952380952,O2026-2,75.17195767195767,PRIMER,O2020-1,2026-03-11 00:28:25,75.47,37,0,75.17195767195767,75.17195767195767,75.17195767195767
E2020HIP5414,75.44285714285714,,,73.25,75.73809523809524,72.71428571428571,74.21428571428571,73.28571428571429,73.35714285714286,72.78571428571429,75.24404761904762,O2026-2,74.00357142857143,PRIMER,O2020-1,2026-03-11 00:28:26,74.65,37,0,74.00357142857143,74.00357142857143,74.00357142857143
E2020IXN0137,74.87857142857143,,,74.5,76.73809523809524,74.14285714285714,71.0,71.28571428571429,73.32142857142857,78.08571428571429,75.89880952380952,O2026-2,74.42791005291005,PRIMER,O2020-1,2026-03-11 00:28:26,75.47,37,0,74.42791005291005,74.42791005291005,74.42791005291005
E2020JNF6730,76.42857142857143,,,76.10714285714286,77.5,72.28571428571429,74.92857142857143,70.35714285714286,75.67857142857143,76.77142857142857,76.86904761904762,O2026-2,75.21402116402116,PRIMER,O2020-1,2026-03-11 00:28:26,76.33,37,0,75.21402116402116,75.21402116402116,75.21402116402116
E2020LAK1223,75.52142857142857,,,76.0,77.92857142857143,73.21428571428571,72.07142857142857,75.57142857142857,70.85714285714286,77.81428571428572,75.27380952380952,O2026-2,74.91693121693122,PRIMER,O2020-1,2026-03-11 00:28:26,75.57,37,0,74.91693121693122,74.91693121693122,74.91693121693122
E2020MXS6324,75.87142857142857,,,74.53571428571429,76.54761904761905,73.64285714285714,75.28571428571429,81.64285714285714,72.5,74.94285714285714,73.93452380952381,O2026-2,75.43373015873016,PRIMER,O2020-1,2026-03-11 00:28:27,75.0,37,0,75.43373015873016,75.43373015873016,75.43373015873016
E2020NHR8915,73.92857142857143,,,70.0,72.0,,84.0,84.5,72.5,83.0,75.0,O2020-2,76.86607142857143,PRIMER,O2020-1,2026-03-11 00:28:27,75.0,24,0,76.86607142857143,76.86607142857143,76.86607142857143
E2020NJX3443,75.65,,,74.25,74.52380952380952,70.78571428571429,77.5,74.42857142857143,76.07142857142857,76.4,75.67857142857143,O2026-2,75.03201058201059,PRIMER,O2020-1,2026-03-11 00:28:27,75.5,37,0,75.03201058201059,75.03201058201059,75.03201058201059
E2020NWD7628,74.60714285714286,,,73.0,76.57142857142857,74.14285714285714,72.85714285714286,69.71428571428571,78.21428571428571,78.11428571428571,75.43452380952381,O2026-2,74.73955026455026,PRIMER,O2020-1,2026-03-11 00:28:27,75.42,37,0,74.73955026455026,74.73955026455026,74.73955026455026
E2020OEY5191,75.48571428571428,,,72.39285714285714,75.07142857142857,77.21428571428571,72.42857142857143,69.85714285714286,72.78571428571429,70.57142857142857,73.38095238095238,O2026-2,73.2431216931217,PRIMER,O2020-1,2026-03-11 00:28:27,73.6,37,0,73.2431216931217,73.2431216931217,73.2431216931217
E2020OSR0746,75.6,,,75.03571428571429,74.23809523809524,77.35714285714286,80.0,71.0,70.03571428571429,78.11428571428571,76.52380952380952,O2026-2,75.32275132275133,PRIMER,O2020-1,2026-03-11 00:28:27,75.84,37,0,75.32275132275133,75.32275132275133,75.32275132275133
E2020OVO6719,73.98571428571428,,,78.17857142857143,74.11904761904762,70.64285714285714,73.07142857142857,66.5,73.03571428571429,76.01428571428572,74.63690476190476,O2026-2,73.35383597883599,PRIMER,O2020-1,2026-03-11 00:28:28,74.34,37,0,73.35383597883599,73.35383597883599,73.35383597883599
E2020QCV6805,75.31428571428572,,,75.85714285714286,80.61904761904762,78.07142857142857,69.92857142857143,74.35714285714286,75.96428571428571,73.8,72.16666666666667,O2026-2,75.11984126984126,PRIMER,O2020-1,2026-03-11 00:28:28,74.49,37,0,75.11984126984126,75.11984126984126,75.11984126984126
E2020QNU1516,74.96428571428571,,,77.67857142857143,73.38095238095238,72.35714285714286,76.57142857142857,73.57142857142857,74.85714285714286,74.22857142857143,75.33333333333333,O2026-2,74.77142857142857,PRIMER,O2020-1,2026-03-11 00:28:28,74.93,37,0,74.77142857142857,74.77142857142857,74.77142857142857
E2020RPH6872,76.49285714285715,,,73.64285714285714,77.5,72.85714285714286,69.42857142857143,75.71428571428571,71.07142857142857,73.68571428571428,72.82738095238095,O2026-2,73.69113756613757,PRIMER,O2020-1,2026-03-11 00:28:28,74.25,37,0,73.69113756613757,73.69113756613757,73.69113756613757
E2020RXA2441,80.75,,,,65.0,,,72.0,74.5,,82.0,O2020-2,74.85,PRIMER,O2020-1,2026-03-11 00:28:28,75.83,6,0,74.85,74.85,74.85
E2020STN1755,67.92857142857143,,,75.0,67.16666666666667,,83.0,80.0,78.25,64.5,73.9375,O2020-2,73.72284226190476,PRIMER,O2020-1,2026-03-11 00:28:28,71.98,24,0,73.72284226190476,73.72284226190476,73.72284226190476
E2020TTG1720,74.30714285714286,,,72.57142857142857,74.47619047619048,82.0,76.07142857142857,72.85714285714286,77.0,76.32857142857142,75.125,O2026-2,75.63743386243385,PRIMER,O2020-1,2026-03-11 00:28:29,75.13,37,0,75.63743386243385,75.63743386243385,75.63743386243385
E2020UXB0834,75.46428571428571,,,76.71428571428571,77.45238095238095,72.78571428571429,78.78571428571429,73.42857142857143,72.85714285714286,79.2,74.79761904761905,O2026-2,75.72063492063492,PRIMER,O2020-1,2026-03-11 00:28:29,75.8,37,0,75.72063492063492,75.72063492063492,75.72063492063492
E2020WFS0776,74.80714285714286,,,79.75,75.54761904761905,75.07142857142857,79.85714285714286,74.28571428571429,79.21428571428571,74.4,75.19047619047619,O2026-2,76.45820105820106,PRIMER,O2020-1,2026-03-11 00:28:29,75.57,37,0,76.45820105820106,76.45820105820106,76.45820105820106
E2020XYD0366,74.48571428571428,,,80.17857142857143,75.85714285714286,75.14285714285714,75.35714285714286,69.35714285714286,80.75,76.45714285714286,74.76190476190476,O2026-2,75.81640211640212,PRIMER,O2020-1,2026-03-11 00:28:29,75.5,37,0,75.81640211640212,75.81640211640212,75.81640211640212
E2020XZL9083,75.56428571428572,,,72.53571428571429,75.30952380952381,65.57142857142857,74.85714285714286,71.71428571428571,78.64285714285714,75.21428571428571,75.75595238095238,O2026-2,73.90727513227513,PRIMER,O2020-1,2026-03-11 00:28:29,75.17,37,0,73.90727513227513,73.90727513227513,73.90727513227513
E2020YGO3628,75.20714285714286,,,76.0,73.07142857142857,80.0,72.78571428571429,76.92857142857143,77.07142857142857,74.98571428571428,74.54761904761905,O2026-2,75.62195767195766,PRIMER,O2020-1,2026-03-11 00:28:30,75.04,37,0,75.62195767195766,75.62195767195766,75.62195767195766
E2020YMN3467,72.26428571428572,,,70.89285714285714,76.61904761904762,75.92857142857143,84.78571428571429,74.21428571428571,77.17857142857143,77.62857142857143,75.50595238095238,O2026-2,76.11309523809524,PRIMER,O2020-1,2026-03-11 00:28:30,75.08,37,0,76.11309523809524,76.11309523809524,76.11309523809524
E2020YQE3764,74.78571428571429,,,77.42857142857143,73.35714285714286,73.42857142857143,74.28571428571429,76.14285714285714,70.32142857142857,77.01428571428572,74.27380952380952,O2026-2,74.55978835978836,PRIMER,O2020-1,2026-03-11 00:28:30,74.69,37,0,74.55978835978836,74.55978835978836,74.55978835978836
E2020ZFM9712,79.78571428571429,,,78.5,71.5,,60.5,80.0,62.5,77.5,72.8125,O2020-2,72.88727678571428,PRIMER,O2020-1,2026-03-11 00:28:30,74.04,24,0,72.88727678571428,72.88727678571428,72.88727678571428
E2021AJE5890,74.21428571428571,,,74.0,78.33333333333333,,72.5,86.5,58.5,82.0,78.3125,O2021-2,75.54501488095238,PRIMER,O2021-1,2026-03-11 00:28:30,75.54,24,0,75.54501488095238,75.54501488095238,75.54501488095238
E2021CMU4844,71.78703703703704,,,79.91666666666667,73.44444444444444,,71.5,69.41666666666667,72.5,78.86111111111111,76.025,O2026-2,74.18136574074074,PRIMER,O2021-1,2026-03-11 00:28:30,74.3,30,0,74.18136574074074,74.18136574074074,74.18136574074074
E2021CUT4024,73.21296296296296,,,77.5,73.16666666666667,,69.25,72.83333333333333,74.875,74.66666666666667,74.64166666666667,O2026-2,73.76828703703704,PRIMER,O2021-1,2026-03-11 00:28:31,73.94,30,0,73.76828703703704,73.76828703703704,73.76828703703704
E2021DCM0464,82.78571428571429,,,71.5,62.833333333333336,,75.0,81.0,78.5,74.5,69.5625,O2021-2,74.46019345238095,PRIMER,O2021-1,2026-03-11 00:28:31,74.31,24,0,74.46019345238095,74.46019345238095,74.46019345238095
E2021ECP3305,69.93518518518519,,,73.08333333333333,75.25,,67.58333333333333,71.25,72.29166666666667,76.5,74.4,O2026-2,72.53668981481482,PRIMER,O2021-1,2026-03-11 00:28:31,72.84,30,0,72.53668981481482,72.53668981481482,72.53668981481482
E2021ENV2961,75.12037037037037,,,70.66666666666667,80.08333333333333,,71.0,83.16666666666667,77.66666666666667,75.63888888888889,75.225,O2026-2,76.07094907407406,PRIMER,O2021-1,2026-03-11 00:28:31,75.86,30,0,76.07094907407406,76.07094907407406,76.07094907407406
E2021ERO7121,76.98148148148148,,,78.33333333333333,71.91666666666667,,73.66666666666667,74.16666666666667,72.75,76.75,75.66666666666667,O2026-2,75.02893518518519,PRIMER,O2021-1,2026-03-11 00:28:31,75.57,30,0,75.02893518518519,75.02893518518519,75.02893518518519
E2021FVT1368,72.85185185185185,,,71.83333333333333,73.61111111111111,,68.66666666666667,71.75,75.66666666666667,77.52777777777777,74.76666666666667,O2026-2,73.33425925925926,PRIMER,O2021-1,2026-03-11 00:28:31,74.01,30,0,73.33425925925926,73.33425925925926,73.33425925925926
E2021FZR4873,75.80555555555556,,,77.33333333333333,71.47222222222223,,71.75,77.25,73.29166666666667,73.36111111111111,76.00833333333334,O2026-2,74.53402777777778,PRIMER,O2021-1,2026-03-11 00:28:32,74.99,30,0,74.53402777777778,74.53402777777778,74.53402777777778
E2021GJB3161,75.04629629629629,,,72.75,75.75,,76.08333333333333,75.0,78.625,74.05555555555556,73.95,O2026-2,75.15752314814816,PRIMER,O2021-1,2026-03-11 00:28:32,74.85,30,0,75.15752314814816,75.15752314814816,75.15752314814816
E2021HQQ7316,73.29629629629629,,,69.83333333333333,73.63888888888889,,77.83333333333333,69.5,73.25,75.33333333333333,73.7,O2026-2,73.29814814814814,PRIMER,O2021-1,2026-03-11 00:28:32,73.58,30,0,73.29814814814814,73.29814814814814,73.29814814814814
E2021IMU4933,74.76851851851852,,,71.91666666666667,79.22222222222223,,76.75,75.16666666666667,73.70833333333333,73.38888888888889,74.00833333333334,O2026-2,74.8662037037037,PRIMER,O2021-1,2026-03-11 00:28:32,74.74,30,0,74.8662037037037,74.8662037037037,74.8662037037037
E2021IPW0474,60.25,,,,77.5,,,81.0,72.0,,90.5,O2021-2,76.25,PRIMER,O2021-1,2026-03-11 00:28:32,73.58,6,0,76.25,76.25,76.25
E2021IYS1527,77.38888888888889,,,82.66666666666667,70.72222222222223,,80.08333333333333,81.83333333333333,75.54166666666667,73.69444444444444,74.16666666666667,O2026-2,77.01215277777777,PRIMER,O2021-1,2026-03-11 00:28:32,75.57,30,0,77.01215277777777,77.01215277777777,77.01215277777777
E2021JJJ4869,73.28703703703704,,,71.25,76.58333333333333,,70.5,76.91666666666667,73.08333333333333,74.66666666666667,74.25833333333334,O2026-2,73.8181712962963,PRIMER,O2021-1,2026-03-11 00:28:33,74.03,30,0,73.8181712962963,73.8181712962963,73.8181712962963
E2021LRX3783,75.74074074074075,,,78.08333333333333,71.38888888888889,,78.33333333333333,78.25,79.08333333333333,75.33333333333333,73.9,O2026-2,76.26412037037036,PRIMER,O2021-1,2026-03-11 00:28:33,75.12,30,0,76.26412037037036,76.26412037037036,76.26412037037036
E2021MAO0289,73.75,,,,54.5,,,73.0,79.0,,66.5,O2021-2,69.35,PRIMER,O2021-1,2026-03-11 00:28:33,70.08,6,0,69.35,69.35,69.35
E2021MVM5152,76.22222222222223,,,86.91666666666667,74.72222222222223,,72.33333333333333,65.66666666666667,77.45833333333333,72.83333333333333,74.225,O2026-2,75.04722222222222,PRIMER,O2021-1,2026-03-11 00:28:33,75.03,30,0,75.04722222222222,75.04722222222222,75.04722222222222
E2021MZB1765,73.93518518518519,,,70.75,75.75,,71.91666666666667,79.0,75.20833333333333,72.44444444444444,73.875,O2026-2,74.1099537037037,PRIMER,O2021-1,2026-03-11 00:28:33,74.03,30,0,74.1099537037037,74.1099537037037,74.1099537037037
E2021NCR2857,63.25,,,,78.0,,,68.0,84.0,,73.5,O2021-2,73.35,PRIMER,O2021-1,2026-03-11 00:28:33,71.67,6,0,73.35,73.35,73.35
E2021NIC4331,75.64814814814815,,,79.33333333333333,73.75,,76.75,71.08333333333333,75.66666666666667,75.13888888888889,76.20833333333333,O2026-2,75.44733796296296,PRIMER,O2021-1,2026-03-11 00:28:33,75.6,30,0,75.44733796296296,75.44733796296296,75.44733796296296
E2021QUS4544,78.54629629629629,,,80.91666666666667,73.58333333333333,,75.91666666666667,76.91666666666667,78.58333333333333,73.11111111111111,74.80833333333334,O2026-2,76.54780092592593,PRIMER,O2021-1,2026-03-11 00:28:33,76.2,30,0,76.54780092592593,76.54780092592593,76.54780092592593
E2021ROS5618,76.25,,,66.58333333333333,76.30555555555556,,75.75,73.5,77.625,77.77777777777777,74.99166666666666,O2026-2,74.84791666666666,PRIMER,O2021-1,2026-03-11 00:28:34,75.65,30,0,74.84791666666666,74.84791666666666,74.84791666666666
E2021TIS8578,73.8425925925926,,,76.83333333333333,75.94444444444444,,71.0,80.25,74.70833333333333,74.75,74.16666666666667,O2026-2,75.1869212962963,PRIMER,O2021-1,2026-03-11 00:28:34,74.53,30,0,75.1869212962963,75.1869212962963,75.1869212962963
E2021USM7446,74.16666666666667,,,76.25,75.75,,67.58333333333333,79.75,81.0,74.33333333333333,74.825,O2026-2,75.45729166666666,PRIMER,O2021-1,2026-03-11 00:28:34,75.05,30,0,75.45729166666666,75.45729166666666,75.45729166666666
E2021VHT4153,76.75,,,74.66666666666667,76.55555555555556,,73.41666666666667,71.41666666666667,78.20833333333333,77.77777777777777,76.275,O2026-2,75.63333333333334,PRIMER,O2021-1,2026-03-11 00:28:34,76.41,30,0,75.63333333333334,75.63333333333334,75.63333333333334
E2021WEX6393,75.03703703703704,,,72.08333333333333,78.13888888888889,,81.08333333333333,68.83333333333333,79.29166666666667,72.44444444444444,76.875,O2026-2,75.47337962962963,PRIMER,O2021-1,2026-03-11 00:28:34,75.88,30,0,75.47337962962963,75.47337962962963,75.47337962962963
E2021WPC0340,76.06481481481481,,,76.75,74.11111111111111,,80.41666666666667,78.33333333333333,71.125,72.05555555555556,77.31666666666666,O2026-2,75.77164351851852,PRIMER,O2021-1,2026-03-11 00:28:35,75.8,30,0,75.77164351851852,75.77164351851852,75.77164351851852
E2021YLY2363,73.53703703703704,,,72.25,74.55555555555556,,73.5,71.16666666666667,76.54166666666667,74.33333333333333,74.81666666666666,O2026-2,73.83761574074074,PRIMER,O2021-1,2026-03-11 00:28:35,74.22,30,0,73.83761574074074,73.83761574074074,73.83761574074074
E2021YOP4251,77.53703703703704,,,77.91666666666667,74.44444444444444,,75.91666666666667,76.75,72.58333333333333,76.13888888888889,78.11666666666666,O2026-2,76.17546296296295,PRIMER,O2021-1,2026-03-11 00:28:35,76.88,30,0,76.17546296296295,76.17546296296295,76.17546296296295
E2021YSU5962,76.62962962962963,,,75.91666666666667,75.13888888888889,,68.91666666666667,72.75,75.125,76.61111111111111,77.225,O2026-2,74.78912037037037,PRIMER,O2021-1,2026-03-11 00:28:35,76.17,30,0,74.78912037037037,74.78912037037037,74.78912037037037
E2021YVC0302,76.71428571428571,,,54.0,74.83333333333333,,77.0,73.5,88.25,60.5,69.8125,O2021-2,71.82626488095238,PRIMER,O2021-1,2026-03-11 00:28:35,73.4,24,0,71.82626488095238,71.82626488095238,71.82626488095238
E2021ZFY8524,73.69444444444444,,,74.16666666666667,75.55555555555556,,73.66666666666667,71.0,80.125,76.75,75.16666666666667,O2026-2,75.015625,PRIMER,O2021-1,2026-03-11 00:28:35,75.03,30,0,75.015625,75.015625,75.015625
E2021ZSX3161,75.5925925925926,,,75.66666666666667,75.19444444444444,,73.33333333333333,73.08333333333333,74.375,78.41666666666667,76.125,O2026-2,75.22337962962963,PRIMER,O2021-1,2026-03-11 00:28:36,75.78,30,0,75.22337962962963,75.22337962962963,75.22337962962963
E2021ZWV8117,67.75,,,,76.5,,,77.0,78.5,,56.5,O2021-2,71.25,PRIMER,O2021-1,2026-03-11 00:28:36,70.67,6,0,71.25,71.25,71.25
E2022AAD1360,74.75,,,,76.7,,,67.7,73.0,,71.3,O2026-2,72.69,PRIMER,O2022-1,2026-03-11 00:28:36,73.03,6,0,72.69,72.69,72.69
E2022CLR6098,78.75,,,,75.3,,,78.2,73.4,,79.8,O2026-2,77.09,PRIMER,O2022-1,2026-03-11 00:28:36,77.37,6,0,77.09,77.09,77.09
E2022CQW9581,75.0,,,,75.5,,,72.0,75.6,,74.6,O2026-2,74.54,PRIMER,O2022-1,2026-03-11 00:28:36,74.62,6,0,74.54,74.54,74.54
E2022DMP4983,71.9,,,,77.3,,,68.7,75.6,,74.1,O2026-2,73.52000000000001,PRIMER,O2022-1,2026-03-11 00:28:36,73.25,6,0,73.52000000000001,73.52000000000001,73.52000000000001
E2022DNY4588,75.8,,,,68.8,,,75.3,72.0,,81.0,O2026-2,74.58,PRIMER,O2022-1,2026-03-11 00:28:36,74.78,6,0,74.58,74.58,74.58
E2022ELJ7405,71.1,,,,75.1,,,77.4,82.2,,70.8,O2026-2,75.32000000000001,PRIMER,O2022-1,2026-03-11 00:28:37,74.62,6,0,75.32000000000001,75.32000000000001,75.32000000000001
E2022EPV3662,73.5,,,,73.9,,,71.8,69.1,,73.7,O2026-2,72.39999999999999,PRIMER,O2022-1,2026-03-11 00:28:37,72.58,6,0,72.39999999999999,72.39999999999999,72.39999999999999
E2022ERU5760,74.55,,,,83.2,,,71.0,77.8,,73.2,O2026-2,75.95,PRIMER,O2022-1,2026-03-11 00:28:37,75.72,6,0,75.95,75.95,75.95
E2022GWB9545,79.1,,,,73.6,,,72.5,76.7,,72.3,O2026-2,74.84,PRIMER,O2022-1,2026-03-11 00:28:37,75.55,6,0,74.84,74.84,74.84
E2022HVE2574,79.15,,,,74.1,,,75.0,78.3,,80.5,O2026-2,77.41,PRIMER,O2022-1,2026-03-11 00:28:37,77.7,6,0,77.41,77.41,77.41
E2022JPM1860,74.0,,,,66.5,,,78.8,70.9,,75.9,O2026-2,73.22,PRIMER,O2022-1,2026-03-11 00:28:37,73.35,6,0,73.22,73.22,73.22
E2022KEA2958,77.35,,,,75.1,,,76.4,81.8,,69.5,O2026-2,76.03,PRIMER,O2022-1,2026-03-11 00:28:38,76.25,6,0,76.03,76.03,76.03
E2022KKQ0908,72.35,,,,79.2,,,73.6,77.7,,67.7,O2026-2,74.11,PRIMER,O2022-1,2026-03-11 00:28:38,73.82,6,0,74.11,74.11,74.11
E2022LKH2221,71.85,,,,77.8,,,74.4,80.7,,75.1,O2026-2,75.97,PRIMER,O2022-1,2026-03-11 00:28:38,75.28,6,0,75.97,75.97,75.97
E2022LNT5741,75.55,,,,72.2,,,71.3,75.2,,73.9,O2026-2,73.63,PRIMER,O2022-1,2026-03-11 00:28:38,73.95,6,0,73.63,73.63,73.63
E2022LQR7817,76.2,,,,71.1,,,81.2,77.3,,78.3,O2026-2,76.82000000000001,PRIMER,O2022-1,2026-03-11 00:28:38,76.72,6,0,76.82000000000001,76.82000000000001,76.82000000000001
E2022NOM1482,72.1,,,,79.8,,,77.9,75.5,,74.1,O2026-2,75.88,PRIMER,O2022-1,2026-03-11 00:28:38,75.25,6,0,75.88,75.88,75.88
E2022NZO5504,73.55,,,,73.0,,,78.6,78.6,,76.5,O2026-2,76.05,PRIMER,O2022-1,2026-03-11 00:28:38,75.63,6,0,76.05,76.05,76.05
E2022OCG6389,71.45,,,,80.6,,,66.8,79.6,,73.5,O2026-2,74.39000000000001,PRIMER,O2022-1,2026-03-11 00:28:39,73.9,6,0,74.39000000000001,74.39000000000001,74.39000000000001
E2022OTG0080,81.45,,,,71.4,,,77.2,69.3,,80.0,O2026-2,75.87,PRIMER,O2022-1,2026-03-11 00:28:39,76.8,6,0,75.87,75.87,75.87
E2022QTA6743,78.65,,,,80.4,,,79.1,79.0,,79.6,O2026-2,79.35,PRIMER,O2022-1,2026-03-11 00:28:39,79.23,6,0,79.35,79.35,79.35
E2022QWD1495,78.15,,,,67.6,,,64.9,79.3,,69.7,O2026-2,71.92999999999999,PRIMER,O2022-1,2026-03-11 00:28:39,72.97,6,0,71.92999999999999,71.92999999999999,71.92999999999999
E2022RMT0153,77.95,,,,72.1,,,69.8,81.1,,73.7,O2026-2,74.93,PRIMER,O2022-1,2026-03-11 00:28:39,75.43,6,0,74.93,74.93,74.93
E2022UII7125,69.7,,,,65.3,,,77.0,75.1,,71.8,O2026-2,71.78,PRIMER,O2022-1,2026-03-11 00:28:39,71.43,6,0,71.78,71.78,71.78
E2022UKA4322,76.85,,,,77.9,,,75.6,75.1,,75.4,O2026-2,76.17,PRIMER,O2022-1,2026-03-11 00:28:40,76.28,6,0,76.17,76.17,76.17
E2022VGP7681,71.75,,,,73.6,,,67.3,71.2,,72.9,O2026-2,71.35,PRIMER,O2022-1,2026-03-11 00:28:40,71.42,6,0,71.35,71.35,71.35
E2022VMH5283,73.75,,,,79.6,,,78.4,72.8,,71.8,O2026-2,75.27000000000001,PRIMER,O2022-1,2026-03-11 00:28:40,75.02,6,0,75.27000000000001,75.27000000000001,75.27000000000001
E2022VXS6971,76.95,,,,75.0,,,75.8,65.6,,74.5,O2026-2,73.57000000000001,PRIMER,O2022-1,2026-03-11 00:28:40,74.13,6,0,73.57000000000001,73.57000000000001,73.57000000000001
E2022VYK1456,70.4,,,,64.2,,,75.5,78.7,,62.1,O2026-2,70.18,PRIMER,O2022-1,2026-03-11 00:28:40,70.22,6,0,70.18,70.18,70.18
E2022VZD2866,76.05,,,,79.6,,,88.3,76.0,,73.3,O2026-2,78.65,PRIMER,O2022-1,2026-03-11 00:28:40,78.22,6,0,78.65,78.65,78.65
E2022WHC3943,76.9,,,,72.6,,,72.6,79.3,,74.0,O2026-2,75.08,PRIMER,O2022-1,2026-03-11 00:28:41,75.38,6,0,75.08,75.08,75.08
E2022WHS0130,79.9,,,,74.7,,,70.1,78.6,,75.3,O2026-2,75.72,PRIMER,O2022-1,2026-03-11 00:28:41,76.42,6,0,75.72,75.72,75.72
E2022XSQ1263,70.5,,,,72.6,,,79.0,69.7,,69.3,O2026-2,72.22,PRIMER,O2022-1,2026-03-11 00:28:41,71.93,6,0,72.22,72.22,72.22
E2022YFK5334,69.25,,,,78.2,,,78.6,68.2,,65.2,O2026-2,71.89,PRIMER,O2022-1,2026-03-11 00:28:41,71.45,6,0,71.89,71.89,71.89
E2022YVE6881,74.85,,,,66.7,,,73.1,74.8,,72.9,O2026-2,72.47,PRIMER,O2022-1,2026-03-11 00:28:41,72.87,6,0,72.47,72.47,72.47
E2023AAL8330,77.21875,,,,77.6875,,,77.375,75.75,,75.34375,O2026-2,76.675,PRIMER,O2023-1,2026-03-11 00:28:41,76.56,12,0,76.675,76.675,76.675
E2023AEO5033,74.75,,,,72.625,,,84.875,66.5,,76.8125,O2026-2,75.1125,PRIMER,O2023-1,2026-03-11 00:28:41,75.24,12,0,75.1125,75.1125,75.1125
E2023BAU7096,70.625,,,,77.6875,,,78.875,75.0,,74.53125,O2026-2,75.34375,PRIMER,O2023-1,2026-03-11 00:28:42,74.16,12,0,75.34375,75.34375,75.34375
E2023COU7716,76.375,,,,74.5625,,,76.875,70.125,,78.03125,O2026-2,75.19375,PRIMER,O2023-1,2026-03-11 00:28:42,76.15,12,0,75.19375,75.19375,75.19375
E2023DMX9289,73.65625,,,,80.3125,,,72.375,71.875,,75.0625,O2026-2,74.65625,PRIMER,O2023-1,2026-03-11 00:28:42,74.98,12,0,74.65625,74.65625,74.65625
E2023EDZ8822,70.40625,,,,76.5,,,73.125,64.625,,75.6875,O2026-2,72.06875,PRIMER,O2023-1,2026-03-11 00:28:42,72.93,12,0,72.06875,72.06875,72.06875
E2023EVN6436,75.65625,,,,68.875,,,66.0,73.625,,76.875,O2026-2,72.20625,PRIMER,O2023-1,2026-03-11 00:28:42,73.96,12,0,72.20625,72.20625,72.20625
E2023EYU6381,75.34375,,,,75.625,,,72.125,76.25,,75.65625,O2026-2,75.0,PRIMER,O2023-1,2026-03-11 00:28:42,75.3,12,0,75.0,75.0,75.0
E2023GCN9498,73.25,,,,76.5,,,80.0,74.0,,58.0,O2023-2,72.35,PRIMER,O2023-1,2026-03-11 00:28:42,72.5,6,0,72.35,72.35,72.35
E2023GEP3935,69.0,,,,61.5,,,79.0,89.5,,75.5,O2023-2,74.9,PRIMER,O2023-1,2026-03-11 00:28:42,73.92,6,0,74.9,74.9,74.9
E2023GTV4917,79.15625,,,,78.8125,,,75.25,72.5,,73.1875,O2026-2,75.78125,PRIMER,O2023-1,2026-03-11 00:28:42,76.23,12,0,75.78125,75.78125,75.78125
E2023IIG2243,74.34375,,,,69.5,,,78.625,72.5,,74.0,O2026-2,73.79375,PRIMER,O2023-1,2026-03-11 00:28:42,73.62,12,0,73.79375,73.79375,73.79375
E2023IJW1427,77.53125,,,,83.1875,,,63.5,76.625,,76.1875,O2026-2,75.40625,PRIMER,O2023-1,2026-03-11 00:28:43,76.78,12,0,75.40625,75.40625,75.40625
E2023KHB0462,73.4375,,,,73.25,,,77.5,79.0,,70.5625,O2026-2,74.75,PRIMER,O2023-1,2026-03-11 00:28:43,73.25,12,0,74.75,74.75,74.75
E2023KPF7853,71.84375,,,,74.4375,,,75.0,71.75,,75.6875,O2026-2,73.74375,PRIMER,O2023-1,2026-03-11 00:28:43,73.81,12,0,73.74375,73.74375,73.74375
E2023MBC1052,79.09375,,,,68.9375,,,80.375,82.0,,77.28125,O2026-2,77.5375,PRIMER,O2023-1,2026-03-11 00:28:43,77.15,12,0,77.5375,77.5375,77.5375
E2023NFL6992,75.9375,,,,78.0625,,,74.5,69.5,,73.375,O2026-2,74.275,PRIMER,O2023-1,2026-03-11 00:28:43,74.78,12,0,74.275,74.275,74.275
E2023OQB7790,78.3125,,,,80.8125,,,78.875,68.0,,76.03125,O2026-2,76.40625,PRIMER,O2023-1,2026-03-11 00:28:43,77.16,12,0,76.40625,76.40625,76.40625
E2023OSC0020,75.34375,,,,73.4375,,,72.25,73.125,,73.9375,O2026-2,73.61875,PRIMER,O2023-1,2026-03-11 00:28:43,74.11,12,0,73.61875,73.61875,73.61875
E2023PLH8474,80.875,,,,72.25,,,81.0,75.75,,76.03125,O2026-2,77.18125,PRIMER,O2023-1,2026-03-11 00:28:43,77.41,12,0,77.18125,77.18125,77.18125
E2023QKA4669,75.0625,,,,71.1875,,,78.75,72.75,,74.65625,O2026-2,74.48125,PRIMER,O2023-1,2026-03-11 00:28:44,74.4,12,0,74.48125,74.48125,74.48125
E2023RAN8308,78.375,,,,81.1875,,,72.25,69.375,,73.625,O2026-2,74.9625,PRIMER,O2023-1,2026-03-11 00:28:44,76.0,12,0,74.9625,74.9625,74.9625
E2023RLR6142,77.3125,,,,72.625,,,76.125,72.0,,72.4375,O2026-2,74.1,PRIMER,O2023-1,2026-03-11 00:28:44,74.36,12,0,74.1,74.1,74.1
E2023RXK1779,70.65625,,,,72.0625,,,77.5,75.625,,74.21875,O2026-2,74.0125,PRIMER,O2023-1,2026-03-11 00:28:44,73.06,12,0,74.0125,74.0125,74.0125
E2023SHF2793,77.5,,,,72.0,,,73.5,83.25,,68.875,O2026-2,75.025,PRIMER,O2023-1,2026-03-11 00:28:44,73.85,12,0,75.025,75.025,75.025
E2023SZH8796,71.28125,,,,74.875,,,84.0,71.625,,75.59375,O2026-2,75.475,PRIMER,O2023-1,2026-03-11 00:28:44,74.41,12,0,75.475,75.475,75.475
E2023THE9407,74.21875,,,,74.875,,,71.625,67.875,,75.1875,O2026-2,72.75625,PRIMER,O2023-1,2026-03-11 00:28:44,73.91,12,0,72.75625,72.75625,72.75625
E2023THY0611,74.4375,,,,74.5,,,75.625,71.5,,71.3125,O2026-2,73.475,PRIMER,O2023-1,2026-03-11 00:28:44,73.26,12,0,73.475,73.475,73.475
E2023UJX4789,78.5,,,,74.0,,,73.5,63.0,,78.5,O2023-2,73.5,PRIMER,O2023-1,2026-03-11 00:28:45,74.33,6,0,73.5,73.5,73.5
E2023VJA7114,72.125,,,,77.8125,,,66.375,65.125,,77.09375,O2026-2,71.70625,PRIMER,O2023-1,2026-03-11 00:28:45,73.67,12,0,71.70625,71.70625,71.70625
E2023VLS0059,69.5,,,,59.5,,,66.5,62.5,,72.0,O2023-2,66.0,PRIMER,O2023-1,2026-03-11 00:28:45,66.58,6,0,66.0,66.0,66.0
E2023VVL4122,75.3125,,,,67.1875,,,70.875,79.25,,69.59375,O2026-2,72.44375,PRIMER,O2023-1,2026-03-11 00:28:45,72.01,12,0,72.44375,72.44375,72.44375
E2023XDR7306,81.0,,,,92.0,,,77.5,64.0,,72.0,O2023-2,77.3,PRIMER,O2023-1,2026-03-11 00:28:45,77.92,6,0,77.3,77.3,77.3
E2023YQA4510,79.96875,,,,74.375,,,78.625,75.5,,76.3125,O2026-2,76.95625,PRIMER,O2023-1,2026-03-11 00:28:45,77.33,12,0,76.95625,76.95625,76.95625
E2023ZFT8972,78.3125,,,,76.4375,,,78.5,84.25,,77.09375,O2026-2,78.91875,PRIMER,O2023-1,2026-03-11 00:28:45,78.1,12,0,78.91875,78.91875,78.91875
E2024BPF8334,75.0,,,,67.0,,,79.5,75.5,,65.0,O2024-2,72.4,PRIMER,O2024-1,2026-03-11 00:28:45,72.83,6,0,72.4,72.4,72.4
E2024BWK1450,76.04166666666667,,,,65.41666666666667,,,74.66666666666667,82.0,,75.70833333333333,O2026-2,74.76666666666667,PRIMER,O2024-1,2026-03-11 00:28:45,74.54,12,0,74.76666666666667,74.76666666666667,74.76666666666667
E2024CCV6626,72.70833333333333,,,,72.33333333333333,,,69.66666666666667,68.66666666666667,,73.5,O2026-2,71.375,PRIMER,O2024-1,2026-03-11 00:28:45,72.32,12,0,71.375,71.375,71.375
E2024DCS4773,80.5,,,,68.75,,,75.33333333333333,70.0,,76.54166666666667,O2026-2,74.225,PRIMER,O2024-1,2026-03-11 00:28:45,75.92,12,0,74.225,74.225,74.225
E2024ELA4608,78.79166666666667,,,,72.5,,,72.5,79.16666666666667,,73.70833333333333,O2026-2,75.33333333333334,PRIMER,O2024-1,2026-03-11 00:28:45,75.56,12,0,75.33333333333334,75.33333333333334,75.33333333333334
E2024FAG4122,78.25,,,,71.5,,,77.0,77.0,,85.0,O2024-2,77.75,PRIMER,O2024-1,2026-03-11 00:28:46,77.83,6,0,77.75,77.75,77.75
E2024FGO9787,76.375,,,,75.16666666666667,,,76.5,77.0,,73.08333333333333,O2026-2,75.625,PRIMER,O2024-1,2026-03-11 00:28:46,75.14,12,0,75.625,75.625,75.625
E2024FUL8474,76.25,,,,79.16666666666667,,,67.0,71.16666666666667,,77.25,O2026-2,74.16666666666667,PRIMER,O2024-1,2026-03-11 00:28:46,75.88,12,0,74.16666666666667,74.16666666666667,74.16666666666667
E2024FYG9111,73.45833333333333,,,,84.16666666666667,,,69.5,62.666666666666664,,77.20833333333333,O2026-2,73.4,PRIMER,O2024-1,2026-03-11 00:28:46,75.26,12,0,73.4,73.4,73.4
E2024GCS5177,69.5,,,,70.41666666666667,,,74.16666666666667,79.5,,70.375,O2026-2,72.79166666666667,PRIMER,O2024-1,2026-03-11 00:28:46,71.17,12,0,72.79166666666667,72.79166666666667,72.79166666666667
E2024GQQ8651,68.16666666666667,,,,81.33333333333333,,,90.0,79.5,,76.20833333333333,O2026-2,79.04166666666666,PRIMER,O2024-1,2026-03-11 00:28:46,75.81,12,0,79.04166666666666,79.04166666666666,79.04166666666666
E2024IXW7979,74.25,,,,67.58333333333333,,,68.33333333333333,74.33333333333333,,74.125,O2026-2,71.725,PRIMER,O2024-1,2026-03-11 00:28:46,72.61,12,0,71.725,71.725,71.725
E2024KAP5724,80.5,,,,77.25,,,92.33333333333333,74.16666666666667,,72.70833333333333,O2026-2,79.39166666666667,PRIMER,O2024-1,2026-03-11 00:28:46,77.82,12,0,79.39166666666667,79.39166666666667,79.39166666666667
E2024LBB1779,77.70833333333333,,,,74.33333333333333,,,66.5,75.0,,74.95833333333333,O2026-2,73.69999999999999,PRIMER,O2024-1,2026-03-11 00:28:46,75.07,12,0,73.69999999999999,73.69999999999999,73.69999999999999
E2024MCH2149,72.91666666666667,,,,75.5,,,76.16666666666667,67.66666666666667,,76.29166666666667,O2026-2,73.70833333333334,PRIMER,O2024-1,2026-03-11 00:28:46,74.31,12,0,73.70833333333334,73.70833333333334,73.70833333333334
E2024OBJ4698,80.41666666666667,,,,72.91666666666667,,,78.66666666666667,80.5,,71.41666666666667,O2026-2,76.78333333333333,PRIMER,O2024-1,2026-03-11 00:28:46,76.03,12,0,76.78333333333333,76.78333333333333,76.78333333333333
E2024OKO0323,75.79166666666667,,,,79.33333333333333,,,83.5,67.83333333333333,,77.125,O2026-2,76.71666666666667,PRIMER,O2024-1,2026-03-11 00:28:47,76.81,12,0,76.71666666666667,76.71666666666667,76.71666666666667
E2024OXS8012,75.5,,,,75.91666666666667,,,63.0,86.83333333333333,,75.83333333333333,O2026-2,75.41666666666666,PRIMER,O2024-1,2026-03-11 00:28:47,75.58,12,0,75.41666666666666,75.41666666666666,75.41666666666666
E2024PJO7825,71.25,,,,76.0,,,76.0,84.0,,65.0,O2024-2,74.45,PRIMER,O2024-1,2026-03-11 00:28:47,73.92,6,0,74.45,74.45,74.45
E2024QBS1418,74.125,,,,73.66666666666667,,,75.5,75.16666666666667,,76.16666666666667,O2026-2,74.92500000000001,PRIMER,O2024-1,2026-03-11 00:28:47,74.93,12,0,74.92500000000001,74.92500000000001,74.92500000000001
E2024QTH2528,74.75,,,,63.0,,,94.0,84.0,,57.0,O2024-2,74.55,PRIMER,O2024-1,2026-03-11 00:28:47,74.58,6,0,74.55,74.55,74.55
E2024RKB6307,70.125,,,,78.75,,,75.16666666666667,72.0,,72.54166666666667,O2026-2,73.71666666666667,PRIMER,O2024-1,2026-03-11 00:28:47,72.94,12,0,73.71666666666667,73.71666666666667,73.71666666666667
E2024TDH1269,74.125,,,,78.41666666666667,,,69.66666666666667,73.33333333333333,,73.875,O2026-2,73.88333333333334,PRIMER,O2024-1,2026-03-11 00:28:47,74.32,12,0,73.88333333333334,73.88333333333334,73.88333333333334
E2024TVO0106,77.70833333333333,,,,69.25,,,69.0,77.5,,75.45833333333333,O2026-2,73.78333333333333,PRIMER,O2024-1,2026-03-11 00:28:47,74.81,12,0,73.78333333333333,73.78333333333333,73.78333333333333
E2024UBH4159,76.45833333333333,,,,81.75,,,70.33333333333333,72.0,,75.29166666666667,O2026-2,75.16666666666666,PRIMER,O2024-1,2026-03-11 00:28:47,76.07,12,0,75.16666666666666,75.16666666666666,75.16666666666666
E2024UJQ3903,76.66666666666667,,,,72.58333333333333,,,66.0,75.83333333333333,,78.0,O2026-2,73.81666666666666,PRIMER,O2024-1,2026-03-11 00:28:47,75.47,12,0,73.81666666666666,73.81666666666666,73.81666666666666
E2024VSL5316,74.70833333333333,,,,79.75,,,66.5,68.16666666666667,,73.58333333333333,O2026-2,72.54166666666666,PRIMER,O2024-1,2026-03-11 00:28:47,73.94,12,0,72.54166666666666,72.54166666666666,72.54166666666666
E2024WDD8850,68.79166666666667,,,,77.58333333333333,,,61.5,87.5,,78.20833333333333,O2026-2,74.71666666666667,PRIMER,O2024-1,2026-03-11 00:28:47,74.35,12,0,74.71666666666667,74.71666666666667,74.71666666666667
E2024WWI4524,77.5,,,,83.5,,,72.0,75.0,,64.5,O2024-2,74.5,PRIMER,O2024-1,2026-03-11 00:28:48,75.0,6,0,74.5,74.5,74.5
E2024XAV2091,76.54166666666667,,,,74.25,,,75.5,67.66666666666667,,73.41666666666667,O2026-2,73.47500000000001,PRIMER,O2024-1,2026-03-11 00:28:48,74.29,12,0,73.47500000000001,73.47500000000001,73.47500000000001
E2024XBP8907,76.16666666666667,,,,74.91666666666667,,,82.5,80.66666666666667,,77.375,O2026-2,78.325,PRIMER,O2024-1,2026-03-11 00:28:48,77.26,12,0,78.325,78.325,78.325
E2024XCX0432,76.0,,,,71.58333333333333,,,72.0,80.33333333333333,,78.66666666666667,O2026-2,75.71666666666667,PRIMER,O2024-1,2026-03-11 00:28:48,76.18,12,0,75.71666666666667,75.71666666666667,75.71666666666667
E2024XFZ0117,76.0,,,,65.83333333333333,,,69.33333333333333,76.0,,78.04166666666667,O2026-2,73.04166666666666,PRIMER,O2024-1,2026-03-11 00:28:48,74.43,12,0,73.04166666666666,73.04166666666666,73.04166666666666
E2024XJV0267,78.5,,,,70.58333333333333,,,74.16666666666667,73.83333333333333,,73.95833333333333,O2026-2,74.20833333333333,PRIMER,O2024-1,2026-03-11 00:28:48,74.92,12,0,74.20833333333333,74.20833333333333,74.20833333333333
E2024YGB2332,73.58333333333333,,,,85.5,,,76.66666666666667,77.33333333333333,,77.375,O2026-2,78.09166666666667,PRIMER,O2024-1,2026-03-11 00:28:48,77.4,12,0,78.09166666666667,78.09166666666667,78.09166666666667
E2025AFD5553,71.85714285714286,,,82.0,81.25,,82.75,70.5,71.75,,76.75,O2026-2,76.6938775510204,PRIMER,O2025-1,2026-03-11 00:28:48,75.35,18,0,76.6938775510204,76.6938775510204,76.6938775510204
E2025AVN9272,72.5,,,69.5,82.875,,72.25,89.75,86.75,,74.7,O2026-2,78.33214285714287,PRIMER,O2025-1,2026-03-11 00:28:48,75.83,18,0,78.33214285714287,78.33214285714287,78.33214285714287
E2025BGM1820,74.92857142857143,,,80.75,74.375,,68.0,76.5,66.0,,74.6,O2026-2,73.59336734693878,PRIMER,O2025-1,2026-03-11 00:28:48,74.31,18,0,73.59336734693878,73.59336734693878,73.59336734693878
E2025BOL1674,72.71428571428571,,,65.25,72.625,,76.25,79.25,74.0,,77.8,O2026-2,73.98418367346939,PRIMER,O2025-1,2026-03-11 00:28:48,74.33,18,0,73.98418367346939,73.98418367346939,73.98418367346939
E2025BUP4527,94.75,,,,79.0,,,59.0,73.5,,68.5,O2025-2,74.95,PRIMER,O2025-1,2026-03-11 00:28:48,78.25,6,0,74.95,74.95,74.95
E2025BXM4611,77.03571428571429,,,59.75,71.75,,72.75,76.0,76.75,,79.65,O2026-2,73.38367346938776,PRIMER,O2025-1,2026-03-11 00:28:49,75.9,18,0,73.38367346938776,73.38367346938776,73.38367346938776
E2025CUS9996,80.5,,,77.5,65.0,,78.5,76.25,84.75,,77.9,O2026-2,77.2,PRIMER,O2025-1,2026-03-11 00:28:49,77.78,18,0,77.2,77.2,77.2
E2025DAV3798,70.14285714285714,,,80.75,74.25,,60.25,66.0,86.0,,73.5,O2026-2,72.98469387755101,PRIMER,O2025-1,2026-03-11 00:28:49,72.22,18,0,72.98469387755101,72.98469387755101,72.98469387755101
E2025DQT7747,66.89285714285714,,,87.75,69.875,,75.5,72.5,86.0,,71.15,O2026-2,75.66683673469387,PRIMER,O2025-1,2026-03-11 00:28:49,71.42,18,0,75.66683673469387,75.66683673469387,75.66683673469387
E2025EML8471,72.67857142857143,,,74.25,65.375,,58.0,79.5,75.5,,74.5,O2026-2,71.40051020408164,PRIMER,O2025-1,2026-03-11 00:28:49,72.18,18,0,71.40051020408164,71.40051020408164,71.40051020408164
E2025FME6677,73.85714285714286,,,75.25,77.875,,88.25,62.75,81.75,,77.35,O2026-2,76.72602040816328,PRIMER,O2025-1,2026-03-11 00:28:49,75.97,18,0,76.72602040816328,76.72602040816328,76.72602040816328
E2025FPP9811,76.96428571428571,,,71.5,81.5,,65.25,77.75,75.25,,79.0,O2026-2,75.31632653061226,PRIMER,O2025-1,2026-03-11 00:28:49,77.03,18,0,75.31632653061226,75.31632653061226,75.31632653061226
E2025GII9919,74.67857142857143,,,69.5,77.75,,60.25,76.5,70.0,,75.35,O2026-2,72.00408163265307,PRIMER,O2025-1,2026-03-11 00:28:49,73.96,18,0,72.00408163265307,72.00408163265307,72.00408163265307
E2025HXV3137,71.42857142857143,,,70.25,76.625,,77.75,78.5,76.25,,77.7,O2026-2,75.50051020408164,PRIMER,O2025-1,2026-03-11 00:28:49,74.69,18,0,75.50051020408164,75.50051020408164,75.50051020408164
E2025IHF2128,73.75,,,71.0,79.625,,72.0,88.0,70.75,,65.8,O2026-2,74.41785714285713,PRIMER,O2025-1,2026-03-11 00:28:49,72.57,18,0,74.41785714285713,74.41785714285713,74.41785714285713
E2025JDX3595,73.67857142857143,,,73.0,70.875,,76.0,75.75,77.5,,77.6,O2026-2,74.91479591836735,PRIMER,O2025-1,2026-03-11 00:28:49,74.88,18,0,74.91479591836735,74.91479591836735,74.91479591836735
E2025JFW6889,80.78571428571429,,,77.75,80.875,,68.0,79.0,69.25,,77.75,O2026-2,76.2015306122449,PRIMER,O2025-1,2026-03-11 00:28:49,78.33,18,0,76.2015306122449,76.2015306122449,76.2015306122449
E2025JWO3893,76.5,,,,85.5,,,67.0,75.0,,70.0,O2025-2,74.8,PRIMER,O2025-1,2026-03-11 00:28:49,75.08,6,0,74.8,74.8,74.8
E2025KYO8285,77.46428571428571,,,68.5,66.5,,74.5,71.75,67.75,,73.1,O2026-2,71.36632653061224,PRIMER,O2025-1,2026-03-11 00:28:49,73.51,18,0,71.36632653061224,71.36632653061224,71.36632653061224
E2025KYT0722,75.25,,,73.0,70.125,,68.25,66.75,95.5,,74.2,O2026-2,74.72500000000001,PRIMER,O2025-1,2026-03-11 00:28:49,74.53,18,0,74.72500000000001,74.72500000000001,74.72500000000001
E2025LBJ6721,72.14285714285714,,,73.75,77.5,,72.25,73.5,83.0,,79.85,O2026-2,75.99897959183673,PRIMER,O2025-1,2026-03-11 00:28:49,75.65,18,0,75.99897959183673,75.99897959183673,75.99897959183673
E2025MDK2494,68.0,,,,67.5,,,57.0,89.5,,65.0,O2025-2,69.4,PRIMER,O2025-1,2026-03-11 00:28:50,69.17,6,0,69.4,69.4,69.4
E2025MTA2522,70.17857142857143,,,81.75,82.0,,78.75,65.0,77.75,,74.0,O2026-2,75.63265306122449,PRIMER,O2025-1,2026-03-11 00:28:50,73.81,18,0,75.63265306122449,75.63265306122449,75.63265306122449
E2025ODS5244,73.96428571428571,,,75.75,74.375,,80.0,69.25,76.0,,72.0,O2026-2,74.47704081632654,PRIMER,O2025-1,2026-03-11 00:28:50,73.75,18,0,74.47704081632654,74.47704081632654,74.47704081632654
E2025PHW7961,72.5,,,85.5,79.125,,79.0,82.25,71.0,,75.15,O2026-2,77.78928571428571,PRIMER,O2025-1,2026-03-11 00:28:50,75.51,18,0,77.78928571428571,77.78928571428571,77.78928571428571
E2025QAH7720,82.25,,,,57.5,,,86.0,92.0,,69.5,O2025-2,77.45,PRIMER,O2025-1,2026-03-11 00:28:50,78.25,6,0,77.45,77.45,77.45
E2025REQ4295,71.28571428571429,,,76.0,78.375,,78.25,63.75,75.25,,73.4,O2026-2,73.75867346938776,PRIMER,O2025-1,2026-03-11 00:28:50,73.11,18,0,73.75867346938776,73.75867346938776,73.75867346938776
E2025STF8814,70.25,,,64.75,72.625,,90.0,81.75,75.75,,71.75,O2026-2,75.26785714285714,PRIMER,O2025-1,2026-03-11 00:28:50,72.67,18,0,75.26785714285714,75.26785714285714,75.26785714285714
E2025SWQ8168,73.0,,,69.0,70.75,,73.75,88.25,69.75,,74.65,O2026-2,74.16428571428571,PRIMER,O2025-1,2026-03-11 00:28:50,73.69,18,0,74.16428571428571,74.16428571428571,74.16428571428571
E2025SYB8896,76.96428571428571,,,71.0,67.75,,68.75,73.0,80.5,,77.6,O2026-2,73.65204081632653,PRIMER,O2025-1,2026-03-11 00:28:50,75.31,18,0,73.65204081632653,73.65204081632653,73.65204081632653
E2025TPI5547,78.71428571428571,,,77.5,71.75,,79.75,86.0,73.0,,74.3,O2026-2,77.28775510204082,PRIMER,O2025-1,2026-03-11 00:28:50,76.79,18,0,77.28775510204082,77.28775510204082,77.28775510204082
E2025UNH1438,75.5,,,,75.0,,,75.0,83.0,,72.0,O2025-2,76.1,PRIMER,O2025-1,2026-03-11 00:28:50,76.0,6,0,76.1,76.1,76.1
E2025UVE9995,73.57142857142857,,,71.25,65.0,,73.75,65.0,76.75,,77.6,O2026-2,71.84591836734694,PRIMER,O2025-1,2026-03-11 00:28:50,73.32,18,0,71.84591836734694,71.84591836734694,71.84591836734694
E2025VBH5628,75.75,,,73.5,79.25,,66.25,75.0,65.5,,81.35,O2026-2,73.8,PRIMER,O2025-1,2026-03-11 00:28:50,76.43,18,0,73.8,73.8,73.8
E2025YCE7074,74.64285714285714,,,71.75,69.0,,74.25,71.0,90.75,,78.5,O2026-2,75.69897959183673,PRIMER,O2025-1,2026-03-11 00:28:50,75.6,18,0,75.69897959183673,75.69897959183673,75.69897959183673
E2026AIE2758,71.92857142857143,,,56.5,66.5,,75.0,82.5,78.0,,79.4,O2026-2,72.83265306122449,PRIMER,O2026-1,2026-03-11 00:28:50,73.64,18,0,72.83265306122449,72.83265306122449,72.83265306122449
E2026BDK6261,79.42857142857143,,,50.5,69.5,,86.5,82.0,54.0,,73.2,O2026-2,70.7326530612245,PRIMER,O2026-1,2026-03-11 00:28:50,74.11,18,0,70.7326530612245,70.7326530612245,70.7326530612245
E2026BQP6351,79.25,,,,76.5,,,72.5,66.0,,85.0,O2026-2,75.85,PRIMER,O2026-1,2026-03-11 00:28:50,76.42,6,0,75.85,75.85,75.85
E2026BQV5806,69.25,,,,79.0,,,73.5,58.5,,74.5,O2026-2,70.95,PRIMER,O2026-1,2026-03-11 00:28:50,70.67,6,0,70.95,70.95,70.95
E2026CLI3935,77.71428571428571,,,79.0,69.0,,90.0,62.5,86.0,,71.8,O2026-2,76.57346938775511,PRIMER,O2026-1,2026-03-11 00:28:50,75.47,18,0,76.57346938775511,76.57346938775511,76.57346938775511
E2026CRE3460,72.35714285714286,,,75.5,73.5,,68.5,76.5,73.0,,82.5,O2026-2,74.55102040816327,PRIMER,O2026-1,2026-03-11 00:28:50,75.53,18,0,74.55102040816327,74.55102040816327,74.55102040816327
E2026CXJ9921,79.21428571428571,,,73.5,80.5,,64.0,67.0,84.5,,77.5,O2026-2,75.1734693877551,PRIMER,O2026-1,2026-03-11 00:28:50,77.33,18,0,75.1734693877551,75.1734693877551,75.1734693877551
E2026DNN0760,78.57142857142857,,,69.5,79.0,,82.0,59.5,94.5,,75.7,O2026-2,76.96734693877552,PRIMER,O2026-1,2026-03-11 00:28:51,77.33,18,0,76.96734693877552,76.96734693877552,76.96734693877552
E2026DVW0847,75.57142857142857,,,72.0,69.25,,92.5,76.0,57.5,,86.2,O2026-2,75.57448979591837,PRIMER,O2026-1,2026-03-11 00:28:51,77.58,18,0,75.57448979591837,75.57448979591837,75.57448979591837
E2026ENB9679,75.07142857142857,,,79.5,75.75,,64.5,75.5,76.5,,75.0,O2026-2,74.54591836734694,PRIMER,O2026-1,2026-03-11 00:28:51,74.89,18,0,74.54591836734694,74.54591836734694,74.54591836734694
E2026FKA1887,80.75,,,,82.0,,,61.5,90.0,,72.5,O2026-2,77.35,PRIMER,O2026-1,2026-03-11 00:28:51,77.92,6,0,77.35,77.35,77.35
E2026GPB5515,69.78571428571429,,,63.5,74.25,,68.5,65.5,73.0,,71.1,O2026-2,69.37653061224489,PRIMER,O2026-1,2026-03-11 00:28:51,70.17,18,0,69.37653061224489,69.37653061224489,69.37653061224489
E2026HXB9751,75.14285714285714,,,53.0,76.5,,70.5,89.0,80.0,,62.7,O2026-2,72.40612244897959,PRIMER,O2026-1,2026-03-11 00:28:51,71.39,18,0,72.40612244897959,72.40612244897959,72.40612244897959
E2026IJE1865,81.42857142857143,,,63.5,71.0,,88.5,79.0,94.0,,70.6,O2026-2,78.28979591836735,PRIMER,O2026-1,2026-03-11 00:28:51,77.22,18,0,78.28979591836735,78.28979591836735,78.28979591836735
E2026IJI6761,78.5,,,80.0,71.75,,52.5,71.5,69.5,,79.4,O2026-2,71.87857142857142,PRIMER,O2026-1,2026-03-11 00:28:51,75.75,18,0,71.87857142857142,71.87857142857142,71.87857142857142
E2026IYC6218,77.57142857142857,,,90.5,85.5,,80.5,81.5,52.5,,71.5,O2026-2,77.08163265306122,PRIMER,O2026-1,2026-03-11 00:28:51,76.47,18,0,77.08163265306122,77.08163265306122,77.08163265306122
E2026KSE7169,64.5,,,,60.5,,,83.0,85.0,,62.5,O2026-2,71.1,PRIMER,O2026-1,2026-03-11 00:28:51,70.0,6,0,71.1,71.1,71.1
E2026LFI3956,79.28571428571429,,,82.0,66.5,,93.0,93.5,97.0,,69.9,O2026-2,83.0265306122449,PRIMER,O2026-1,2026-03-11 00:28:51,77.94,18,0,83.0265306122449,83.0265306122449,83.0265306122449
E2026LNC0280,79.92857142857143,,,79.5,73.75,,69.0,85.5,59.0,,78.6,O2026-2,75.03979591836735,PRIMER,O2026-1,2026-03-11 00:28:51,77.39,18,0,75.03979591836735,75.03979591836735,75.03979591836735
E2026MLS4944,71.0,,,73.5,79.5,,73.0,77.0,74.5,,67.2,O2026-2,73.67142857142858,PRIMER,O2026-1,2026-03-11 00:28:51,71.67,18,0,73.67142857142858,73.67142857142858,73.67142857142858
E2026MPY0874,74.07142857142857,,,73.0,67.0,,62.0,88.0,82.0,,78.4,O2026-2,74.92448979591836,PRIMER,O2026-1,2026-03-11 00:28:51,74.97,18,0,74.92448979591836,74.92448979591836,74.92448979591836
E2026OKK6766,72.57142857142857,,,89.5,71.5,,85.0,58.5,58.0,,74.0,O2026-2,72.72448979591836,PRIMER,O2026-1,2026-03-11 00:28:51,72.89,18,0,72.72448979591836,72.72448979591836,72.72448979591836
E2026PLS5005,67.64285714285714,,,60.5,77.0,,98.5,70.0,92.5,,73.2,O2026-2,77.04897959183674,PRIMER,O2026-1,2026-03-11 00:28:51,73.06,18,0,77.04897959183674,77.04897959183674,77.04897959183674
E2026QZP3926,75.07142857142857,,,51.0,81.75,,69.5,69.5,68.0,,73.8,O2026-2,69.8030612244898,PRIMER,O2026-1,2026-03-11 00:28:51,73.11,18,0,69.8030612244898,69.8030612244898,69.8030612244898
E2026RIJ6687,82.0,,,,59.5,,,68.5,73.5,,63.5,O2026-2,69.4,PRIMER,O2026-1,2026-03-11 00:28:51,71.5,6,0,69.4,69.4,69.4
E2026SAX7830,74.64285714285714,,,77.5,73.25,,70.5,94.0,64.0,,73.2,O2026-2,75.29897959183674,PRIMER,O2026-1,2026-03-11 00:28:51,74.5,18,0,75.29897959183674,75.29897959183674,75.29897959183674
E2026SST2873,80.85714285714286,,,91.0,63.0,,77.5,61.0,72.0,,78.7,O2026-2,74.86530612244898,PRIMER,O2026-1,2026-03-11 00:28:51,77.06,18,0,74.86530612244898,74.86530612244898,74.86530612244898
E2026SVG8065,76.64285714285714,,,87.0,76.5,,80.5,70.5,75.0,,82.3,O2026-2,78.34897959183672,PRIMER,O2026-1,2026-03-11 00:28:51,78.56,18,0,78.34897959183672,78.34897959183672,78.34897959183672
E2026VED0987,81.64285714285714,,,81.5,73.25,,73.0,63.0,83.0,,71.3,O2026-2,75.24183673469386,PRIMER,O2026-1,2026-03-11 00:28:51,76.39,18,0,75.24183673469386,75.24183673469386,75.24183673469386
E2026VLT3201,75.42857142857143,,,79.0,76.25,,64.5,71.5,76.5,,78.8,O2026-2,74.56836734693877,PRIMER,O2026-1,2026-03-11 00:28:51,75.89,18,0,74.56836734693877,74.56836734693877,74.56836734693877
E2026WCC4711,77.64285714285714,,,86.5,74.0,,80.5,57.5,64.0,,76.9,O2026-2,73.86326530612244,PRIMER,O2026-1,2026-03-11 00:28:51,75.81,18,0,73.86326530612244,73.86326530612244,73.86326530612244
E2026WHH3548,74.35714285714286,,,95.5,76.5,,83.5,78.5,74.0,,73.4,O2026-2,79.39387755102041,PRIMER,O2026-1,2026-03-11 00:28:51,76.22,18,0,79.39387755102041,79.39387755102041,79.39387755102041
E2026WOH6636,76.92857142857143,,,69.0,68.0,,63.0,78.0,85.5,,69.1,O2026-2,72.78979591836735,PRIMER,O2026-1,2026-03-11 00:28:51,73.08,18,0,72.78979591836735,72.78979591836735,72.78979591836735
E2026XXK2511,79.21428571428571,,,59.5,67.0,,86.0,87.0,82.5,,75.9,O2026-2,76.73061224489797,PRIMER,O2026-1,2026-03-11 00:28:51,76.83,18,0,76.73061224489797,76.73061224489797,76.73061224489797
E2026ZRA5737,69.42857142857143,,,66.5,81.0,,66.0,71.5,76.5,,65.2,O2026-2,70.87551020408164,PRIMER,O2026-1,2026-03-11 00:28:51,69.69,18,0,70.87551020408164,70.87551020408164,70.87551020408164
