indicador_id,nivel_analitico,tipo_indicador,categoria,periodo,cohorte,ID_EST,ID_COMP,ID_PERFIL,valor,fuente,fuente_detallada,formula,timestamp_export,run_id,version_modelo
RA01,RA,academico,aprendizaje,,,NA,C1,NA,0.7,ra_competencia.csv,Registro ERP académico,Valor mínimo declarado para RA-Competencia,2026-06-15 21:15:50,fca83e77-1ed1-4030-a113-08ad3f9b96f5,1.0
RA02,RA,academico,aprendizaje,,,NA,C1,NA,0.7,ra_competencia.csv,Registro ERP académico,Valor mínimo declarado para RA-Competencia,2026-06-15 21:15:50,fca83e77-1ed1-4030-a113-08ad3f9b96f5,1.0
RA03,RA,academico,aprendizaje,,,NA,C1,NA,0.7,ra_competencia.csv,Registro ERP académico,Valor mínimo declarado para RA-Competencia,2026-06-15 21:15:50,fca83e77-1ed1-4030-a113-08ad3f9b96f5,1.0
RA04,RA,academico,aprendizaje,,,NA,C1,NA,0.7,ra_competencia.csv,Registro ERP académico,Valor mínimo declarado para RA-Competencia,2026-06-15 21:15:50,fca83e77-1ed1-4030-a113-08ad3f9b96f5,1.0
RA05,RA,academico,aprendizaje,,,NA,C1,NA,0.7,ra_competencia.csv,Registro ERP académico,Valor mínimo declarado para RA-Competencia,2026-06-15 21:15:50,fca83e77-1ed1-4030-a113-08ad3f9b96f5,1.0
RA06,RA,academico,aprendizaje,,,NA,C2,NA,0.7,ra_competencia.csv,Registro ERP académico,Valor mínimo declarado para RA-Competencia,2026-06-15 21:15:50,fca83e77-1ed1-4030-a113-08ad3f9b96f5,1.0
RA07,RA,academico,aprendizaje,,,NA,C2,NA,0.7,ra_competencia.csv,Registro ERP académico,Valor mínimo declarado para RA-Competencia,2026-06-15 21:15:50,fca83e77-1ed1-4030-a113-08ad3f9b96f5,1.0
RA08,RA,academico,aprendizaje,,,NA,C2,NA,0.7,ra_competencia.csv,Registro ERP académico,Valor mínimo declarado para RA-Competencia,2026-06-15 21:15:50,fca83e77-1ed1-4030-a113-08ad3f9b96f5,1.0
RA09,RA,academico,aprendizaje,,,NA,C3,NA,0.7,ra_competencia.csv,Registro ERP académico,Valor mínimo declarado para RA-Competencia,2026-06-15 21:15:50,fca83e77-1ed1-4030-a113-08ad3f9b96f5,1.0
RA10,RA,academico,aprendizaje,,,NA,C3,NA,0.7,ra_competencia.csv,Registro ERP académico,Valor mínimo declarado para RA-Competencia,2026-06-15 21:15:50,fca83e77-1ed1-4030-a113-08ad3f9b96f5,1.0
RA11,RA,academico,aprendizaje,,,NA,C3,NA,0.7,ra_competencia.csv,Registro ERP académico,Valor mínimo declarado para RA-Competencia,2026-06-15 21:15:50,fca83e77-1ed1-4030-a113-08ad3f9b96f5,1.0
RA12,RA,academico,aprendizaje,,,NA,C3,NA,0.7,ra_competencia.csv,Registro ERP académico,Valor mínimo declarado para RA-Competencia,2026-06-15 21:15:50,fca83e77-1ed1-4030-a113-08ad3f9b96f5,1.0
COMPC1,COMP,academico,competencia,,,NA,C1,NA,0.63,competencia_perfil.csv,Declaración de ponderaciones RA en competencia,Suma ponderada de RA: sum(PESO_RA_EN_COMPETENCIA * valor_minimo),2026-06-15 21:15:50,fca83e77-1ed1-4030-a113-08ad3f9b96f5,1.0
COMPC2,COMP,academico,competencia,,,NA,C2,NA,0.5599999999999999,competencia_perfil.csv,Declaración de ponderaciones RA en competencia,Suma ponderada de RA: sum(PESO_RA_EN_COMPETENCIA * valor_minimo),2026-06-15 21:15:50,fca83e77-1ed1-4030-a113-08ad3f9b96f5,1.0
COMPC3,COMP,academico,competencia,,,NA,C3,NA,0.595,competencia_perfil.csv,Declaración de ponderaciones RA en competencia,Suma ponderada de RA: sum(PESO_RA_EN_COMPETENCIA * valor_minimo),2026-06-15 21:15:50,fca83e77-1ed1-4030-a113-08ad3f9b96f5,1.0
PERFP1,PERFIL,academico,perfil,,,NA,NA,P1,0.6124999999999999,competencia_perfil.csv,Declaración de ponderaciones de competencias en perfil,Suma ponderada de competencias: sum(peso * valor_competencia),2026-06-15 21:15:50,fca83e77-1ed1-4030-a113-08ad3f9b96f5,1.0
PERFP2,PERFIL,academico,perfil,,,NA,NA,P2,0.616,competencia_perfil.csv,Declaración de ponderaciones de competencias en perfil,Suma ponderada de competencias: sum(peso * valor_competencia),2026-06-15 21:15:50,fca83e77-1ed1-4030-a113-08ad3f9b96f5,1.0
PERFP3,PERFIL,academico,perfil,,,NA,NA,P3,0.595,competencia_perfil.csv,Declaración de ponderaciones de competencias en perfil,Suma ponderada de competencias: sum(peso * valor_competencia),2026-06-15 21:15:50,fca83e77-1ed1-4030-a113-08ad3f9b96f5,1.0
PERFP4,PERFIL,academico,perfil,,,NA,NA,P4,0.5985,competencia_perfil.csv,Declaración de ponderaciones de competencias en perfil,Suma ponderada de competencias: sum(peso * valor_competencia),2026-06-15 21:15:50,fca83e77-1ed1-4030-a113-08ad3f9b96f5,1.0
PERFP5,PERFIL,academico,perfil,,,NA,NA,P5,0.574,competencia_perfil.csv,Declaración de ponderaciones de competencias en perfil,Suma ponderada de competencias: sum(peso * valor_competencia),2026-06-15 21:15:50,fca83e77-1ed1-4030-a113-08ad3f9b96f5,1.0
PERFP6,PERFIL,academico,perfil,,,NA,NA,P6,0.5722499999999999,competencia_perfil.csv,Declaración de ponderaciones de competencias en perfil,Suma ponderada de competencias: sum(peso * valor_competencia),2026-06-15 21:15:50,fca83e77-1ed1-4030-a113-08ad3f9b96f5,1.0
PERFP7,PERFIL,academico,perfil,,,NA,NA,P7,0.59675,competencia_perfil.csv,Declaración de ponderaciones de competencias en perfil,Suma ponderada de competencias: sum(peso * valor_competencia),2026-06-15 21:15:50,fca83e77-1ed1-4030-a113-08ad3f9b96f5,1.0
PERFP8,PERFIL,academico,perfil,,,NA,NA,P8,0.5774999999999999,competencia_perfil.csv,Declaración de ponderaciones de competencias en perfil,Suma ponderada de competencias: sum(peso * valor_competencia),2026-06-15 21:15:50,fca83e77-1ed1-4030-a113-08ad3f9b96f5,1.0
PERFP9,PERFIL,academico,perfil,,,NA,NA,P9,0.5985,competencia_perfil.csv,Declaración de ponderaciones de competencias en perfil,Suma ponderada de competencias: sum(peso * valor_competencia),2026-06-15 21:15:50,fca83e77-1ed1-4030-a113-08ad3f9b96f5,1.0
PERFP10,PERFIL,academico,perfil,,,NA,NA,P10,0.6194999999999999,competencia_perfil.csv,Declaración de ponderaciones de competencias en perfil,Suma ponderada de competencias: sum(peso * valor_competencia),2026-06-15 21:15:50,fca83e77-1ed1-4030-a113-08ad3f9b96f5,1.0
PERFP11,PERFIL,academico,perfil,,,NA,NA,P11,0.61775,competencia_perfil.csv,Declaración de ponderaciones de competencias en perfil,Suma ponderada de competencias: sum(peso * valor_competencia),2026-06-15 21:15:50,fca83e77-1ed1-4030-a113-08ad3f9b96f5,1.0
PERFP12,PERFIL,academico,perfil,,,NA,NA,P12,0.61775,competencia_perfil.csv,Declaración de ponderaciones de competencias en perfil,Suma ponderada de competencias: sum(peso * valor_competencia),2026-06-15 21:15:50,fca83e77-1ed1-4030-a113-08ad3f9b96f5,1.0
RI01_desempeño,RIESGO_INT,riesgo,desempeño,,,E2019RGP4160,NA,NA,0.753,riesgos_internos.csv,Registros ERP académico,Valor directo de columna desempeño,2026-06-15 21:15:50,fca83e77-1ed1-4030-a113-08ad3f9b96f5,1.0
RI01_repitencia,RIESGO_INT,riesgo,repitencia,,,E2019RGP4160,NA,NA,335.0,riesgos_internos.csv,Registros ERP académico,Valor directo de columna repitencia,2026-06-15 21:15:50,fca83e77-1ed1-4030-a113-08ad3f9b96f5,1.0
RI01_deserción,RIESGO_INT,riesgo,deserción,,,E2019RGP4160,NA,NA,0.0,riesgos_internos.csv,Registros ERP académico,Valor directo de columna deserción,2026-06-15 21:15:50,fca83e77-1ed1-4030-a113-08ad3f9b96f5,1.0
RI02_desempeño,RIESGO_INT,riesgo,desempeño,,,E2019THQ2210,NA,NA,0.752,riesgos_internos.csv,Registros ERP académico,Valor directo de columna desempeño,2026-06-15 21:15:50,fca83e77-1ed1-4030-a113-08ad3f9b96f5,1.0
RI02_repitencia,RIESGO_INT,riesgo,repitencia,,,E2019THQ2210,NA,NA,340.0,riesgos_internos.csv,Registros ERP académico,Valor directo de columna repitencia,2026-06-15 21:15:50,fca83e77-1ed1-4030-a113-08ad3f9b96f5,1.0
RI02_deserción,RIESGO_INT,riesgo,deserción,,,E2019THQ2210,NA,NA,0.0,riesgos_internos.csv,Registros ERP académico,Valor directo de columna deserción,2026-06-15 21:15:50,fca83e77-1ed1-4030-a113-08ad3f9b96f5,1.0
RI03_desempeño,RIESGO_INT,riesgo,desempeño,,,E2019KCY7676,NA,NA,0.749,riesgos_internos.csv,Registros ERP académico,Valor directo de columna desempeño,2026-06-15 21:15:50,fca83e77-1ed1-4030-a113-08ad3f9b96f5,1.0
RI03_repitencia,RIESGO_INT,riesgo,repitencia,,,E2019KCY7676,NA,NA,352.0,riesgos_internos.csv,Registros ERP académico,Valor directo de columna repitencia,2026-06-15 21:15:50,fca83e77-1ed1-4030-a113-08ad3f9b96f5,1.0
RI03_deserción,RIESGO_INT,riesgo,deserción,,,E2019KCY7676,NA,NA,0.0,riesgos_internos.csv,Registros ERP académico,Valor directo de columna deserción,2026-06-15 21:15:50,fca83e77-1ed1-4030-a113-08ad3f9b96f5,1.0
RI04_desempeño,RIESGO_INT,riesgo,desempeño,,,E2019RUP7956,NA,NA,0.733,riesgos_internos.csv,Registros ERP académico,Valor directo de columna desempeño,2026-06-15 21:15:50,fca83e77-1ed1-4030-a113-08ad3f9b96f5,1.0
RI04_repitencia,RIESGO_INT,riesgo,repitencia,,,E2019RUP7956,NA,NA,5.0,riesgos_internos.csv,Registros ERP académico,Valor directo de columna repitencia,2026-06-15 21:15:50,fca83e77-1ed1-4030-a113-08ad3f9b96f5,1.0
RI04_deserción,RIESGO_INT,riesgo,deserción,,,E2019RUP7956,NA,NA,1.0,riesgos_internos.csv,Registros ERP académico,Valor directo de columna deserción,2026-06-15 21:15:50,fca83e77-1ed1-4030-a113-08ad3f9b96f5,1.0
RI05_desempeño,RIESGO_INT,riesgo,desempeño,,,E2019MXA1768,NA,NA,0.751,riesgos_internos.csv,Registros ERP académico,Valor directo de columna desempeño,2026-06-15 21:15:50,fca83e77-1ed1-4030-a113-08ad3f9b96f5,1.0
RI05_repitencia,RIESGO_INT,riesgo,repitencia,,,E2019MXA1768,NA,NA,344.0,riesgos_internos.csv,Registros ERP académico,Valor directo de columna repitencia,2026-06-15 21:15:50,fca83e77-1ed1-4030-a113-08ad3f9b96f5,1.0
RI05_deserción,RIESGO_INT,riesgo,deserción,,,E2019MXA1768,NA,NA,0.0,riesgos_internos.csv,Registros ERP académico,Valor directo de columna deserción,2026-06-15 21:15:50,fca83e77-1ed1-4030-a113-08ad3f9b96f5,1.0
RI06_desempeño,RIESGO_INT,riesgo,desempeño,,,E2019POD1811,NA,NA,0.755,riesgos_internos.csv,Registros ERP académico,Valor directo de columna desempeño,2026-06-15 21:15:50,fca83e77-1ed1-4030-a113-08ad3f9b96f5,1.0
RI06_repitencia,RIESGO_INT,riesgo,repitencia,,,E2019POD1811,NA,NA,341.0,riesgos_internos.csv,Registros ERP académico,Valor directo de columna repitencia,2026-06-15 21:15:50,fca83e77-1ed1-4030-a113-08ad3f9b96f5,1.0
RI06_deserción,RIESGO_INT,riesgo,deserción,,,E2019POD1811,NA,NA,0.0,riesgos_internos.csv,Registros ERP académico,Valor directo de columna deserción,2026-06-15 21:15:50,fca83e77-1ed1-4030-a113-08ad3f9b96f5,1.0
RI07_desempeño,RIESGO_INT,riesgo,desempeño,,,E2019CFG9667,NA,NA,0.753,riesgos_internos.csv,Registros ERP académico,Valor directo de columna desempeño,2026-06-15 21:15:50,fca83e77-1ed1-4030-a113-08ad3f9b96f5,1.0
RI07_repitencia,RIESGO_INT,riesgo,repitencia,,,E2019CFG9667,NA,NA,343.0,riesgos_internos.csv,Registros ERP académico,Valor directo de columna repitencia,2026-06-15 21:15:50,fca83e77-1ed1-4030-a113-08ad3f9b96f5,1.0
RI07_deserción,RIESGO_INT,riesgo,deserción,,,E2019CFG9667,NA,NA,0.0,riesgos_internos.csv,Registros ERP académico,Valor directo de columna deserción,2026-06-15 21:15:50,fca83e77-1ed1-4030-a113-08ad3f9b96f5,1.0
RI08_desempeño,RIESGO_INT,riesgo,desempeño,,,E2019FIV2507,NA,NA,0.759,riesgos_internos.csv,Registros ERP académico,Valor directo de columna desempeño,2026-06-15 21:15:50,fca83e77-1ed1-4030-a113-08ad3f9b96f5,1.0
RI08_repitencia,RIESGO_INT,riesgo,repitencia,,,E2019FIV2507,NA,NA,320.0,riesgos_internos.csv,Registros ERP académico,Valor directo de columna repitencia,2026-06-15 21:15:50,fca83e77-1ed1-4030-a113-08ad3f9b96f5,1.0
RI08_deserción,RIESGO_INT,riesgo,deserción,,,E2019FIV2507,NA,NA,0.0,riesgos_internos.csv,Registros ERP académico,Valor directo de columna deserción,2026-06-15 21:15:50,fca83e77-1ed1-4030-a113-08ad3f9b96f5,1.0
RI09_desempeño,RIESGO_INT,riesgo,desempeño,,,E2019PPG2525,NA,NA,0.758,riesgos_internos.csv,Registros ERP académico,Valor directo de columna desempeño,2026-06-15 21:15:50,fca83e77-1ed1-4030-a113-08ad3f9b96f5,1.0
RI09_repitencia,RIESGO_INT,riesgo,repitencia,,,E2019PPG2525,NA,NA,324.0,riesgos_internos.csv,Registros ERP académico,Valor directo de columna repitencia,2026-06-15 21:15:50,fca83e77-1ed1-4030-a113-08ad3f9b96f5,1.0
RI09_deserción,RIESGO_INT,riesgo,deserción,,,E2019PPG2525,NA,NA,0.0,riesgos_internos.csv,Registros ERP académico,Valor directo de columna deserción,2026-06-15 21:15:50,fca83e77-1ed1-4030-a113-08ad3f9b96f5,1.0
RI10_desempeño,RIESGO_INT,riesgo,desempeño,,,E2019UNW6703,NA,NA,0.748,riesgos_internos.csv,Registros ERP académico,Valor directo de columna desempeño,2026-06-15 21:15:50,fca83e77-1ed1-4030-a113-08ad3f9b96f5,1.0
RI10_repitencia,RIESGO_INT,riesgo,repitencia,,,E2019UNW6703,NA,NA,358.0,riesgos_internos.csv,Registros ERP académico,Valor directo de columna repitencia,2026-06-15 21:15:50,fca83e77-1ed1-4030-a113-08ad3f9b96f5,1.0
RI10_deserción,RIESGO_INT,riesgo,deserción,,,E2019UNW6703,NA,NA,0.0,riesgos_internos.csv,Registros ERP académico,Valor directo de columna deserción,2026-06-15 21:15:50,fca83e77-1ed1-4030-a113-08ad3f9b96f5,1.0
RI11_desempeño,RIESGO_INT,riesgo,desempeño,,,E2019CHO2546,NA,NA,0.752,riesgos_internos.csv,Registros ERP académico,Valor directo de columna desempeño,2026-06-15 21:15:50,fca83e77-1ed1-4030-a113-08ad3f9b96f5,1.0
RI11_repitencia,RIESGO_INT,riesgo,repitencia,,,E2019CHO2546,NA,NA,343.0,riesgos_internos.csv,Registros ERP académico,Valor directo de columna repitencia,2026-06-15 21:15:50,fca83e77-1ed1-4030-a113-08ad3f9b96f5,1.0
RI11_deserción,RIESGO_INT,riesgo,deserción,,,E2019CHO2546,NA,NA,0.0,riesgos_internos.csv,Registros ERP académico,Valor directo de columna deserción,2026-06-15 21:15:50,fca83e77-1ed1-4030-a113-08ad3f9b96f5,1.0
RI12_desempeño,RIESGO_INT,riesgo,desempeño,,,E2019RYO8290,NA,NA,0.753,riesgos_internos.csv,Registros ERP académico,Valor directo de columna desempeño,2026-06-15 21:15:50,fca83e77-1ed1-4030-a113-08ad3f9b96f5,1.0
RI12_repitencia,RIESGO_INT,riesgo,repitencia,,,E2019RYO8290,NA,NA,343.0,riesgos_internos.csv,Registros ERP académico,Valor directo de columna repitencia,2026-06-15 21:15:50,fca83e77-1ed1-4030-a113-08ad3f9b96f5,1.0
RI12_deserción,RIESGO_INT,riesgo,deserción,,,E2019RYO8290,NA,NA,0.0,riesgos_internos.csv,Registros ERP académico,Valor directo de columna deserción,2026-06-15 21:15:50,fca83e77-1ed1-4030-a113-08ad3f9b96f5,1.0
RI13_desempeño,RIESGO_INT,riesgo,desempeño,,,E2019PKI2442,NA,NA,0.748,riesgos_internos.csv,Registros ERP académico,Valor directo de columna desempeño,2026-06-15 21:15:50,fca83e77-1ed1-4030-a113-08ad3f9b96f5,1.0
RI13_repitencia,RIESGO_INT,riesgo,repitencia,,,E2019PKI2442,NA,NA,355.0,riesgos_internos.csv,Registros ERP académico,Valor directo de columna repitencia,2026-06-15 21:15:50,fca83e77-1ed1-4030-a113-08ad3f9b96f5,1.0
RI13_deserción,RIESGO_INT,riesgo,deserción,,,E2019PKI2442,NA,NA,0.0,riesgos_internos.csv,Registros ERP académico,Valor directo de columna deserción,2026-06-15 21:15:50,fca83e77-1ed1-4030-a113-08ad3f9b96f5,1.0
RI14_desempeño,RIESGO_INT,riesgo,desempeño,,,E2019WOD9104,NA,NA,0.749,riesgos_internos.csv,Registros ERP académico,Valor directo de columna desempeño,2026-06-15 21:15:50,fca83e77-1ed1-4030-a113-08ad3f9b96f5,1.0
RI14_repitencia,RIESGO_INT,riesgo,repitencia,,,E2019WOD9104,NA,NA,345.0,riesgos_internos.csv,Registros ERP académico,Valor directo de columna repitencia,2026-06-15 21:15:50,fca83e77-1ed1-4030-a113-08ad3f9b96f5,1.0
RI14_deserción,RIESGO_INT,riesgo,deserción,,,E2019WOD9104,NA,NA,0.0,riesgos_internos.csv,Registros ERP académico,Valor directo de columna deserción,2026-06-15 21:15:50,fca83e77-1ed1-4030-a113-08ad3f9b96f5,1.0
RI15_desempeño,RIESGO_INT,riesgo,desempeño,,,E2019NRS5184,NA,NA,0.745,riesgos_internos.csv,Registros ERP académico,Valor directo de columna desempeño,2026-06-15 21:15:50,fca83e77-1ed1-4030-a113-08ad3f9b96f5,1.0
RI15_repitencia,RIESGO_INT,riesgo,repitencia,,,E2019NRS5184,NA,NA,354.0,riesgos_internos.csv,Registros ERP académico,Valor directo de columna repitencia,2026-06-15 21:15:50,fca83e77-1ed1-4030-a113-08ad3f9b96f5,1.0
RI15_deserción,RIESGO_INT,riesgo,deserción,,,E2019NRS5184,NA,NA,0.0,riesgos_internos.csv,Registros ERP académico,Valor directo de columna deserción,2026-06-15 21:15:50,fca83e77-1ed1-4030-a113-08ad3f9b96f5,1.0
RI16_desempeño,RIESGO_INT,riesgo,desempeño,,,E2019HQR9042,NA,NA,0.75,riesgos_internos.csv,Registros ERP académico,Valor directo de columna desempeño,2026-06-15 21:15:50,fca83e77-1ed1-4030-a113-08ad3f9b96f5,1.0
RI16_repitencia,RIESGO_INT,riesgo,repitencia,,,E2019HQR9042,NA,NA,353.0,riesgos_internos.csv,Registros ERP académico,Valor directo de columna repitencia,2026-06-15 21:15:50,fca83e77-1ed1-4030-a113-08ad3f9b96f5,1.0
RI16_deserción,RIESGO_INT,riesgo,deserción,,,E2019HQR9042,NA,NA,0.0,riesgos_internos.csv,Registros ERP académico,Valor directo de columna deserción,2026-06-15 21:15:50,fca83e77-1ed1-4030-a113-08ad3f9b96f5,1.0
RI17_desempeño,RIESGO_INT,riesgo,desempeño,,,E2019PCA3099,NA,NA,0.748,riesgos_internos.csv,Registros ERP académico,Valor directo de columna desempeño,2026-06-15 21:15:50,fca83e77-1ed1-4030-a113-08ad3f9b96f5,1.0
RI17_repitencia,RIESGO_INT,riesgo,repitencia,,,E2019PCA3099,NA,NA,355.0,riesgos_internos.csv,Registros ERP académico,Valor directo de columna repitencia,2026-06-15 21:15:50,fca83e77-1ed1-4030-a113-08ad3f9b96f5,1.0
RI17_deserción,RIESGO_INT,riesgo,deserción,,,E2019PCA3099,NA,NA,0.0,riesgos_internos.csv,Registros ERP académico,Valor directo de columna deserción,2026-06-15 21:15:50,fca83e77-1ed1-4030-a113-08ad3f9b96f5,1.0
RI18_desempeño,RIESGO_INT,riesgo,desempeño,,,E2019WHU3805,NA,NA,0.755,riesgos_internos.csv,Registros ERP académico,Valor directo de columna desempeño,2026-06-15 21:15:50,fca83e77-1ed1-4030-a113-08ad3f9b96f5,1.0
RI18_repitencia,RIESGO_INT,riesgo,repitencia,,,E2019WHU3805,NA,NA,329.0,riesgos_internos.csv,Registros ERP académico,Valor directo de columna repitencia,2026-06-15 21:15:50,fca83e77-1ed1-4030-a113-08ad3f9b96f5,1.0
RI18_deserción,RIESGO_INT,riesgo,deserción,,,E2019WHU3805,NA,NA,0.0,riesgos_internos.csv,Registros ERP académico,Valor directo de columna deserción,2026-06-15 21:15:50,fca83e77-1ed1-4030-a113-08ad3f9b96f5,1.0
RI19_desempeño,RIESGO_INT,riesgo,desempeño,,,E2019WTI7216,NA,NA,0.765,riesgos_internos.csv,Registros ERP académico,Valor directo de columna desempeño,2026-06-15 21:15:50,fca83e77-1ed1-4030-a113-08ad3f9b96f5,1.0
RI19_repitencia,RIESGO_INT,riesgo,repitencia,,,E2019WTI7216,NA,NA,16.0,riesgos_internos.csv,Registros ERP académico,Valor directo de columna repitencia,2026-06-15 21:15:50,fca83e77-1ed1-4030-a113-08ad3f9b96f5,1.0
RI19_deserción,RIESGO_INT,riesgo,deserción,,,E2019WTI7216,NA,NA,1.0,riesgos_internos.csv,Registros ERP académico,Valor directo de columna deserción,2026-06-15 21:15:50,fca83e77-1ed1-4030-a113-08ad3f9b96f5,1.0
RI20_desempeño,RIESGO_INT,riesgo,desempeño,,,E2019XEC3218,NA,NA,0.748,riesgos_internos.csv,Registros ERP académico,Valor directo de columna desempeño,2026-06-15 21:15:50,fca83e77-1ed1-4030-a113-08ad3f9b96f5,1.0
RI20_repitencia,RIESGO_INT,riesgo,repitencia,,,E2019XEC3218,NA,NA,343.0,riesgos_internos.csv,Registros ERP académico,Valor directo de columna repitencia,2026-06-15 21:15:50,fca83e77-1ed1-4030-a113-08ad3f9b96f5,1.0
RI20_deserción,RIESGO_INT,riesgo,deserción,,,E2019XEC3218,NA,NA,0.0,riesgos_internos.csv,Registros ERP académico,Valor directo de columna deserción,2026-06-15 21:15:50,fca83e77-1ed1-4030-a113-08ad3f9b96f5,1.0
RI21_desempeño,RIESGO_INT,riesgo,desempeño,,,E2019PXT4059,NA,NA,0.75,riesgos_internos.csv,Registros ERP académico,Valor directo de columna desempeño,2026-06-15 21:15:50,fca83e77-1ed1-4030-a113-08ad3f9b96f5,1.0
RI21_repitencia,RIESGO_INT,riesgo,repitencia,,,E2019PXT4059,NA,NA,329.0,riesgos_internos.csv,Registros ERP académico,Valor directo de columna repitencia,2026-06-15 21:15:50,fca83e77-1ed1-4030-a113-08ad3f9b96f5,1.0
RI21_deserción,RIESGO_INT,riesgo,deserción,,,E2019PXT4059,NA,NA,0.0,riesgos_internos.csv,Registros ERP académico,Valor directo de columna deserción,2026-06-15 21:15:50,fca83e77-1ed1-4030-a113-08ad3f9b96f5,1.0
RI22_desempeño,RIESGO_INT,riesgo,desempeño,,,E2019JJJ4915,NA,NA,0.746,riesgos_internos.csv,Registros ERP académico,Valor directo de columna desempeño,2026-06-15 21:15:50,fca83e77-1ed1-4030-a113-08ad3f9b96f5,1.0
RI22_repitencia,RIESGO_INT,riesgo,repitencia,,,E2019JJJ4915,NA,NA,346.0,riesgos_internos.csv,Registros ERP académico,Valor directo de columna repitencia,2026-06-15 21:15:50,fca83e77-1ed1-4030-a113-08ad3f9b96f5,1.0
RI22_deserción,RIESGO_INT,riesgo,deserción,,,E2019JJJ4915,NA,NA,0.0,riesgos_internos.csv,Registros ERP académico,Valor directo de columna deserción,2026-06-15 21:15:50,fca83e77-1ed1-4030-a113-08ad3f9b96f5,1.0
RI23_desempeño,RIESGO_INT,riesgo,desempeño,,,E2019XLJ9806,NA,NA,0.757,riesgos_internos.csv,Registros ERP académico,Valor directo de columna desempeño,2026-06-15 21:15:50,fca83e77-1ed1-4030-a113-08ad3f9b96f5,1.0
RI23_repitencia,RIESGO_INT,riesgo,repitencia,,,E2019XLJ9806,NA,NA,335.0,riesgos_internos.csv,Registros ERP académico,Valor directo de columna repitencia,2026-06-15 21:15:50,fca83e77-1ed1-4030-a113-08ad3f9b96f5,1.0
RI23_deserción,RIESGO_INT,riesgo,deserción,,,E2019XLJ9806,NA,NA,0.0,riesgos_internos.csv,Registros ERP académico,Valor directo de columna deserción,2026-06-15 21:15:50,fca83e77-1ed1-4030-a113-08ad3f9b96f5,1.0
RI24_desempeño,RIESGO_INT,riesgo,desempeño,,,E2019XBI1587,NA,NA,0.743,riesgos_internos.csv,Registros ERP académico,Valor directo de columna desempeño,2026-06-15 21:15:50,fca83e77-1ed1-4030-a113-08ad3f9b96f5,1.0
RI24_repitencia,RIESGO_INT,riesgo,repitencia,,,E2019XBI1587,NA,NA,357.0,riesgos_internos.csv,Registros ERP académico,Valor directo de columna repitencia,2026-06-15 21:15:50,fca83e77-1ed1-4030-a113-08ad3f9b96f5,1.0
RI24_deserción,RIESGO_INT,riesgo,deserción,,,E2019XBI1587,NA,NA,0.0,riesgos_internos.csv,Registros ERP académico,Valor directo de columna deserción,2026-06-15 21:15:50,fca83e77-1ed1-4030-a113-08ad3f9b96f5,1.0
RI25_desempeño,RIESGO_INT,riesgo,desempeño,,,E2019DXW4824,NA,NA,0.749,riesgos_internos.csv,Registros ERP académico,Valor directo de columna desempeño,2026-06-15 21:15:50,fca83e77-1ed1-4030-a113-08ad3f9b96f5,1.0
RI25_repitencia,RIESGO_INT,riesgo,repitencia,,,E2019DXW4824,NA,NA,353.0,riesgos_internos.csv,Registros ERP académico,Valor directo de columna repitencia,2026-06-15 21:15:50,fca83e77-1ed1-4030-a113-08ad3f9b96f5,1.0
RI25_deserción,RIESGO_INT,riesgo,deserción,,,E2019DXW4824,NA,NA,0.0,riesgos_internos.csv,Registros ERP académico,Valor directo de columna deserción,2026-06-15 21:15:50,fca83e77-1ed1-4030-a113-08ad3f9b96f5,1.0
RI26_desempeño,RIESGO_INT,riesgo,desempeño,,,E2019PRO1104,NA,NA,0.745,riesgos_internos.csv,Registros ERP académico,Valor directo de columna desempeño,2026-06-15 21:15:50,fca83e77-1ed1-4030-a113-08ad3f9b96f5,1.0
RI26_repitencia,RIESGO_INT,riesgo,repitencia,,,E2019PRO1104,NA,NA,358.0,riesgos_internos.csv,Registros ERP académico,Valor directo de columna repitencia,2026-06-15 21:15:50,fca83e77-1ed1-4030-a113-08ad3f9b96f5,1.0
RI26_deserción,RIESGO_INT,riesgo,deserción,,,E2019PRO1104,NA,NA,0.0,riesgos_internos.csv,Registros ERP académico,Valor directo de columna deserción,2026-06-15 21:15:50,fca83e77-1ed1-4030-a113-08ad3f9b96f5,1.0
RI27_desempeño,RIESGO_INT,riesgo,desempeño,,,E2019RRD9919,NA,NA,0.754,riesgos_internos.csv,Registros ERP académico,Valor directo de columna desempeño,2026-06-15 21:15:50,fca83e77-1ed1-4030-a113-08ad3f9b96f5,1.0
RI27_repitencia,RIESGO_INT,riesgo,repitencia,,,E2019RRD9919,NA,NA,335.0,riesgos_internos.csv,Registros ERP académico,Valor directo de columna repitencia,2026-06-15 21:15:50,fca83e77-1ed1-4030-a113-08ad3f9b96f5,1.0
RI27_deserción,RIESGO_INT,riesgo,deserción,,,E2019RRD9919,NA,NA,0.0,riesgos_internos.csv,Registros ERP académico,Valor directo de columna deserción,2026-06-15 21:15:50,fca83e77-1ed1-4030-a113-08ad3f9b96f5,1.0
RI28_desempeño,RIESGO_INT,riesgo,desempeño,,,E2019XHI0340,NA,NA,0.752,riesgos_internos.csv,Registros ERP académico,Valor directo de columna desempeño,2026-06-15 21:15:50,fca83e77-1ed1-4030-a113-08ad3f9b96f5,1.0
RI28_repitencia,RIESGO_INT,riesgo,repitencia,,,E2019XHI0340,NA,NA,347.0,riesgos_internos.csv,Registros ERP académico,Valor directo de columna repitencia,2026-06-15 21:15:50,fca83e77-1ed1-4030-a113-08ad3f9b96f5,1.0
RI28_deserción,RIESGO_INT,riesgo,deserción,,,E2019XHI0340,NA,NA,0.0,riesgos_internos.csv,Registros ERP académico,Valor directo de columna deserción,2026-06-15 21:15:50,fca83e77-1ed1-4030-a113-08ad3f9b96f5,1.0
RI29_desempeño,RIESGO_INT,riesgo,desempeño,,,E2019XWX6841,NA,NA,0.742,riesgos_internos.csv,Registros ERP académico,Valor directo de columna desempeño,2026-06-15 21:15:50,fca83e77-1ed1-4030-a113-08ad3f9b96f5,1.0
RI29_repitencia,RIESGO_INT,riesgo,repitencia,,,E2019XWX6841,NA,NA,364.0,riesgos_internos.csv,Registros ERP académico,Valor directo de columna repitencia,2026-06-15 21:15:50,fca83e77-1ed1-4030-a113-08ad3f9b96f5,1.0
RI29_deserción,RIESGO_INT,riesgo,deserción,,,E2019XWX6841,NA,NA,0.0,riesgos_internos.csv,Registros ERP académico,Valor directo de columna deserción,2026-06-15 21:15:50,fca83e77-1ed1-4030-a113-08ad3f9b96f5,1.0
RI30_desempeño,RIESGO_INT,riesgo,desempeño,,,E2019YON6306,NA,NA,0.754,riesgos_internos.csv,Registros ERP académico,Valor directo de columna desempeño,2026-06-15 21:15:50,fca83e77-1ed1-4030-a113-08ad3f9b96f5,1.0
RI30_repitencia,RIESGO_INT,riesgo,repitencia,,,E2019YON6306,NA,NA,337.0,riesgos_internos.csv,Registros ERP académico,Valor directo de columna repitencia,2026-06-15 21:15:50,fca83e77-1ed1-4030-a113-08ad3f9b96f5,1.0
RI30_deserción,RIESGO_INT,riesgo,deserción,,,E2019YON6306,NA,NA,0.0,riesgos_internos.csv,Registros ERP académico,Valor directo de columna deserción,2026-06-15 21:15:50,fca83e77-1ed1-4030-a113-08ad3f9b96f5,1.0
RI31_desempeño,RIESGO_INT,riesgo,desempeño,,,E2019OKM0061,NA,NA,0.748,riesgos_internos.csv,Registros ERP académico,Valor directo de columna desempeño,2026-06-15 21:15:50,fca83e77-1ed1-4030-a113-08ad3f9b96f5,1.0
RI31_repitencia,RIESGO_INT,riesgo,repitencia,,,E2019OKM0061,NA,NA,357.0,riesgos_internos.csv,Registros ERP académico,Valor directo de columna repitencia,2026-06-15 21:15:50,fca83e77-1ed1-4030-a113-08ad3f9b96f5,1.0
RI31_deserción,RIESGO_INT,riesgo,deserción,,,E2019OKM0061,NA,NA,0.0,riesgos_internos.csv,Registros ERP académico,Valor directo de columna deserción,2026-06-15 21:15:50,fca83e77-1ed1-4030-a113-08ad3f9b96f5,1.0
RI32_desempeño,RIESGO_INT,riesgo,desempeño,,,E2019EZV1191,NA,NA,0.746,riesgos_internos.csv,Registros ERP académico,Valor directo de columna desempeño,2026-06-15 21:15:50,fca83e77-1ed1-4030-a113-08ad3f9b96f5,1.0
RI32_repitencia,RIESGO_INT,riesgo,repitencia,,,E2019EZV1191,NA,NA,352.0,riesgos_internos.csv,Registros ERP académico,Valor directo de columna repitencia,2026-06-15 21:15:50,fca83e77-1ed1-4030-a113-08ad3f9b96f5,1.0
RI32_deserción,RIESGO_INT,riesgo,deserción,,,E2019EZV1191,NA,NA,0.0,riesgos_internos.csv,Registros ERP académico,Valor directo de columna deserción,2026-06-15 21:15:50,fca83e77-1ed1-4030-a113-08ad3f9b96f5,1.0
RI33_desempeño,RIESGO_INT,riesgo,desempeño,,,E2019XNO2063,NA,NA,0.753,riesgos_internos.csv,Registros ERP académico,Valor directo de columna desempeño,2026-06-15 21:15:50,fca83e77-1ed1-4030-a113-08ad3f9b96f5,1.0
RI33_repitencia,RIESGO_INT,riesgo,repitencia,,,E2019XNO2063,NA,NA,325.0,riesgos_internos.csv,Registros ERP académico,Valor directo de columna repitencia,2026-06-15 21:15:50,fca83e77-1ed1-4030-a113-08ad3f9b96f5,1.0
RI33_deserción,RIESGO_INT,riesgo,deserción,,,E2019XNO2063,NA,NA,0.0,riesgos_internos.csv,Registros ERP académico,Valor directo de columna deserción,2026-06-15 21:15:50,fca83e77-1ed1-4030-a113-08ad3f9b96f5,1.0
RI34_desempeño,RIESGO_INT,riesgo,desempeño,,,E2019DGT4077,NA,NA,0.748,riesgos_internos.csv,Registros ERP académico,Valor directo de columna desempeño,2026-06-15 21:15:50,fca83e77-1ed1-4030-a113-08ad3f9b96f5,1.0
RI34_repitencia,RIESGO_INT,riesgo,repitencia,,,E2019DGT4077,NA,NA,350.0,riesgos_internos.csv,Registros ERP académico,Valor directo de columna repitencia,2026-06-15 21:15:50,fca83e77-1ed1-4030-a113-08ad3f9b96f5,1.0
RI34_deserción,RIESGO_INT,riesgo,deserción,,,E2019DGT4077,NA,NA,0.0,riesgos_internos.csv,Registros ERP académico,Valor directo de columna deserción,2026-06-15 21:15:50,fca83e77-1ed1-4030-a113-08ad3f9b96f5,1.0
RI35_desempeño,RIESGO_INT,riesgo,desempeño,,,E2019BJR3003,NA,NA,0.75,riesgos_internos.csv,Registros ERP académico,Valor directo de columna desempeño,2026-06-15 21:15:50,fca83e77-1ed1-4030-a113-08ad3f9b96f5,1.0
RI35_repitencia,RIESGO_INT,riesgo,repitencia,,,E2019BJR3003,NA,NA,339.0,riesgos_internos.csv,Registros ERP académico,Valor directo de columna repitencia,2026-06-15 21:15:50,fca83e77-1ed1-4030-a113-08ad3f9b96f5,1.0
RI35_deserción,RIESGO_INT,riesgo,deserción,,,E2019BJR3003,NA,NA,0.0,riesgos_internos.csv,Registros ERP académico,Valor directo de columna deserción,2026-06-15 21:15:50,fca83e77-1ed1-4030-a113-08ad3f9b96f5,1.0
RI36_desempeño,RIESGO_INT,riesgo,desempeño,,,E2020BML6772,NA,NA,0.754,riesgos_internos.csv,Registros ERP académico,Valor directo de columna desempeño,2026-06-15 21:15:50,fca83e77-1ed1-4030-a113-08ad3f9b96f5,1.0
RI36_repitencia,RIESGO_INT,riesgo,repitencia,,,E2020BML6772,NA,NA,289.0,riesgos_internos.csv,Registros ERP académico,Valor directo de columna repitencia,2026-06-15 21:15:50,fca83e77-1ed1-4030-a113-08ad3f9b96f5,1.0
RI36_deserción,RIESGO_INT,riesgo,deserción,,,E2020BML6772,NA,NA,0.0,riesgos_internos.csv,Registros ERP académico,Valor directo de columna deserción,2026-06-15 21:15:50,fca83e77-1ed1-4030-a113-08ad3f9b96f5,1.0
RI37_desempeño,RIESGO_INT,riesgo,desempeño,,,E2020BTW1281,NA,NA,0.756,riesgos_internos.csv,Registros ERP académico,Valor directo de columna desempeño,2026-06-15 21:15:50,fca83e77-1ed1-4030-a113-08ad3f9b96f5,1.0
RI37_repitencia,RIESGO_INT,riesgo,repitencia,,,E2020BTW1281,NA,NA,293.0,riesgos_internos.csv,Registros ERP académico,Valor directo de columna repitencia,2026-06-15 21:15:50,fca83e77-1ed1-4030-a113-08ad3f9b96f5,1.0
RI37_deserción,RIESGO_INT,riesgo,deserción,,,E2020BTW1281,NA,NA,0.0,riesgos_internos.csv,Registros ERP académico,Valor directo de columna deserción,2026-06-15 21:15:50,fca83e77-1ed1-4030-a113-08ad3f9b96f5,1.0
RI38_desempeño,RIESGO_INT,riesgo,desempeño,,,E2020TQC8965,NA,NA,0.749,riesgos_internos.csv,Registros ERP académico,Valor directo de columna desempeño,2026-06-15 21:15:50,fca83e77-1ed1-4030-a113-08ad3f9b96f5,1.0
RI38_repitencia,RIESGO_INT,riesgo,repitencia,,,E2020TQC8965,NA,NA,312.0,riesgos_internos.csv,Registros ERP académico,Valor directo de columna repitencia,2026-06-15 21:15:50,fca83e77-1ed1-4030-a113-08ad3f9b96f5,1.0
RI38_deserción,RIESGO_INT,riesgo,deserción,,,E2020TQC8965,NA,NA,0.0,riesgos_internos.csv,Registros ERP académico,Valor directo de columna deserción,2026-06-15 21:15:50,fca83e77-1ed1-4030-a113-08ad3f9b96f5,1.0
RI39_desempeño,RIESGO_INT,riesgo,desempeño,,,E2020PCI0688,NA,NA,0.756,riesgos_internos.csv,Registros ERP académico,Valor directo de columna desempeño,2026-06-15 21:15:50,fca83e77-1ed1-4030-a113-08ad3f9b96f5,1.0
RI39_repitencia,RIESGO_INT,riesgo,repitencia,,,E2020PCI0688,NA,NA,289.0,riesgos_internos.csv,Registros ERP académico,Valor directo de columna repitencia,2026-06-15 21:15:50,fca83e77-1ed1-4030-a113-08ad3f9b96f5,1.0
RI39_deserción,RIESGO_INT,riesgo,deserción,,,E2020PCI0688,NA,NA,0.0,riesgos_internos.csv,Registros ERP académico,Valor directo de columna deserción,2026-06-15 21:15:50,fca83e77-1ed1-4030-a113-08ad3f9b96f5,1.0
RI40_desempeño,RIESGO_INT,riesgo,desempeño,,,E2020IJR7991,NA,NA,0.744,riesgos_internos.csv,Registros ERP académico,Valor directo de columna desempeño,2026-06-15 21:15:50,fca83e77-1ed1-4030-a113-08ad3f9b96f5,1.0
RI40_repitencia,RIESGO_INT,riesgo,repitencia,,,E2020IJR7991,NA,NA,321.0,riesgos_internos.csv,Registros ERP académico,Valor directo de columna repitencia,2026-06-15 21:15:50,fca83e77-1ed1-4030-a113-08ad3f9b96f5,1.0
RI40_deserción,RIESGO_INT,riesgo,deserción,,,E2020IJR7991,NA,NA,0.0,riesgos_internos.csv,Registros ERP académico,Valor directo de columna deserción,2026-06-15 21:15:50,fca83e77-1ed1-4030-a113-08ad3f9b96f5,1.0
RI41_desempeño,RIESGO_INT,riesgo,desempeño,,,E2020LNJ0384,NA,NA,0.757,riesgos_internos.csv,Registros ERP académico,Valor directo de columna desempeño,2026-06-15 21:15:50,fca83e77-1ed1-4030-a113-08ad3f9b96f5,1.0
RI41_repitencia,RIESGO_INT,riesgo,repitencia,,,E2020LNJ0384,NA,NA,283.0,riesgos_internos.csv,Registros ERP académico,Valor directo de columna repitencia,2026-06-15 21:15:50,fca83e77-1ed1-4030-a113-08ad3f9b96f5,1.0
RI41_deserción,RIESGO_INT,riesgo,deserción,,,E2020LNJ0384,NA,NA,0.0,riesgos_internos.csv,Registros ERP académico,Valor directo de columna deserción,2026-06-15 21:15:50,fca83e77-1ed1-4030-a113-08ad3f9b96f5,1.0
RI42_desempeño,RIESGO_INT,riesgo,desempeño,,,E2020XBV5273,NA,NA,0.751,riesgos_internos.csv,Registros ERP académico,Valor directo de columna desempeño,2026-06-15 21:15:50,fca83e77-1ed1-4030-a113-08ad3f9b96f5,1.0
RI42_repitencia,RIESGO_INT,riesgo,repitencia,,,E2020XBV5273,NA,NA,310.0,riesgos_internos.csv,Registros ERP académico,Valor directo de columna repitencia,2026-06-15 21:15:50,fca83e77-1ed1-4030-a113-08ad3f9b96f5,1.0
RI42_deserción,RIESGO_INT,riesgo,deserción,,,E2020XBV5273,NA,NA,0.0,riesgos_internos.csv,Registros ERP académico,Valor directo de columna deserción,2026-06-15 21:15:50,fca83e77-1ed1-4030-a113-08ad3f9b96f5,1.0
RI43_desempeño,RIESGO_INT,riesgo,desempeño,,,E2020HQM1054,NA,NA,0.747,riesgos_internos.csv,Registros ERP académico,Valor directo de columna desempeño,2026-06-15 21:15:50,fca83e77-1ed1-4030-a113-08ad3f9b96f5,1.0
RI43_repitencia,RIESGO_INT,riesgo,repitencia,,,E2020HQM1054,NA,NA,295.0,riesgos_internos.csv,Registros ERP académico,Valor directo de columna repitencia,2026-06-15 21:15:50,fca83e77-1ed1-4030-a113-08ad3f9b96f5,1.0
RI43_deserción,RIESGO_INT,riesgo,deserción,,,E2020HQM1054,NA,NA,0.0,riesgos_internos.csv,Registros ERP académico,Valor directo de columna deserción,2026-06-15 21:15:50,fca83e77-1ed1-4030-a113-08ad3f9b96f5,1.0
RI44_desempeño,RIESGO_INT,riesgo,desempeño,,,E2020TZG2180,NA,NA,0.743,riesgos_internos.csv,Registros ERP académico,Valor directo de columna desempeño,2026-06-15 21:15:50,fca83e77-1ed1-4030-a113-08ad3f9b96f5,1.0
RI44_repitencia,RIESGO_INT,riesgo,repitencia,,,E2020TZG2180,NA,NA,319.0,riesgos_internos.csv,Registros ERP académico,Valor directo de columna repitencia,2026-06-15 21:15:50,fca83e77-1ed1-4030-a113-08ad3f9b96f5,1.0
RI44_deserción,RIESGO_INT,riesgo,deserción,,,E2020TZG2180,NA,NA,0.0,riesgos_internos.csv,Registros ERP académico,Valor directo de columna deserción,2026-06-15 21:15:50,fca83e77-1ed1-4030-a113-08ad3f9b96f5,1.0
RI45_desempeño,RIESGO_INT,riesgo,desempeño,,,E2020MKG3770,NA,NA,0.747,riesgos_internos.csv,Registros ERP académico,Valor directo de columna desempeño,2026-06-15 21:15:50,fca83e77-1ed1-4030-a113-08ad3f9b96f5,1.0
RI45_repitencia,RIESGO_INT,riesgo,repitencia,,,E2020MKG3770,NA,NA,309.0,riesgos_internos.csv,Registros ERP académico,Valor directo de columna repitencia,2026-06-15 21:15:50,fca83e77-1ed1-4030-a113-08ad3f9b96f5,1.0
RI45_deserción,RIESGO_INT,riesgo,deserción,,,E2020MKG3770,NA,NA,0.0,riesgos_internos.csv,Registros ERP académico,Valor directo de columna deserción,2026-06-15 21:15:50,fca83e77-1ed1-4030-a113-08ad3f9b96f5,1.0
RI46_desempeño,RIESGO_INT,riesgo,desempeño,,,E2020TKA3824,NA,NA,0.747,riesgos_internos.csv,Registros ERP académico,Valor directo de columna desempeño,2026-06-15 21:15:50,fca83e77-1ed1-4030-a113-08ad3f9b96f5,1.0
RI46_repitencia,RIESGO_INT,riesgo,repitencia,,,E2020TKA3824,NA,NA,299.0,riesgos_internos.csv,Registros ERP académico,Valor directo de columna repitencia,2026-06-15 21:15:50,fca83e77-1ed1-4030-a113-08ad3f9b96f5,1.0
RI46_deserción,RIESGO_INT,riesgo,deserción,,,E2020TKA3824,NA,NA,0.0,riesgos_internos.csv,Registros ERP académico,Valor directo de columna deserción,2026-06-15 21:15:50,fca83e77-1ed1-4030-a113-08ad3f9b96f5,1.0
RI47_desempeño,RIESGO_INT,riesgo,desempeño,,,E2020WAY8699,NA,NA,0.75,riesgos_internos.csv,Registros ERP académico,Valor directo de columna desempeño,2026-06-15 21:15:50,fca83e77-1ed1-4030-a113-08ad3f9b96f5,1.0
RI47_repitencia,RIESGO_INT,riesgo,repitencia,,,E2020WAY8699,NA,NA,316.0,riesgos_internos.csv,Registros ERP académico,Valor directo de columna repitencia,2026-06-15 21:15:50,fca83e77-1ed1-4030-a113-08ad3f9b96f5,1.0
RI47_deserción,RIESGO_INT,riesgo,deserción,,,E2020WAY8699,NA,NA,0.0,riesgos_internos.csv,Registros ERP académico,Valor directo de columna deserción,2026-06-15 21:15:50,fca83e77-1ed1-4030-a113-08ad3f9b96f5,1.0
RI48_desempeño,RIESGO_INT,riesgo,desempeño,,,E2020VDL1673,NA,NA,0.749,riesgos_internos.csv,Registros ERP académico,Valor directo de columna desempeño,2026-06-15 21:15:50,fca83e77-1ed1-4030-a113-08ad3f9b96f5,1.0
RI48_repitencia,RIESGO_INT,riesgo,repitencia,,,E2020VDL1673,NA,NA,304.0,riesgos_internos.csv,Registros ERP académico,Valor directo de columna repitencia,2026-06-15 21:15:50,fca83e77-1ed1-4030-a113-08ad3f9b96f5,1.0
RI48_deserción,RIESGO_INT,riesgo,deserción,,,E2020VDL1673,NA,NA,0.0,riesgos_internos.csv,Registros ERP académico,Valor directo de columna deserción,2026-06-15 21:15:50,fca83e77-1ed1-4030-a113-08ad3f9b96f5,1.0
RI49_desempeño,RIESGO_INT,riesgo,desempeño,,,E2020CQW1209,NA,NA,0.751,riesgos_internos.csv,Registros ERP académico,Valor directo de columna desempeño,2026-06-15 21:15:50,fca83e77-1ed1-4030-a113-08ad3f9b96f5,1.0
RI49_repitencia,RIESGO_INT,riesgo,repitencia,,,E2020CQW1209,NA,NA,291.0,riesgos_internos.csv,Registros ERP académico,Valor directo de columna repitencia,2026-06-15 21:15:50,fca83e77-1ed1-4030-a113-08ad3f9b96f5,1.0
RI49_deserción,RIESGO_INT,riesgo,deserción,,,E2020CQW1209,NA,NA,0.0,riesgos_internos.csv,Registros ERP académico,Valor directo de columna deserción,2026-06-15 21:15:50,fca83e77-1ed1-4030-a113-08ad3f9b96f5,1.0
RI50_desempeño,RIESGO_INT,riesgo,desempeño,,,E2020IIX4308,NA,NA,0.742,riesgos_internos.csv,Registros ERP académico,Valor directo de columna desempeño,2026-06-15 21:15:50,fca83e77-1ed1-4030-a113-08ad3f9b96f5,1.0
RI50_repitencia,RIESGO_INT,riesgo,repitencia,,,E2020IIX4308,NA,NA,319.0,riesgos_internos.csv,Registros ERP académico,Valor directo de columna repitencia,2026-06-15 21:15:50,fca83e77-1ed1-4030-a113-08ad3f9b96f5,1.0
RI50_deserción,RIESGO_INT,riesgo,deserción,,,E2020IIX4308,NA,NA,0.0,riesgos_internos.csv,Registros ERP académico,Valor directo de columna deserción,2026-06-15 21:15:50,fca83e77-1ed1-4030-a113-08ad3f9b96f5,1.0
RI51_desempeño,RIESGO_INT,riesgo,desempeño,,,E2020ZIE0696,NA,NA,0.744,riesgos_internos.csv,Registros ERP académico,Valor directo de columna desempeño,2026-06-15 21:15:50,fca83e77-1ed1-4030-a113-08ad3f9b96f5,1.0
RI51_repitencia,RIESGO_INT,riesgo,repitencia,,,E2020ZIE0696,NA,NA,320.0,riesgos_internos.csv,Registros ERP académico,Valor directo de columna repitencia,2026-06-15 21:15:50,fca83e77-1ed1-4030-a113-08ad3f9b96f5,1.0
RI51_deserción,RIESGO_INT,riesgo,deserción,,,E2020ZIE0696,NA,NA,0.0,riesgos_internos.csv,Registros ERP académico,Valor directo de columna deserción,2026-06-15 21:15:50,fca83e77-1ed1-4030-a113-08ad3f9b96f5,1.0
RI52_desempeño,RIESGO_INT,riesgo,desempeño,,,E2020FWK7615,NA,NA,0.745,riesgos_internos.csv,Registros ERP académico,Valor directo de columna desempeño,2026-06-15 21:15:50,fca83e77-1ed1-4030-a113-08ad3f9b96f5,1.0
RI52_repitencia,RIESGO_INT,riesgo,repitencia,,,E2020FWK7615,NA,NA,313.0,riesgos_internos.csv,Registros ERP académico,Valor directo de columna repitencia,2026-06-15 21:15:50,fca83e77-1ed1-4030-a113-08ad3f9b96f5,1.0
RI52_deserción,RIESGO_INT,riesgo,deserción,,,E2020FWK7615,NA,NA,0.0,riesgos_internos.csv,Registros ERP académico,Valor directo de columna deserción,2026-06-15 21:15:50,fca83e77-1ed1-4030-a113-08ad3f9b96f5,1.0
RI53_desempeño,RIESGO_INT,riesgo,desempeño,,,E2020VTA0715,NA,NA,0.745,riesgos_internos.csv,Registros ERP académico,Valor directo de columna desempeño,2026-06-15 21:15:50,fca83e77-1ed1-4030-a113-08ad3f9b96f5,1.0
RI53_repitencia,RIESGO_INT,riesgo,repitencia,,,E2020VTA0715,NA,NA,315.0,riesgos_internos.csv,Registros ERP académico,Valor directo de columna repitencia,2026-06-15 21:15:50,fca83e77-1ed1-4030-a113-08ad3f9b96f5,1.0
RI53_deserción,RIESGO_INT,riesgo,deserción,,,E2020VTA0715,NA,NA,0.0,riesgos_internos.csv,Registros ERP académico,Valor directo de columna deserción,2026-06-15 21:15:50,fca83e77-1ed1-4030-a113-08ad3f9b96f5,1.0
RI54_desempeño,RIESGO_INT,riesgo,desempeño,,,E2020PRV4478,NA,NA,0.81,riesgos_internos.csv,Registros ERP académico,Valor directo de columna desempeño,2026-06-15 21:15:50,fca83e77-1ed1-4030-a113-08ad3f9b96f5,1.0
RI54_repitencia,RIESGO_INT,riesgo,repitencia,,,E2020PRV4478,NA,NA,3.0,riesgos_internos.csv,Registros ERP académico,Valor directo de columna repitencia,2026-06-15 21:15:50,fca83e77-1ed1-4030-a113-08ad3f9b96f5,1.0
RI54_deserción,RIESGO_INT,riesgo,deserción,,,E2020PRV4478,NA,NA,1.0,riesgos_internos.csv,Registros ERP académico,Valor directo de columna deserción,2026-06-15 21:15:50,fca83e77-1ed1-4030-a113-08ad3f9b96f5,1.0
RI55_desempeño,RIESGO_INT,riesgo,desempeño,,,E2020CJN2865,NA,NA,0.736,riesgos_internos.csv,Registros ERP académico,Valor directo de columna desempeño,2026-06-15 21:15:50,fca83e77-1ed1-4030-a113-08ad3f9b96f5,1.0
RI55_repitencia,RIESGO_INT,riesgo,repitencia,,,E2020CJN2865,NA,NA,334.0,riesgos_internos.csv,Registros ERP académico,Valor directo de columna repitencia,2026-06-15 21:15:50,fca83e77-1ed1-4030-a113-08ad3f9b96f5,1.0
RI55_deserción,RIESGO_INT,riesgo,deserción,,,E2020CJN2865,NA,NA,0.0,riesgos_internos.csv,Registros ERP académico,Valor directo de columna deserción,2026-06-15 21:15:50,fca83e77-1ed1-4030-a113-08ad3f9b96f5,1.0
RI56_desempeño,RIESGO_INT,riesgo,desempeño,,,E2020MDI3297,NA,NA,0.757,riesgos_internos.csv,Registros ERP académico,Valor directo de columna desempeño,2026-06-15 21:15:50,fca83e77-1ed1-4030-a113-08ad3f9b96f5,1.0
RI56_repitencia,RIESGO_INT,riesgo,repitencia,,,E2020MDI3297,NA,NA,286.0,riesgos_internos.csv,Registros ERP académico,Valor directo de columna repitencia,2026-06-15 21:15:50,fca83e77-1ed1-4030-a113-08ad3f9b96f5,1.0
RI56_deserción,RIESGO_INT,riesgo,deserción,,,E2020MDI3297,NA,NA,0.0,riesgos_internos.csv,Registros ERP académico,Valor directo de columna deserción,2026-06-15 21:15:50,fca83e77-1ed1-4030-a113-08ad3f9b96f5,1.0
RI57_desempeño,RIESGO_INT,riesgo,desempeño,,,E2020SZK6128,NA,NA,0.74,riesgos_internos.csv,Registros ERP académico,Valor directo de columna desempeño,2026-06-15 21:15:50,fca83e77-1ed1-4030-a113-08ad3f9b96f5,1.0
RI57_repitencia,RIESGO_INT,riesgo,repitencia,,,E2020SZK6128,NA,NA,327.0,riesgos_internos.csv,Registros ERP académico,Valor directo de columna repitencia,2026-06-15 21:15:50,fca83e77-1ed1-4030-a113-08ad3f9b96f5,1.0
RI57_deserción,RIESGO_INT,riesgo,deserción,,,E2020SZK6128,NA,NA,0.0,riesgos_internos.csv,Registros ERP académico,Valor directo de columna deserción,2026-06-15 21:15:50,fca83e77-1ed1-4030-a113-08ad3f9b96f5,1.0
RI58_desempeño,RIESGO_INT,riesgo,desempeño,,,E2020ROJ1411,NA,NA,0.752,riesgos_internos.csv,Registros ERP académico,Valor directo de columna desempeño,2026-06-15 21:15:50,fca83e77-1ed1-4030-a113-08ad3f9b96f5,1.0
RI58_repitencia,RIESGO_INT,riesgo,repitencia,,,E2020ROJ1411,NA,NA,306.0,riesgos_internos.csv,Registros ERP académico,Valor directo de columna repitencia,2026-06-15 21:15:50,fca83e77-1ed1-4030-a113-08ad3f9b96f5,1.0
RI58_deserción,RIESGO_INT,riesgo,deserción,,,E2020ROJ1411,NA,NA,0.0,riesgos_internos.csv,Registros ERP académico,Valor directo de columna deserción,2026-06-15 21:15:50,fca83e77-1ed1-4030-a113-08ad3f9b96f5,1.0
RI59_desempeño,RIESGO_INT,riesgo,desempeño,,,E2020BSO7779,NA,NA,0.751,riesgos_internos.csv,Registros ERP académico,Valor directo de columna desempeño,2026-06-15 21:15:50,fca83e77-1ed1-4030-a113-08ad3f9b96f5,1.0
RI59_repitencia,RIESGO_INT,riesgo,repitencia,,,E2020BSO7779,NA,NA,291.0,riesgos_internos.csv,Registros ERP académico,Valor directo de columna repitencia,2026-06-15 21:15:50,fca83e77-1ed1-4030-a113-08ad3f9b96f5,1.0
RI59_deserción,RIESGO_INT,riesgo,deserción,,,E2020BSO7779,NA,NA,0.0,riesgos_internos.csv,Registros ERP académico,Valor directo de columna deserción,2026-06-15 21:15:50,fca83e77-1ed1-4030-a113-08ad3f9b96f5,1.0
RI60_desempeño,RIESGO_INT,riesgo,desempeño,,,E2020VPM6576,NA,NA,0.726,riesgos_internos.csv,Registros ERP académico,Valor directo de columna desempeño,2026-06-15 21:15:50,fca83e77-1ed1-4030-a113-08ad3f9b96f5,1.0
RI60_repitencia,RIESGO_INT,riesgo,repitencia,,,E2020VPM6576,NA,NA,21.0,riesgos_internos.csv,Registros ERP académico,Valor directo de columna repitencia,2026-06-15 21:15:50,fca83e77-1ed1-4030-a113-08ad3f9b96f5,1.0
RI60_deserción,RIESGO_INT,riesgo,deserción,,,E2020VPM6576,NA,NA,1.0,riesgos_internos.csv,Registros ERP académico,Valor directo de columna deserción,2026-06-15 21:15:50,fca83e77-1ed1-4030-a113-08ad3f9b96f5,1.0
RI61_desempeño,RIESGO_INT,riesgo,desempeño,,,E2020WXM0095,NA,NA,0.748,riesgos_internos.csv,Registros ERP académico,Valor directo de columna desempeño,2026-06-15 21:15:50,fca83e77-1ed1-4030-a113-08ad3f9b96f5,1.0
RI61_repitencia,RIESGO_INT,riesgo,repitencia,,,E2020WXM0095,NA,NA,290.0,riesgos_internos.csv,Registros ERP académico,Valor directo de columna repitencia,2026-06-15 21:15:50,fca83e77-1ed1-4030-a113-08ad3f9b96f5,1.0
RI61_deserción,RIESGO_INT,riesgo,deserción,,,E2020WXM0095,NA,NA,0.0,riesgos_internos.csv,Registros ERP académico,Valor directo de columna deserción,2026-06-15 21:15:50,fca83e77-1ed1-4030-a113-08ad3f9b96f5,1.0
RI62_desempeño,RIESGO_INT,riesgo,desempeño,,,E2020WXE1451,NA,NA,0.747,riesgos_internos.csv,Registros ERP académico,Valor directo de columna desempeño,2026-06-15 21:15:50,fca83e77-1ed1-4030-a113-08ad3f9b96f5,1.0
RI62_repitencia,RIESGO_INT,riesgo,repitencia,,,E2020WXE1451,NA,NA,305.0,riesgos_internos.csv,Registros ERP académico,Valor directo de columna repitencia,2026-06-15 21:15:50,fca83e77-1ed1-4030-a113-08ad3f9b96f5,1.0
RI62_deserción,RIESGO_INT,riesgo,deserción,,,E2020WXE1451,NA,NA,0.0,riesgos_internos.csv,Registros ERP académico,Valor directo de columna deserción,2026-06-15 21:15:50,fca83e77-1ed1-4030-a113-08ad3f9b96f5,1.0
RI63_desempeño,RIESGO_INT,riesgo,desempeño,,,E2020CAJ0290,NA,NA,0.74,riesgos_internos.csv,Registros ERP académico,Valor directo de columna desempeño,2026-06-15 21:15:50,fca83e77-1ed1-4030-a113-08ad3f9b96f5,1.0
RI63_repitencia,RIESGO_INT,riesgo,repitencia,,,E2020CAJ0290,NA,NA,314.0,riesgos_internos.csv,Registros ERP académico,Valor directo de columna repitencia,2026-06-15 21:15:50,fca83e77-1ed1-4030-a113-08ad3f9b96f5,1.0
RI63_deserción,RIESGO_INT,riesgo,deserción,,,E2020CAJ0290,NA,NA,0.0,riesgos_internos.csv,Registros ERP académico,Valor directo de columna deserción,2026-06-15 21:15:50,fca83e77-1ed1-4030-a113-08ad3f9b96f5,1.0
RI64_desempeño,RIESGO_INT,riesgo,desempeño,,,E2020SKV2713,NA,NA,0.751,riesgos_internos.csv,Registros ERP académico,Valor directo de columna desempeño,2026-06-15 21:15:50,fca83e77-1ed1-4030-a113-08ad3f9b96f5,1.0
RI64_repitencia,RIESGO_INT,riesgo,repitencia,,,E2020SKV2713,NA,NA,294.0,riesgos_internos.csv,Registros ERP académico,Valor directo de columna repitencia,2026-06-15 21:15:50,fca83e77-1ed1-4030-a113-08ad3f9b96f5,1.0
RI64_deserción,RIESGO_INT,riesgo,deserción,,,E2020SKV2713,NA,NA,0.0,riesgos_internos.csv,Registros ERP académico,Valor directo de columna deserción,2026-06-15 21:15:50,fca83e77-1ed1-4030-a113-08ad3f9b96f5,1.0
RI65_desempeño,RIESGO_INT,riesgo,desempeño,,,E2020NTY4732,NA,NA,0.747,riesgos_internos.csv,Registros ERP académico,Valor directo de columna desempeño,2026-06-15 21:15:50,fca83e77-1ed1-4030-a113-08ad3f9b96f5,1.0
RI65_repitencia,RIESGO_INT,riesgo,repitencia,,,E2020NTY4732,NA,NA,300.0,riesgos_internos.csv,Registros ERP académico,Valor directo de columna repitencia,2026-06-15 21:15:50,fca83e77-1ed1-4030-a113-08ad3f9b96f5,1.0
RI65_deserción,RIESGO_INT,riesgo,deserción,,,E2020NTY4732,NA,NA,0.0,riesgos_internos.csv,Registros ERP académico,Valor directo de columna deserción,2026-06-15 21:15:50,fca83e77-1ed1-4030-a113-08ad3f9b96f5,1.0
RI66_desempeño,RIESGO_INT,riesgo,desempeño,,,E2020LKV2755,NA,NA,0.747,riesgos_internos.csv,Registros ERP académico,Valor directo de columna desempeño,2026-06-15 21:15:50,fca83e77-1ed1-4030-a113-08ad3f9b96f5,1.0
RI66_repitencia,RIESGO_INT,riesgo,repitencia,,,E2020LKV2755,NA,NA,308.0,riesgos_internos.csv,Registros ERP académico,Valor directo de columna repitencia,2026-06-15 21:15:50,fca83e77-1ed1-4030-a113-08ad3f9b96f5,1.0
RI66_deserción,RIESGO_INT,riesgo,deserción,,,E2020LKV2755,NA,NA,0.0,riesgos_internos.csv,Registros ERP académico,Valor directo de columna deserción,2026-06-15 21:15:50,fca83e77-1ed1-4030-a113-08ad3f9b96f5,1.0
RI67_desempeño,RIESGO_INT,riesgo,desempeño,,,E2020TDN2258,NA,NA,0.746,riesgos_internos.csv,Registros ERP académico,Valor directo de columna desempeño,2026-06-15 21:15:50,fca83e77-1ed1-4030-a113-08ad3f9b96f5,1.0
RI67_repitencia,RIESGO_INT,riesgo,repitencia,,,E2020TDN2258,NA,NA,308.0,riesgos_internos.csv,Registros ERP académico,Valor directo de columna repitencia,2026-06-15 21:15:50,fca83e77-1ed1-4030-a113-08ad3f9b96f5,1.0
RI67_deserción,RIESGO_INT,riesgo,deserción,,,E2020TDN2258,NA,NA,0.0,riesgos_internos.csv,Registros ERP académico,Valor directo de columna deserción,2026-06-15 21:15:50,fca83e77-1ed1-4030-a113-08ad3f9b96f5,1.0
RI68_desempeño,RIESGO_INT,riesgo,desempeño,,,E2020ETZ5147,NA,NA,0.753,riesgos_internos.csv,Registros ERP académico,Valor directo de columna desempeño,2026-06-15 21:15:50,fca83e77-1ed1-4030-a113-08ad3f9b96f5,1.0
RI68_repitencia,RIESGO_INT,riesgo,repitencia,,,E2020ETZ5147,NA,NA,297.0,riesgos_internos.csv,Registros ERP académico,Valor directo de columna repitencia,2026-06-15 21:15:50,fca83e77-1ed1-4030-a113-08ad3f9b96f5,1.0
RI68_deserción,RIESGO_INT,riesgo,deserción,,,E2020ETZ5147,NA,NA,0.0,riesgos_internos.csv,Registros ERP académico,Valor directo de columna deserción,2026-06-15 21:15:50,fca83e77-1ed1-4030-a113-08ad3f9b96f5,1.0
RI69_desempeño,RIESGO_INT,riesgo,desempeño,,,E2020AQG5442,NA,NA,0.745,riesgos_internos.csv,Registros ERP académico,Valor directo de columna desempeño,2026-06-15 21:15:50,fca83e77-1ed1-4030-a113-08ad3f9b96f5,1.0
RI69_repitencia,RIESGO_INT,riesgo,repitencia,,,E2020AQG5442,NA,NA,303.0,riesgos_internos.csv,Registros ERP académico,Valor directo de columna repitencia,2026-06-15 21:15:50,fca83e77-1ed1-4030-a113-08ad3f9b96f5,1.0
RI69_deserción,RIESGO_INT,riesgo,deserción,,,E2020AQG5442,NA,NA,0.0,riesgos_internos.csv,Registros ERP académico,Valor directo de columna deserción,2026-06-15 21:15:50,fca83e77-1ed1-4030-a113-08ad3f9b96f5,1.0
RI70_desempeño,RIESGO_INT,riesgo,desempeño,,,E2020TVW4214,NA,NA,0.741,riesgos_internos.csv,Registros ERP académico,Valor directo de columna desempeño,2026-06-15 21:15:50,fca83e77-1ed1-4030-a113-08ad3f9b96f5,1.0
RI70_repitencia,RIESGO_INT,riesgo,repitencia,,,E2020TVW4214,NA,NA,318.0,riesgos_internos.csv,Registros ERP académico,Valor directo de columna repitencia,2026-06-15 21:15:50,fca83e77-1ed1-4030-a113-08ad3f9b96f5,1.0
RI70_deserción,RIESGO_INT,riesgo,deserción,,,E2020TVW4214,NA,NA,0.0,riesgos_internos.csv,Registros ERP académico,Valor directo de columna deserción,2026-06-15 21:15:50,fca83e77-1ed1-4030-a113-08ad3f9b96f5,1.0
RI71_desempeño,RIESGO_INT,riesgo,desempeño,,,E2021KFZ6006,NA,NA,0.763,riesgos_internos.csv,Registros ERP académico,Valor directo de columna desempeño,2026-06-15 21:15:50,fca83e77-1ed1-4030-a113-08ad3f9b96f5,1.0
RI71_repitencia,RIESGO_INT,riesgo,repitencia,,,E2021KFZ6006,NA,NA,234.0,riesgos_internos.csv,Registros ERP académico,Valor directo de columna repitencia,2026-06-15 21:15:50,fca83e77-1ed1-4030-a113-08ad3f9b96f5,1.0
RI71_deserción,RIESGO_INT,riesgo,deserción,,,E2021KFZ6006,NA,NA,0.0,riesgos_internos.csv,Registros ERP académico,Valor directo de columna deserción,2026-06-15 21:15:50,fca83e77-1ed1-4030-a113-08ad3f9b96f5,1.0
RI72_desempeño,RIESGO_INT,riesgo,desempeño,,,E2021HQJ9543,NA,NA,0.753,riesgos_internos.csv,Registros ERP académico,Valor directo de columna desempeño,2026-06-15 21:15:50,fca83e77-1ed1-4030-a113-08ad3f9b96f5,1.0
RI72_repitencia,RIESGO_INT,riesgo,repitencia,,,E2021HQJ9543,NA,NA,245.0,riesgos_internos.csv,Registros ERP académico,Valor directo de columna repitencia,2026-06-15 21:15:50,fca83e77-1ed1-4030-a113-08ad3f9b96f5,1.0
RI72_deserción,RIESGO_INT,riesgo,deserción,,,E2021HQJ9543,NA,NA,0.0,riesgos_internos.csv,Registros ERP académico,Valor directo de columna deserción,2026-06-15 21:15:50,fca83e77-1ed1-4030-a113-08ad3f9b96f5,1.0
RI73_desempeño,RIESGO_INT,riesgo,desempeño,,,E2021TGU9301,NA,NA,0.752,riesgos_internos.csv,Registros ERP académico,Valor directo de columna desempeño,2026-06-15 21:15:50,fca83e77-1ed1-4030-a113-08ad3f9b96f5,1.0
RI73_repitencia,RIESGO_INT,riesgo,repitencia,,,E2021TGU9301,NA,NA,254.0,riesgos_internos.csv,Registros ERP académico,Valor directo de columna repitencia,2026-06-15 21:15:50,fca83e77-1ed1-4030-a113-08ad3f9b96f5,1.0
RI73_deserción,RIESGO_INT,riesgo,deserción,,,E2021TGU9301,NA,NA,0.0,riesgos_internos.csv,Registros ERP académico,Valor directo de columna deserción,2026-06-15 21:15:50,fca83e77-1ed1-4030-a113-08ad3f9b96f5,1.0
RI74_desempeño,RIESGO_INT,riesgo,desempeño,,,E2021EQH3045,NA,NA,0.739,riesgos_internos.csv,Registros ERP académico,Valor directo de columna desempeño,2026-06-15 21:15:50,fca83e77-1ed1-4030-a113-08ad3f9b96f5,1.0
RI74_repitencia,RIESGO_INT,riesgo,repitencia,,,E2021EQH3045,NA,NA,292.0,riesgos_internos.csv,Registros ERP académico,Valor directo de columna repitencia,2026-06-15 21:15:50,fca83e77-1ed1-4030-a113-08ad3f9b96f5,1.0
RI74_deserción,RIESGO_INT,riesgo,deserción,,,E2021EQH3045,NA,NA,0.0,riesgos_internos.csv,Registros ERP académico,Valor directo de columna deserción,2026-06-15 21:15:50,fca83e77-1ed1-4030-a113-08ad3f9b96f5,1.0
RI75_desempeño,RIESGO_INT,riesgo,desempeño,,,E2021RPY6207,NA,NA,0.752,riesgos_internos.csv,Registros ERP académico,Valor directo de columna desempeño,2026-06-15 21:15:50,fca83e77-1ed1-4030-a113-08ad3f9b96f5,1.0
RI75_repitencia,RIESGO_INT,riesgo,repitencia,,,E2021RPY6207,NA,NA,258.0,riesgos_internos.csv,Registros ERP académico,Valor directo de columna repitencia,2026-06-15 21:15:50,fca83e77-1ed1-4030-a113-08ad3f9b96f5,1.0
RI75_deserción,RIESGO_INT,riesgo,deserción,,,E2021RPY6207,NA,NA,0.0,riesgos_internos.csv,Registros ERP académico,Valor directo de columna deserción,2026-06-15 21:15:50,fca83e77-1ed1-4030-a113-08ad3f9b96f5,1.0
RI76_desempeño,RIESGO_INT,riesgo,desempeño,,,E2021EKX7179,NA,NA,0.746,riesgos_internos.csv,Registros ERP académico,Valor directo de columna desempeño,2026-06-15 21:15:50,fca83e77-1ed1-4030-a113-08ad3f9b96f5,1.0
RI76_repitencia,RIESGO_INT,riesgo,repitencia,,,E2021EKX7179,NA,NA,263.0,riesgos_internos.csv,Registros ERP académico,Valor directo de columna repitencia,2026-06-15 21:15:50,fca83e77-1ed1-4030-a113-08ad3f9b96f5,1.0
RI76_deserción,RIESGO_INT,riesgo,deserción,,,E2021EKX7179,NA,NA,0.0,riesgos_internos.csv,Registros ERP académico,Valor directo de columna deserción,2026-06-15 21:15:50,fca83e77-1ed1-4030-a113-08ad3f9b96f5,1.0
RI77_desempeño,RIESGO_INT,riesgo,desempeño,,,E2021ZOM4462,NA,NA,0.745,riesgos_internos.csv,Registros ERP académico,Valor directo de columna desempeño,2026-06-15 21:15:50,fca83e77-1ed1-4030-a113-08ad3f9b96f5,1.0
RI77_repitencia,RIESGO_INT,riesgo,repitencia,,,E2021ZOM4462,NA,NA,275.0,riesgos_internos.csv,Registros ERP académico,Valor directo de columna repitencia,2026-06-15 21:15:50,fca83e77-1ed1-4030-a113-08ad3f9b96f5,1.0
RI77_deserción,RIESGO_INT,riesgo,deserción,,,E2021ZOM4462,NA,NA,0.0,riesgos_internos.csv,Registros ERP académico,Valor directo de columna deserción,2026-06-15 21:15:50,fca83e77-1ed1-4030-a113-08ad3f9b96f5,1.0
RI78_desempeño,RIESGO_INT,riesgo,desempeño,,,E2021BZC7557,NA,NA,0.746,riesgos_internos.csv,Registros ERP académico,Valor directo de columna desempeño,2026-06-15 21:15:50,fca83e77-1ed1-4030-a113-08ad3f9b96f5,1.0
RI78_repitencia,RIESGO_INT,riesgo,repitencia,,,E2021BZC7557,NA,NA,252.0,riesgos_internos.csv,Registros ERP académico,Valor directo de columna repitencia,2026-06-15 21:15:50,fca83e77-1ed1-4030-a113-08ad3f9b96f5,1.0
RI78_deserción,RIESGO_INT,riesgo,deserción,,,E2021BZC7557,NA,NA,0.0,riesgos_internos.csv,Registros ERP académico,Valor directo de columna deserción,2026-06-15 21:15:50,fca83e77-1ed1-4030-a113-08ad3f9b96f5,1.0
RI79_desempeño,RIESGO_INT,riesgo,desempeño,,,E2021LXN1780,NA,NA,0.749,riesgos_internos.csv,Registros ERP académico,Valor directo de columna desempeño,2026-06-15 21:15:50,fca83e77-1ed1-4030-a113-08ad3f9b96f5,1.0
RI79_repitencia,RIESGO_INT,riesgo,repitencia,,,E2021LXN1780,NA,NA,265.0,riesgos_internos.csv,Registros ERP académico,Valor directo de columna repitencia,2026-06-15 21:15:50,fca83e77-1ed1-4030-a113-08ad3f9b96f5,1.0
RI79_deserción,RIESGO_INT,riesgo,deserción,,,E2021LXN1780,NA,NA,0.0,riesgos_internos.csv,Registros ERP académico,Valor directo de columna deserción,2026-06-15 21:15:50,fca83e77-1ed1-4030-a113-08ad3f9b96f5,1.0
RI80_desempeño,RIESGO_INT,riesgo,desempeño,,,E2021BDG6641,NA,NA,0.743,riesgos_internos.csv,Registros ERP académico,Valor directo de columna desempeño,2026-06-15 21:15:50,fca83e77-1ed1-4030-a113-08ad3f9b96f5,1.0
RI80_repitencia,RIESGO_INT,riesgo,repitencia,,,E2021BDG6641,NA,NA,276.0,riesgos_internos.csv,Registros ERP académico,Valor directo de columna repitencia,2026-06-15 21:15:50,fca83e77-1ed1-4030-a113-08ad3f9b96f5,1.0
RI80_deserción,RIESGO_INT,riesgo,deserción,,,E2021BDG6641,NA,NA,0.0,riesgos_internos.csv,Registros ERP académico,Valor directo de columna deserción,2026-06-15 21:15:50,fca83e77-1ed1-4030-a113-08ad3f9b96f5,1.0
RI81_desempeño,RIESGO_INT,riesgo,desempeño,,,E2021EWT3945,NA,NA,0.739,riesgos_internos.csv,Registros ERP académico,Valor directo de columna desempeño,2026-06-15 21:15:50,fca83e77-1ed1-4030-a113-08ad3f9b96f5,1.0
RI81_repitencia,RIESGO_INT,riesgo,repitencia,,,E2021EWT3945,NA,NA,287.0,riesgos_internos.csv,Registros ERP académico,Valor directo de columna repitencia,2026-06-15 21:15:50,fca83e77-1ed1-4030-a113-08ad3f9b96f5,1.0
RI81_deserción,RIESGO_INT,riesgo,deserción,,,E2021EWT3945,NA,NA,0.0,riesgos_internos.csv,Registros ERP académico,Valor directo de columna deserción,2026-06-15 21:15:50,fca83e77-1ed1-4030-a113-08ad3f9b96f5,1.0
RI82_desempeño,RIESGO_INT,riesgo,desempeño,,,E2021HMQ4105,NA,NA,0.752,riesgos_internos.csv,Registros ERP académico,Valor directo de columna desempeño,2026-06-15 21:15:50,fca83e77-1ed1-4030-a113-08ad3f9b96f5,1.0
RI82_repitencia,RIESGO_INT,riesgo,repitencia,,,E2021HMQ4105,NA,NA,255.0,riesgos_internos.csv,Registros ERP académico,Valor directo de columna repitencia,2026-06-15 21:15:50,fca83e77-1ed1-4030-a113-08ad3f9b96f5,1.0
RI82_deserción,RIESGO_INT,riesgo,deserción,,,E2021HMQ4105,NA,NA,0.0,riesgos_internos.csv,Registros ERP académico,Valor directo de columna deserción,2026-06-15 21:15:50,fca83e77-1ed1-4030-a113-08ad3f9b96f5,1.0
RI83_desempeño,RIESGO_INT,riesgo,desempeño,,,E2021HMD1796,NA,NA,0.749,riesgos_internos.csv,Registros ERP académico,Valor directo de columna desempeño,2026-06-15 21:15:50,fca83e77-1ed1-4030-a113-08ad3f9b96f5,1.0
RI83_repitencia,RIESGO_INT,riesgo,repitencia,,,E2021HMD1796,NA,NA,264.0,riesgos_internos.csv,Registros ERP académico,Valor directo de columna repitencia,2026-06-15 21:15:50,fca83e77-1ed1-4030-a113-08ad3f9b96f5,1.0
RI83_deserción,RIESGO_INT,riesgo,deserción,,,E2021HMD1796,NA,NA,0.0,riesgos_internos.csv,Registros ERP académico,Valor directo de columna deserción,2026-06-15 21:15:50,fca83e77-1ed1-4030-a113-08ad3f9b96f5,1.0
RI84_desempeño,RIESGO_INT,riesgo,desempeño,,,E2021JNC8905,NA,NA,0.744,riesgos_internos.csv,Registros ERP académico,Valor directo de columna desempeño,2026-06-15 21:15:50,fca83e77-1ed1-4030-a113-08ad3f9b96f5,1.0
RI84_repitencia,RIESGO_INT,riesgo,repitencia,,,E2021JNC8905,NA,NA,276.0,riesgos_internos.csv,Registros ERP académico,Valor directo de columna repitencia,2026-06-15 21:15:50,fca83e77-1ed1-4030-a113-08ad3f9b96f5,1.0
RI84_deserción,RIESGO_INT,riesgo,deserción,,,E2021JNC8905,NA,NA,0.0,riesgos_internos.csv,Registros ERP académico,Valor directo de columna deserción,2026-06-15 21:15:50,fca83e77-1ed1-4030-a113-08ad3f9b96f5,1.0
RI85_desempeño,RIESGO_INT,riesgo,desempeño,,,E2021TVK8578,NA,NA,0.753,riesgos_internos.csv,Registros ERP académico,Valor directo de columna desempeño,2026-06-15 21:15:50,fca83e77-1ed1-4030-a113-08ad3f9b96f5,1.0
RI85_repitencia,RIESGO_INT,riesgo,repitencia,,,E2021TVK8578,NA,NA,259.0,riesgos_internos.csv,Registros ERP académico,Valor directo de columna repitencia,2026-06-15 21:15:50,fca83e77-1ed1-4030-a113-08ad3f9b96f5,1.0
RI85_deserción,RIESGO_INT,riesgo,deserción,,,E2021TVK8578,NA,NA,0.0,riesgos_internos.csv,Registros ERP académico,Valor directo de columna deserción,2026-06-15 21:15:50,fca83e77-1ed1-4030-a113-08ad3f9b96f5,1.0
RI86_desempeño,RIESGO_INT,riesgo,desempeño,,,E2021HZL5792,NA,NA,0.748,riesgos_internos.csv,Registros ERP académico,Valor directo de columna desempeño,2026-06-15 21:15:50,fca83e77-1ed1-4030-a113-08ad3f9b96f5,1.0
RI86_repitencia,RIESGO_INT,riesgo,repitencia,,,E2021HZL5792,NA,NA,263.0,riesgos_internos.csv,Registros ERP académico,Valor directo de columna repitencia,2026-06-15 21:15:50,fca83e77-1ed1-4030-a113-08ad3f9b96f5,1.0
RI86_deserción,RIESGO_INT,riesgo,deserción,,,E2021HZL5792,NA,NA,0.0,riesgos_internos.csv,Registros ERP académico,Valor directo de columna deserción,2026-06-15 21:15:50,fca83e77-1ed1-4030-a113-08ad3f9b96f5,1.0
RI87_desempeño,RIESGO_INT,riesgo,desempeño,,,E2021TUB4951,NA,NA,0.74,riesgos_internos.csv,Registros ERP académico,Valor directo de columna desempeño,2026-06-15 21:15:50,fca83e77-1ed1-4030-a113-08ad3f9b96f5,1.0
RI87_repitencia,RIESGO_INT,riesgo,repitencia,,,E2021TUB4951,NA,NA,268.0,riesgos_internos.csv,Registros ERP académico,Valor directo de columna repitencia,2026-06-15 21:15:50,fca83e77-1ed1-4030-a113-08ad3f9b96f5,1.0
RI87_deserción,RIESGO_INT,riesgo,deserción,,,E2021TUB4951,NA,NA,0.0,riesgos_internos.csv,Registros ERP académico,Valor directo de columna deserción,2026-06-15 21:15:50,fca83e77-1ed1-4030-a113-08ad3f9b96f5,1.0
RI88_desempeño,RIESGO_INT,riesgo,desempeño,,,E2021FIA3704,NA,NA,0.748,riesgos_internos.csv,Registros ERP académico,Valor directo de columna desempeño,2026-06-15 21:15:50,fca83e77-1ed1-4030-a113-08ad3f9b96f5,1.0
RI88_repitencia,RIESGO_INT,riesgo,repitencia,,,E2021FIA3704,NA,NA,262.0,riesgos_internos.csv,Registros ERP académico,Valor directo de columna repitencia,2026-06-15 21:15:50,fca83e77-1ed1-4030-a113-08ad3f9b96f5,1.0
RI88_deserción,RIESGO_INT,riesgo,deserción,,,E2021FIA3704,NA,NA,0.0,riesgos_internos.csv,Registros ERP académico,Valor directo de columna deserción,2026-06-15 21:15:50,fca83e77-1ed1-4030-a113-08ad3f9b96f5,1.0
RI89_desempeño,RIESGO_INT,riesgo,desempeño,,,E2021ZQH0605,NA,NA,0.754,riesgos_internos.csv,Registros ERP académico,Valor directo de columna desempeño,2026-06-15 21:15:50,fca83e77-1ed1-4030-a113-08ad3f9b96f5,1.0
RI89_repitencia,RIESGO_INT,riesgo,repitencia,,,E2021ZQH0605,NA,NA,243.0,riesgos_internos.csv,Registros ERP académico,Valor directo de columna repitencia,2026-06-15 21:15:50,fca83e77-1ed1-4030-a113-08ad3f9b96f5,1.0
RI89_deserción,RIESGO_INT,riesgo,deserción,,,E2021ZQH0605,NA,NA,0.0,riesgos_internos.csv,Registros ERP académico,Valor directo de columna deserción,2026-06-15 21:15:50,fca83e77-1ed1-4030-a113-08ad3f9b96f5,1.0
RI90_desempeño,RIESGO_INT,riesgo,desempeño,,,E2021AKM4484,NA,NA,0.745,riesgos_internos.csv,Registros ERP académico,Valor directo de columna desempeño,2026-06-15 21:15:50,fca83e77-1ed1-4030-a113-08ad3f9b96f5,1.0
RI90_repitencia,RIESGO_INT,riesgo,repitencia,,,E2021AKM4484,NA,NA,258.0,riesgos_internos.csv,Registros ERP académico,Valor directo de columna repitencia,2026-06-15 21:15:50,fca83e77-1ed1-4030-a113-08ad3f9b96f5,1.0
RI90_deserción,RIESGO_INT,riesgo,deserción,,,E2021AKM4484,NA,NA,0.0,riesgos_internos.csv,Registros ERP académico,Valor directo de columna deserción,2026-06-15 21:15:50,fca83e77-1ed1-4030-a113-08ad3f9b96f5,1.0
RI91_desempeño,RIESGO_INT,riesgo,desempeño,,,E2021ADM3565,NA,NA,0.757,riesgos_internos.csv,Registros ERP académico,Valor directo de columna desempeño,2026-06-15 21:15:50,fca83e77-1ed1-4030-a113-08ad3f9b96f5,1.0
RI91_repitencia,RIESGO_INT,riesgo,repitencia,,,E2021ADM3565,NA,NA,240.0,riesgos_internos.csv,Registros ERP académico,Valor directo de columna repitencia,2026-06-15 21:15:50,fca83e77-1ed1-4030-a113-08ad3f9b96f5,1.0
RI91_deserción,RIESGO_INT,riesgo,deserción,,,E2021ADM3565,NA,NA,0.0,riesgos_internos.csv,Registros ERP académico,Valor directo de columna deserción,2026-06-15 21:15:50,fca83e77-1ed1-4030-a113-08ad3f9b96f5,1.0
RI92_desempeño,RIESGO_INT,riesgo,desempeño,,,E2021FKK7066,NA,NA,0.747,riesgos_internos.csv,Registros ERP académico,Valor directo de columna desempeño,2026-06-15 21:15:50,fca83e77-1ed1-4030-a113-08ad3f9b96f5,1.0
RI92_repitencia,RIESGO_INT,riesgo,repitencia,,,E2021FKK7066,NA,NA,270.0,riesgos_internos.csv,Registros ERP académico,Valor directo de columna repitencia,2026-06-15 21:15:50,fca83e77-1ed1-4030-a113-08ad3f9b96f5,1.0
RI92_deserción,RIESGO_INT,riesgo,deserción,,,E2021FKK7066,NA,NA,0.0,riesgos_internos.csv,Registros ERP académico,Valor directo de columna deserción,2026-06-15 21:15:50,fca83e77-1ed1-4030-a113-08ad3f9b96f5,1.0
RI93_desempeño,RIESGO_INT,riesgo,desempeño,,,E2021BOD8117,NA,NA,0.746,riesgos_internos.csv,Registros ERP académico,Valor directo de columna desempeño,2026-06-15 21:15:50,fca83e77-1ed1-4030-a113-08ad3f9b96f5,1.0
RI93_repitencia,RIESGO_INT,riesgo,repitencia,,,E2021BOD8117,NA,NA,267.0,riesgos_internos.csv,Registros ERP académico,Valor directo de columna repitencia,2026-06-15 21:15:50,fca83e77-1ed1-4030-a113-08ad3f9b96f5,1.0
RI93_deserción,RIESGO_INT,riesgo,deserción,,,E2021BOD8117,NA,NA,0.0,riesgos_internos.csv,Registros ERP académico,Valor directo de columna deserción,2026-06-15 21:15:50,fca83e77-1ed1-4030-a113-08ad3f9b96f5,1.0
RI94_desempeño,RIESGO_INT,riesgo,desempeño,,,E2021HAP1891,NA,NA,0.747,riesgos_internos.csv,Registros ERP académico,Valor directo de columna desempeño,2026-06-15 21:15:50,fca83e77-1ed1-4030-a113-08ad3f9b96f5,1.0
RI94_repitencia,RIESGO_INT,riesgo,repitencia,,,E2021HAP1891,NA,NA,257.0,riesgos_internos.csv,Registros ERP académico,Valor directo de columna repitencia,2026-06-15 21:15:50,fca83e77-1ed1-4030-a113-08ad3f9b96f5,1.0
RI94_deserción,RIESGO_INT,riesgo,deserción,,,E2021HAP1891,NA,NA,0.0,riesgos_internos.csv,Registros ERP académico,Valor directo de columna deserción,2026-06-15 21:15:50,fca83e77-1ed1-4030-a113-08ad3f9b96f5,1.0
RI95_desempeño,RIESGO_INT,riesgo,desempeño,,,E2021KRK9895,NA,NA,0.755,riesgos_internos.csv,Registros ERP académico,Valor directo de columna desempeño,2026-06-15 21:15:50,fca83e77-1ed1-4030-a113-08ad3f9b96f5,1.0
RI95_repitencia,RIESGO_INT,riesgo,repitencia,,,E2021KRK9895,NA,NA,247.0,riesgos_internos.csv,Registros ERP académico,Valor directo de columna repitencia,2026-06-15 21:15:50,fca83e77-1ed1-4030-a113-08ad3f9b96f5,1.0
RI95_deserción,RIESGO_INT,riesgo,deserción,,,E2021KRK9895,NA,NA,0.0,riesgos_internos.csv,Registros ERP académico,Valor directo de columna deserción,2026-06-15 21:15:50,fca83e77-1ed1-4030-a113-08ad3f9b96f5,1.0
RI96_desempeño,RIESGO_INT,riesgo,desempeño,,,E2021RMZ5974,NA,NA,0.747,riesgos_internos.csv,Registros ERP académico,Valor directo de columna desempeño,2026-06-15 21:15:50,fca83e77-1ed1-4030-a113-08ad3f9b96f5,1.0
RI96_repitencia,RIESGO_INT,riesgo,repitencia,,,E2021RMZ5974,NA,NA,267.0,riesgos_internos.csv,Registros ERP académico,Valor directo de columna repitencia,2026-06-15 21:15:50,fca83e77-1ed1-4030-a113-08ad3f9b96f5,1.0
RI96_deserción,RIESGO_INT,riesgo,deserción,,,E2021RMZ5974,NA,NA,0.0,riesgos_internos.csv,Registros ERP académico,Valor directo de columna deserción,2026-06-15 21:15:50,fca83e77-1ed1-4030-a113-08ad3f9b96f5,1.0
RI97_desempeño,RIESGO_INT,riesgo,desempeño,,,E2021WJX7551,NA,NA,0.753,riesgos_internos.csv,Registros ERP académico,Valor directo de columna desempeño,2026-06-15 21:15:50,fca83e77-1ed1-4030-a113-08ad3f9b96f5,1.0
RI97_repitencia,RIESGO_INT,riesgo,repitencia,,,E2021WJX7551,NA,NA,253.0,riesgos_internos.csv,Registros ERP académico,Valor directo de columna repitencia,2026-06-15 21:15:50,fca83e77-1ed1-4030-a113-08ad3f9b96f5,1.0
RI97_deserción,RIESGO_INT,riesgo,deserción,,,E2021WJX7551,NA,NA,0.0,riesgos_internos.csv,Registros ERP académico,Valor directo de columna deserción,2026-06-15 21:15:50,fca83e77-1ed1-4030-a113-08ad3f9b96f5,1.0
RI98_desempeño,RIESGO_INT,riesgo,desempeño,,,E2021RBE4858,NA,NA,0.758,riesgos_internos.csv,Registros ERP académico,Valor directo de columna desempeño,2026-06-15 21:15:50,fca83e77-1ed1-4030-a113-08ad3f9b96f5,1.0
RI98_repitencia,RIESGO_INT,riesgo,repitencia,,,E2021RBE4858,NA,NA,243.0,riesgos_internos.csv,Registros ERP académico,Valor directo de columna repitencia,2026-06-15 21:15:50,fca83e77-1ed1-4030-a113-08ad3f9b96f5,1.0
RI98_deserción,RIESGO_INT,riesgo,deserción,,,E2021RBE4858,NA,NA,0.0,riesgos_internos.csv,Registros ERP académico,Valor directo de columna deserción,2026-06-15 21:15:50,fca83e77-1ed1-4030-a113-08ad3f9b96f5,1.0
RI99_desempeño,RIESGO_INT,riesgo,desempeño,,,E2021QAI3499,NA,NA,0.749,riesgos_internos.csv,Registros ERP académico,Valor directo de columna desempeño,2026-06-15 21:15:50,fca83e77-1ed1-4030-a113-08ad3f9b96f5,1.0
RI99_repitencia,RIESGO_INT,riesgo,repitencia,,,E2021QAI3499,NA,NA,271.0,riesgos_internos.csv,Registros ERP académico,Valor directo de columna repitencia,2026-06-15 21:15:50,fca83e77-1ed1-4030-a113-08ad3f9b96f5,1.0
RI99_deserción,RIESGO_INT,riesgo,deserción,,,E2021QAI3499,NA,NA,0.0,riesgos_internos.csv,Registros ERP académico,Valor directo de columna deserción,2026-06-15 21:15:50,fca83e77-1ed1-4030-a113-08ad3f9b96f5,1.0
RI100_desempeño,RIESGO_INT,riesgo,desempeño,,,E2021JCD0826,NA,NA,0.771,riesgos_internos.csv,Registros ERP académico,Valor directo de columna desempeño,2026-06-15 21:15:50,fca83e77-1ed1-4030-a113-08ad3f9b96f5,1.0
RI100_repitencia,RIESGO_INT,riesgo,repitencia,,,E2021JCD0826,NA,NA,13.0,riesgos_internos.csv,Registros ERP académico,Valor directo de columna repitencia,2026-06-15 21:15:50,fca83e77-1ed1-4030-a113-08ad3f9b96f5,1.0
RI100_deserción,RIESGO_INT,riesgo,deserción,,,E2021JCD0826,NA,NA,1.0,riesgos_internos.csv,Registros ERP académico,Valor directo de columna deserción,2026-06-15 21:15:50,fca83e77-1ed1-4030-a113-08ad3f9b96f5,1.0
RI101_desempeño,RIESGO_INT,riesgo,desempeño,,,E2021QPB9520,NA,NA,0.743,riesgos_internos.csv,Registros ERP académico,Valor directo de columna desempeño,2026-06-15 21:15:50,fca83e77-1ed1-4030-a113-08ad3f9b96f5,1.0
RI101_repitencia,RIESGO_INT,riesgo,repitencia,,,E2021QPB9520,NA,NA,272.0,riesgos_internos.csv,Registros ERP académico,Valor directo de columna repitencia,2026-06-15 21:15:50,fca83e77-1ed1-4030-a113-08ad3f9b96f5,1.0
RI101_deserción,RIESGO_INT,riesgo,deserción,,,E2021QPB9520,NA,NA,0.0,riesgos_internos.csv,Registros ERP académico,Valor directo de columna deserción,2026-06-15 21:15:50,fca83e77-1ed1-4030-a113-08ad3f9b96f5,1.0
RI102_desempeño,RIESGO_INT,riesgo,desempeño,,,E2021EHC2148,NA,NA,0.761,riesgos_internos.csv,Registros ERP académico,Valor directo de columna desempeño,2026-06-15 21:15:50,fca83e77-1ed1-4030-a113-08ad3f9b96f5,1.0
RI102_repitencia,RIESGO_INT,riesgo,repitencia,,,E2021EHC2148,NA,NA,3.0,riesgos_internos.csv,Registros ERP académico,Valor directo de columna repitencia,2026-06-15 21:15:50,fca83e77-1ed1-4030-a113-08ad3f9b96f5,1.0
RI102_deserción,RIESGO_INT,riesgo,deserción,,,E2021EHC2148,NA,NA,1.0,riesgos_internos.csv,Registros ERP académico,Valor directo de columna deserción,2026-06-15 21:15:50,fca83e77-1ed1-4030-a113-08ad3f9b96f5,1.0
RI103_desempeño,RIESGO_INT,riesgo,desempeño,,,E2021AWT0699,NA,NA,0.75,riesgos_internos.csv,Registros ERP académico,Valor directo de columna desempeño,2026-06-15 21:15:50,fca83e77-1ed1-4030-a113-08ad3f9b96f5,1.0
RI103_repitencia,RIESGO_INT,riesgo,repitencia,,,E2021AWT0699,NA,NA,253.0,riesgos_internos.csv,Registros ERP académico,Valor directo de columna repitencia,2026-06-15 21:15:50,fca83e77-1ed1-4030-a113-08ad3f9b96f5,1.0
RI103_deserción,RIESGO_INT,riesgo,deserción,,,E2021AWT0699,NA,NA,0.0,riesgos_internos.csv,Registros ERP académico,Valor directo de columna deserción,2026-06-15 21:15:50,fca83e77-1ed1-4030-a113-08ad3f9b96f5,1.0
RI104_desempeño,RIESGO_INT,riesgo,desempeño,,,E2021AVO8181,NA,NA,0.764,riesgos_internos.csv,Registros ERP académico,Valor directo de columna desempeño,2026-06-15 21:15:50,fca83e77-1ed1-4030-a113-08ad3f9b96f5,1.0
RI104_repitencia,RIESGO_INT,riesgo,repitencia,,,E2021AVO8181,NA,NA,240.0,riesgos_internos.csv,Registros ERP académico,Valor directo de columna repitencia,2026-06-15 21:15:50,fca83e77-1ed1-4030-a113-08ad3f9b96f5,1.0
RI104_deserción,RIESGO_INT,riesgo,deserción,,,E2021AVO8181,NA,NA,0.0,riesgos_internos.csv,Registros ERP académico,Valor directo de columna deserción,2026-06-15 21:15:50,fca83e77-1ed1-4030-a113-08ad3f9b96f5,1.0
RI105_desempeño,RIESGO_INT,riesgo,desempeño,,,E2021QBY4677,NA,NA,0.753,riesgos_internos.csv,Registros ERP académico,Valor directo de columna desempeño,2026-06-15 21:15:50,fca83e77-1ed1-4030-a113-08ad3f9b96f5,1.0
RI105_repitencia,RIESGO_INT,riesgo,repitencia,,,E2021QBY4677,NA,NA,246.0,riesgos_internos.csv,Registros ERP académico,Valor directo de columna repitencia,2026-06-15 21:15:50,fca83e77-1ed1-4030-a113-08ad3f9b96f5,1.0
RI105_deserción,RIESGO_INT,riesgo,deserción,,,E2021QBY4677,NA,NA,0.0,riesgos_internos.csv,Registros ERP académico,Valor directo de columna deserción,2026-06-15 21:15:50,fca83e77-1ed1-4030-a113-08ad3f9b96f5,1.0
RI106_desempeño,RIESGO_INT,riesgo,desempeño,,,E2022RCX6917,NA,NA,0.746,riesgos_internos.csv,Registros ERP académico,Valor directo de columna desempeño,2026-06-15 21:15:50,fca83e77-1ed1-4030-a113-08ad3f9b96f5,1.0
RI106_repitencia,RIESGO_INT,riesgo,repitencia,,,E2022RCX6917,NA,NA,156.0,riesgos_internos.csv,Registros ERP académico,Valor directo de columna repitencia,2026-06-15 21:15:50,fca83e77-1ed1-4030-a113-08ad3f9b96f5,1.0
RI106_deserción,RIESGO_INT,riesgo,deserción,,,E2022RCX6917,NA,NA,0.0,riesgos_internos.csv,Registros ERP académico,Valor directo de columna deserción,2026-06-15 21:15:50,fca83e77-1ed1-4030-a113-08ad3f9b96f5,1.0
RI107_desempeño,RIESGO_INT,riesgo,desempeño,,,E2022NUR5695,NA,NA,0.737,riesgos_internos.csv,Registros ERP académico,Valor directo de columna desempeño,2026-06-15 21:15:50,fca83e77-1ed1-4030-a113-08ad3f9b96f5,1.0
RI107_repitencia,RIESGO_INT,riesgo,repitencia,,,E2022NUR5695,NA,NA,167.0,riesgos_internos.csv,Registros ERP académico,Valor directo de columna repitencia,2026-06-15 21:15:50,fca83e77-1ed1-4030-a113-08ad3f9b96f5,1.0
RI107_deserción,RIESGO_INT,riesgo,deserción,,,E2022NUR5695,NA,NA,0.0,riesgos_internos.csv,Registros ERP académico,Valor directo de columna deserción,2026-06-15 21:15:50,fca83e77-1ed1-4030-a113-08ad3f9b96f5,1.0
RI108_desempeño,RIESGO_INT,riesgo,desempeño,,,E2022BOB8559,NA,NA,0.74,riesgos_internos.csv,Registros ERP académico,Valor directo de columna desempeño,2026-06-15 21:15:50,fca83e77-1ed1-4030-a113-08ad3f9b96f5,1.0
RI108_repitencia,RIESGO_INT,riesgo,repitencia,,,E2022BOB8559,NA,NA,149.0,riesgos_internos.csv,Registros ERP académico,Valor directo de columna repitencia,2026-06-15 21:15:50,fca83e77-1ed1-4030-a113-08ad3f9b96f5,1.0
RI108_deserción,RIESGO_INT,riesgo,deserción,,,E2022BOB8559,NA,NA,0.0,riesgos_internos.csv,Registros ERP académico,Valor directo de columna deserción,2026-06-15 21:15:50,fca83e77-1ed1-4030-a113-08ad3f9b96f5,1.0
RI109_desempeño,RIESGO_INT,riesgo,desempeño,,,E2022XLX6769,NA,NA,0.755,riesgos_internos.csv,Registros ERP académico,Valor directo de columna desempeño,2026-06-15 21:15:50,fca83e77-1ed1-4030-a113-08ad3f9b96f5,1.0
RI109_repitencia,RIESGO_INT,riesgo,repitencia,,,E2022XLX6769,NA,NA,142.0,riesgos_internos.csv,Registros ERP académico,Valor directo de columna repitencia,2026-06-15 21:15:50,fca83e77-1ed1-4030-a113-08ad3f9b96f5,1.0
RI109_deserción,RIESGO_INT,riesgo,deserción,,,E2022XLX6769,NA,NA,0.0,riesgos_internos.csv,Registros ERP académico,Valor directo de columna deserción,2026-06-15 21:15:50,fca83e77-1ed1-4030-a113-08ad3f9b96f5,1.0
RI110_desempeño,RIESGO_INT,riesgo,desempeño,,,E2022YHT1926,NA,NA,0.752,riesgos_internos.csv,Registros ERP académico,Valor directo de columna desempeño,2026-06-15 21:15:50,fca83e77-1ed1-4030-a113-08ad3f9b96f5,1.0
RI110_repitencia,RIESGO_INT,riesgo,repitencia,,,E2022YHT1926,NA,NA,140.0,riesgos_internos.csv,Registros ERP académico,Valor directo de columna repitencia,2026-06-15 21:15:50,fca83e77-1ed1-4030-a113-08ad3f9b96f5,1.0
RI110_deserción,RIESGO_INT,riesgo,deserción,,,E2022YHT1926,NA,NA,0.0,riesgos_internos.csv,Registros ERP académico,Valor directo de columna deserción,2026-06-15 21:15:50,fca83e77-1ed1-4030-a113-08ad3f9b96f5,1.0
RI111_desempeño,RIESGO_INT,riesgo,desempeño,,,E2022LQI5951,NA,NA,0.743,riesgos_internos.csv,Registros ERP académico,Valor directo de columna desempeño,2026-06-15 21:15:50,fca83e77-1ed1-4030-a113-08ad3f9b96f5,1.0
RI111_repitencia,RIESGO_INT,riesgo,repitencia,,,E2022LQI5951,NA,NA,156.0,riesgos_internos.csv,Registros ERP académico,Valor directo de columna repitencia,2026-06-15 21:15:50,fca83e77-1ed1-4030-a113-08ad3f9b96f5,1.0
RI111_deserción,RIESGO_INT,riesgo,deserción,,,E2022LQI5951,NA,NA,0.0,riesgos_internos.csv,Registros ERP académico,Valor directo de columna deserción,2026-06-15 21:15:50,fca83e77-1ed1-4030-a113-08ad3f9b96f5,1.0
RI112_desempeño,RIESGO_INT,riesgo,desempeño,,,E2022UUG0364,NA,NA,0.75,riesgos_internos.csv,Registros ERP académico,Valor directo de columna desempeño,2026-06-15 21:15:50,fca83e77-1ed1-4030-a113-08ad3f9b96f5,1.0
RI112_repitencia,RIESGO_INT,riesgo,repitencia,,,E2022UUG0364,NA,NA,137.0,riesgos_internos.csv,Registros ERP académico,Valor directo de columna repitencia,2026-06-15 21:15:50,fca83e77-1ed1-4030-a113-08ad3f9b96f5,1.0
RI112_deserción,RIESGO_INT,riesgo,deserción,,,E2022UUG0364,NA,NA,0.0,riesgos_internos.csv,Registros ERP académico,Valor directo de columna deserción,2026-06-15 21:15:50,fca83e77-1ed1-4030-a113-08ad3f9b96f5,1.0
RI113_desempeño,RIESGO_INT,riesgo,desempeño,,,E2022VAX6895,NA,NA,0.761,riesgos_internos.csv,Registros ERP académico,Valor directo de columna desempeño,2026-06-15 21:15:50,fca83e77-1ed1-4030-a113-08ad3f9b96f5,1.0
RI113_repitencia,RIESGO_INT,riesgo,repitencia,,,E2022VAX6895,NA,NA,135.0,riesgos_internos.csv,Registros ERP académico,Valor directo de columna repitencia,2026-06-15 21:15:50,fca83e77-1ed1-4030-a113-08ad3f9b96f5,1.0
RI113_deserción,RIESGO_INT,riesgo,deserción,,,E2022VAX6895,NA,NA,0.0,riesgos_internos.csv,Registros ERP académico,Valor directo de columna deserción,2026-06-15 21:15:50,fca83e77-1ed1-4030-a113-08ad3f9b96f5,1.0
RI114_desempeño,RIESGO_INT,riesgo,desempeño,,,E2022CQP2082,NA,NA,0.739,riesgos_internos.csv,Registros ERP académico,Valor directo de columna desempeño,2026-06-15 21:15:50,fca83e77-1ed1-4030-a113-08ad3f9b96f5,1.0
RI114_repitencia,RIESGO_INT,riesgo,repitencia,,,E2022CQP2082,NA,NA,162.0,riesgos_internos.csv,Registros ERP académico,Valor directo de columna repitencia,2026-06-15 21:15:50,fca83e77-1ed1-4030-a113-08ad3f9b96f5,1.0
RI114_deserción,RIESGO_INT,riesgo,deserción,,,E2022CQP2082,NA,NA,0.0,riesgos_internos.csv,Registros ERP académico,Valor directo de columna deserción,2026-06-15 21:15:50,fca83e77-1ed1-4030-a113-08ad3f9b96f5,1.0
RI115_desempeño,RIESGO_INT,riesgo,desempeño,,,E2022NJT6424,NA,NA,0.743,riesgos_internos.csv,Registros ERP académico,Valor directo de columna desempeño,2026-06-15 21:15:50,fca83e77-1ed1-4030-a113-08ad3f9b96f5,1.0
RI115_repitencia,RIESGO_INT,riesgo,repitencia,,,E2022NJT6424,NA,NA,6.0,riesgos_internos.csv,Registros ERP académico,Valor directo de columna repitencia,2026-06-15 21:15:50,fca83e77-1ed1-4030-a113-08ad3f9b96f5,1.0
RI115_deserción,RIESGO_INT,riesgo,deserción,,,E2022NJT6424,NA,NA,1.0,riesgos_internos.csv,Registros ERP académico,Valor directo de columna deserción,2026-06-15 21:15:50,fca83e77-1ed1-4030-a113-08ad3f9b96f5,1.0
RI116_desempeño,RIESGO_INT,riesgo,desempeño,,,E2022GZK8586,NA,NA,0.72,riesgos_internos.csv,Registros ERP académico,Valor directo de columna desempeño,2026-06-15 21:15:50,fca83e77-1ed1-4030-a113-08ad3f9b96f5,1.0
RI116_repitencia,RIESGO_INT,riesgo,repitencia,,,E2022GZK8586,NA,NA,6.0,riesgos_internos.csv,Registros ERP académico,Valor directo de columna repitencia,2026-06-15 21:15:50,fca83e77-1ed1-4030-a113-08ad3f9b96f5,1.0
RI116_deserción,RIESGO_INT,riesgo,deserción,,,E2022GZK8586,NA,NA,1.0,riesgos_internos.csv,Registros ERP académico,Valor directo de columna deserción,2026-06-15 21:15:50,fca83e77-1ed1-4030-a113-08ad3f9b96f5,1.0
RI117_desempeño,RIESGO_INT,riesgo,desempeño,,,E2022IAV7729,NA,NA,0.748,riesgos_internos.csv,Registros ERP académico,Valor directo de columna desempeño,2026-06-15 21:15:50,fca83e77-1ed1-4030-a113-08ad3f9b96f5,1.0
RI117_repitencia,RIESGO_INT,riesgo,repitencia,,,E2022IAV7729,NA,NA,150.0,riesgos_internos.csv,Registros ERP académico,Valor directo de columna repitencia,2026-06-15 21:15:50,fca83e77-1ed1-4030-a113-08ad3f9b96f5,1.0
RI117_deserción,RIESGO_INT,riesgo,deserción,,,E2022IAV7729,NA,NA,0.0,riesgos_internos.csv,Registros ERP académico,Valor directo de columna deserción,2026-06-15 21:15:50,fca83e77-1ed1-4030-a113-08ad3f9b96f5,1.0
RI118_desempeño,RIESGO_INT,riesgo,desempeño,,,E2022HNH5836,NA,NA,0.719,riesgos_internos.csv,Registros ERP académico,Valor directo de columna desempeño,2026-06-15 21:15:50,fca83e77-1ed1-4030-a113-08ad3f9b96f5,1.0
RI118_repitencia,RIESGO_INT,riesgo,repitencia,,,E2022HNH5836,NA,NA,23.0,riesgos_internos.csv,Registros ERP académico,Valor directo de columna repitencia,2026-06-15 21:15:50,fca83e77-1ed1-4030-a113-08ad3f9b96f5,1.0
RI118_deserción,RIESGO_INT,riesgo,deserción,,,E2022HNH5836,NA,NA,1.0,riesgos_internos.csv,Registros ERP académico,Valor directo de columna deserción,2026-06-15 21:15:50,fca83e77-1ed1-4030-a113-08ad3f9b96f5,1.0
RI119_desempeño,RIESGO_INT,riesgo,desempeño,,,E2022CWL5335,NA,NA,0.756,riesgos_internos.csv,Registros ERP académico,Valor directo de columna desempeño,2026-06-15 21:15:50,fca83e77-1ed1-4030-a113-08ad3f9b96f5,1.0
RI119_repitencia,RIESGO_INT,riesgo,repitencia,,,E2022CWL5335,NA,NA,143.0,riesgos_internos.csv,Registros ERP académico,Valor directo de columna repitencia,2026-06-15 21:15:50,fca83e77-1ed1-4030-a113-08ad3f9b96f5,1.0
RI119_deserción,RIESGO_INT,riesgo,deserción,,,E2022CWL5335,NA,NA,0.0,riesgos_internos.csv,Registros ERP académico,Valor directo de columna deserción,2026-06-15 21:15:50,fca83e77-1ed1-4030-a113-08ad3f9b96f5,1.0
RI120_desempeño,RIESGO_INT,riesgo,desempeño,,,E2022BYP1523,NA,NA,0.744,riesgos_internos.csv,Registros ERP académico,Valor directo de columna desempeño,2026-06-15 21:15:50,fca83e77-1ed1-4030-a113-08ad3f9b96f5,1.0
RI120_repitencia,RIESGO_INT,riesgo,repitencia,,,E2022BYP1523,NA,NA,155.0,riesgos_internos.csv,Registros ERP académico,Valor directo de columna repitencia,2026-06-15 21:15:50,fca83e77-1ed1-4030-a113-08ad3f9b96f5,1.0
RI120_deserción,RIESGO_INT,riesgo,deserción,,,E2022BYP1523,NA,NA,0.0,riesgos_internos.csv,Registros ERP académico,Valor directo de columna deserción,2026-06-15 21:15:50,fca83e77-1ed1-4030-a113-08ad3f9b96f5,1.0
RI121_desempeño,RIESGO_INT,riesgo,desempeño,,,E2022LCE6984,NA,NA,0.73,riesgos_internos.csv,Registros ERP académico,Valor directo de columna desempeño,2026-06-15 21:15:50,fca83e77-1ed1-4030-a113-08ad3f9b96f5,1.0
RI121_repitencia,RIESGO_INT,riesgo,repitencia,,,E2022LCE6984,NA,NA,167.0,riesgos_internos.csv,Registros ERP académico,Valor directo de columna repitencia,2026-06-15 21:15:50,fca83e77-1ed1-4030-a113-08ad3f9b96f5,1.0
RI121_deserción,RIESGO_INT,riesgo,deserción,,,E2022LCE6984,NA,NA,0.0,riesgos_internos.csv,Registros ERP académico,Valor directo de columna deserción,2026-06-15 21:15:50,fca83e77-1ed1-4030-a113-08ad3f9b96f5,1.0
RI122_desempeño,RIESGO_INT,riesgo,desempeño,,,E2022BWO1897,NA,NA,0.759,riesgos_internos.csv,Registros ERP académico,Valor directo de columna desempeño,2026-06-15 21:15:50,fca83e77-1ed1-4030-a113-08ad3f9b96f5,1.0
RI122_repitencia,RIESGO_INT,riesgo,repitencia,,,E2022BWO1897,NA,NA,133.0,riesgos_internos.csv,Registros ERP académico,Valor directo de columna repitencia,2026-06-15 21:15:50,fca83e77-1ed1-4030-a113-08ad3f9b96f5,1.0
RI122_deserción,RIESGO_INT,riesgo,deserción,,,E2022BWO1897,NA,NA,0.0,riesgos_internos.csv,Registros ERP académico,Valor directo de columna deserción,2026-06-15 21:15:50,fca83e77-1ed1-4030-a113-08ad3f9b96f5,1.0
RI123_desempeño,RIESGO_INT,riesgo,desempeño,,,E2022EED4586,NA,NA,0.752,riesgos_internos.csv,Registros ERP académico,Valor directo de columna desempeño,2026-06-15 21:15:50,fca83e77-1ed1-4030-a113-08ad3f9b96f5,1.0
RI123_repitencia,RIESGO_INT,riesgo,repitencia,,,E2022EED4586,NA,NA,128.0,riesgos_internos.csv,Registros ERP académico,Valor directo de columna repitencia,2026-06-15 21:15:50,fca83e77-1ed1-4030-a113-08ad3f9b96f5,1.0
RI123_deserción,RIESGO_INT,riesgo,deserción,,,E2022EED4586,NA,NA,0.0,riesgos_internos.csv,Registros ERP académico,Valor directo de columna deserción,2026-06-15 21:15:50,fca83e77-1ed1-4030-a113-08ad3f9b96f5,1.0
RI124_desempeño,RIESGO_INT,riesgo,desempeño,,,E2022HZJ1815,NA,NA,0.749,riesgos_internos.csv,Registros ERP académico,Valor directo de columna desempeño,2026-06-15 21:15:50,fca83e77-1ed1-4030-a113-08ad3f9b96f5,1.0
RI124_repitencia,RIESGO_INT,riesgo,repitencia,,,E2022HZJ1815,NA,NA,17.0,riesgos_internos.csv,Registros ERP académico,Valor directo de columna repitencia,2026-06-15 21:15:50,fca83e77-1ed1-4030-a113-08ad3f9b96f5,1.0
RI124_deserción,RIESGO_INT,riesgo,deserción,,,E2022HZJ1815,NA,NA,1.0,riesgos_internos.csv,Registros ERP académico,Valor directo de columna deserción,2026-06-15 21:15:50,fca83e77-1ed1-4030-a113-08ad3f9b96f5,1.0
RI125_desempeño,RIESGO_INT,riesgo,desempeño,,,E2022NEL7129,NA,NA,0.744,riesgos_internos.csv,Registros ERP académico,Valor directo de columna desempeño,2026-06-15 21:15:50,fca83e77-1ed1-4030-a113-08ad3f9b96f5,1.0
RI125_repitencia,RIESGO_INT,riesgo,repitencia,,,E2022NEL7129,NA,NA,148.0,riesgos_internos.csv,Registros ERP académico,Valor directo de columna repitencia,2026-06-15 21:15:50,fca83e77-1ed1-4030-a113-08ad3f9b96f5,1.0
RI125_deserción,RIESGO_INT,riesgo,deserción,,,E2022NEL7129,NA,NA,0.0,riesgos_internos.csv,Registros ERP académico,Valor directo de columna deserción,2026-06-15 21:15:50,fca83e77-1ed1-4030-a113-08ad3f9b96f5,1.0
RI126_desempeño,RIESGO_INT,riesgo,desempeño,,,E2022RKU6466,NA,NA,0.745,riesgos_internos.csv,Registros ERP académico,Valor directo de columna desempeño,2026-06-15 21:15:50,fca83e77-1ed1-4030-a113-08ad3f9b96f5,1.0
RI126_repitencia,RIESGO_INT,riesgo,repitencia,,,E2022RKU6466,NA,NA,144.0,riesgos_internos.csv,Registros ERP académico,Valor directo de columna repitencia,2026-06-15 21:15:50,fca83e77-1ed1-4030-a113-08ad3f9b96f5,1.0
RI126_deserción,RIESGO_INT,riesgo,deserción,,,E2022RKU6466,NA,NA,0.0,riesgos_internos.csv,Registros ERP académico,Valor directo de columna deserción,2026-06-15 21:15:50,fca83e77-1ed1-4030-a113-08ad3f9b96f5,1.0
RI127_desempeño,RIESGO_INT,riesgo,desempeño,,,E2022KKJ0624,NA,NA,0.75,riesgos_internos.csv,Registros ERP académico,Valor directo de columna desempeño,2026-06-15 21:15:50,fca83e77-1ed1-4030-a113-08ad3f9b96f5,1.0
RI127_repitencia,RIESGO_INT,riesgo,repitencia,,,E2022KKJ0624,NA,NA,147.0,riesgos_internos.csv,Registros ERP académico,Valor directo de columna repitencia,2026-06-15 21:15:50,fca83e77-1ed1-4030-a113-08ad3f9b96f5,1.0
RI127_deserción,RIESGO_INT,riesgo,deserción,,,E2022KKJ0624,NA,NA,0.0,riesgos_internos.csv,Registros ERP académico,Valor directo de columna deserción,2026-06-15 21:15:50,fca83e77-1ed1-4030-a113-08ad3f9b96f5,1.0
RI128_desempeño,RIESGO_INT,riesgo,desempeño,,,E2022PEA8649,NA,NA,0.738,riesgos_internos.csv,Registros ERP académico,Valor directo de columna desempeño,2026-06-15 21:15:50,fca83e77-1ed1-4030-a113-08ad3f9b96f5,1.0
RI128_repitencia,RIESGO_INT,riesgo,repitencia,,,E2022PEA8649,NA,NA,159.0,riesgos_internos.csv,Registros ERP académico,Valor directo de columna repitencia,2026-06-15 21:15:50,fca83e77-1ed1-4030-a113-08ad3f9b96f5,1.0
RI128_deserción,RIESGO_INT,riesgo,deserción,,,E2022PEA8649,NA,NA,0.0,riesgos_internos.csv,Registros ERP académico,Valor directo de columna deserción,2026-06-15 21:15:50,fca83e77-1ed1-4030-a113-08ad3f9b96f5,1.0
RI129_desempeño,RIESGO_INT,riesgo,desempeño,,,E2022TKQ0466,NA,NA,0.761,riesgos_internos.csv,Registros ERP académico,Valor directo de columna desempeño,2026-06-15 21:15:50,fca83e77-1ed1-4030-a113-08ad3f9b96f5,1.0
RI129_repitencia,RIESGO_INT,riesgo,repitencia,,,E2022TKQ0466,NA,NA,128.0,riesgos_internos.csv,Registros ERP académico,Valor directo de columna repitencia,2026-06-15 21:15:50,fca83e77-1ed1-4030-a113-08ad3f9b96f5,1.0
RI129_deserción,RIESGO_INT,riesgo,deserción,,,E2022TKQ0466,NA,NA,0.0,riesgos_internos.csv,Registros ERP académico,Valor directo de columna deserción,2026-06-15 21:15:50,fca83e77-1ed1-4030-a113-08ad3f9b96f5,1.0
RI130_desempeño,RIESGO_INT,riesgo,desempeño,,,E2022OBO7566,NA,NA,0.742,riesgos_internos.csv,Registros ERP académico,Valor directo de columna desempeño,2026-06-15 21:15:50,fca83e77-1ed1-4030-a113-08ad3f9b96f5,1.0
RI130_repitencia,RIESGO_INT,riesgo,repitencia,,,E2022OBO7566,NA,NA,156.0,riesgos_internos.csv,Registros ERP académico,Valor directo de columna repitencia,2026-06-15 21:15:50,fca83e77-1ed1-4030-a113-08ad3f9b96f5,1.0
RI130_deserción,RIESGO_INT,riesgo,deserción,,,E2022OBO7566,NA,NA,0.0,riesgos_internos.csv,Registros ERP académico,Valor directo de columna deserción,2026-06-15 21:15:50,fca83e77-1ed1-4030-a113-08ad3f9b96f5,1.0
RI131_desempeño,RIESGO_INT,riesgo,desempeño,,,E2022LRH3785,NA,NA,0.742,riesgos_internos.csv,Registros ERP académico,Valor directo de columna desempeño,2026-06-15 21:15:50,fca83e77-1ed1-4030-a113-08ad3f9b96f5,1.0
RI131_repitencia,RIESGO_INT,riesgo,repitencia,,,E2022LRH3785,NA,NA,145.0,riesgos_internos.csv,Registros ERP académico,Valor directo de columna repitencia,2026-06-15 21:15:50,fca83e77-1ed1-4030-a113-08ad3f9b96f5,1.0
RI131_deserción,RIESGO_INT,riesgo,deserción,,,E2022LRH3785,NA,NA,0.0,riesgos_internos.csv,Registros ERP académico,Valor directo de columna deserción,2026-06-15 21:15:50,fca83e77-1ed1-4030-a113-08ad3f9b96f5,1.0
RI132_desempeño,RIESGO_INT,riesgo,desempeño,,,E2022OKA6014,NA,NA,0.749,riesgos_internos.csv,Registros ERP académico,Valor directo de columna desempeño,2026-06-15 21:15:50,fca83e77-1ed1-4030-a113-08ad3f9b96f5,1.0
RI132_repitencia,RIESGO_INT,riesgo,repitencia,,,E2022OKA6014,NA,NA,144.0,riesgos_internos.csv,Registros ERP académico,Valor directo de columna repitencia,2026-06-15 21:15:50,fca83e77-1ed1-4030-a113-08ad3f9b96f5,1.0
RI132_deserción,RIESGO_INT,riesgo,deserción,,,E2022OKA6014,NA,NA,0.0,riesgos_internos.csv,Registros ERP académico,Valor directo de columna deserción,2026-06-15 21:15:50,fca83e77-1ed1-4030-a113-08ad3f9b96f5,1.0
RI133_desempeño,RIESGO_INT,riesgo,desempeño,,,E2022XTS2619,NA,NA,0.757,riesgos_internos.csv,Registros ERP académico,Valor directo de columna desempeño,2026-06-15 21:15:50,fca83e77-1ed1-4030-a113-08ad3f9b96f5,1.0
RI133_repitencia,RIESGO_INT,riesgo,repitencia,,,E2022XTS2619,NA,NA,139.0,riesgos_internos.csv,Registros ERP académico,Valor directo de columna repitencia,2026-06-15 21:15:50,fca83e77-1ed1-4030-a113-08ad3f9b96f5,1.0
RI133_deserción,RIESGO_INT,riesgo,deserción,,,E2022XTS2619,NA,NA,0.0,riesgos_internos.csv,Registros ERP académico,Valor directo de columna deserción,2026-06-15 21:15:50,fca83e77-1ed1-4030-a113-08ad3f9b96f5,1.0
RI134_desempeño,RIESGO_INT,riesgo,desempeño,,,E2022KWZ0224,NA,NA,0.743,riesgos_internos.csv,Registros ERP académico,Valor directo de columna desempeño,2026-06-15 21:15:50,fca83e77-1ed1-4030-a113-08ad3f9b96f5,1.0
RI134_repitencia,RIESGO_INT,riesgo,repitencia,,,E2022KWZ0224,NA,NA,20.0,riesgos_internos.csv,Registros ERP académico,Valor directo de columna repitencia,2026-06-15 21:15:50,fca83e77-1ed1-4030-a113-08ad3f9b96f5,1.0
RI134_deserción,RIESGO_INT,riesgo,deserción,,,E2022KWZ0224,NA,NA,1.0,riesgos_internos.csv,Registros ERP académico,Valor directo de columna deserción,2026-06-15 21:15:50,fca83e77-1ed1-4030-a113-08ad3f9b96f5,1.0
RI135_desempeño,RIESGO_INT,riesgo,desempeño,,,E2022PUS1551,NA,NA,0.753,riesgos_internos.csv,Registros ERP académico,Valor directo de columna desempeño,2026-06-15 21:15:50,fca83e77-1ed1-4030-a113-08ad3f9b96f5,1.0
RI135_repitencia,RIESGO_INT,riesgo,repitencia,,,E2022PUS1551,NA,NA,144.0,riesgos_internos.csv,Registros ERP académico,Valor directo de columna repitencia,2026-06-15 21:15:50,fca83e77-1ed1-4030-a113-08ad3f9b96f5,1.0
RI135_deserción,RIESGO_INT,riesgo,deserción,,,E2022PUS1551,NA,NA,0.0,riesgos_internos.csv,Registros ERP académico,Valor directo de columna deserción,2026-06-15 21:15:50,fca83e77-1ed1-4030-a113-08ad3f9b96f5,1.0
RI136_desempeño,RIESGO_INT,riesgo,desempeño,,,E2022IDT1083,NA,NA,0.735,riesgos_internos.csv,Registros ERP académico,Valor directo de columna desempeño,2026-06-15 21:15:50,fca83e77-1ed1-4030-a113-08ad3f9b96f5,1.0
RI136_repitencia,RIESGO_INT,riesgo,repitencia,,,E2022IDT1083,NA,NA,166.0,riesgos_internos.csv,Registros ERP académico,Valor directo de columna repitencia,2026-06-15 21:15:50,fca83e77-1ed1-4030-a113-08ad3f9b96f5,1.0
RI136_deserción,RIESGO_INT,riesgo,deserción,,,E2022IDT1083,NA,NA,0.0,riesgos_internos.csv,Registros ERP académico,Valor directo de columna deserción,2026-06-15 21:15:50,fca83e77-1ed1-4030-a113-08ad3f9b96f5,1.0
RI137_desempeño,RIESGO_INT,riesgo,desempeño,,,E2022RYC7167,NA,NA,0.702,riesgos_internos.csv,Registros ERP académico,Valor directo de columna desempeño,2026-06-15 21:15:50,fca83e77-1ed1-4030-a113-08ad3f9b96f5,1.0
RI137_repitencia,RIESGO_INT,riesgo,repitencia,,,E2022RYC7167,NA,NA,6.0,riesgos_internos.csv,Registros ERP académico,Valor directo de columna repitencia,2026-06-15 21:15:50,fca83e77-1ed1-4030-a113-08ad3f9b96f5,1.0
RI137_deserción,RIESGO_INT,riesgo,deserción,,,E2022RYC7167,NA,NA,1.0,riesgos_internos.csv,Registros ERP académico,Valor directo de columna deserción,2026-06-15 21:15:50,fca83e77-1ed1-4030-a113-08ad3f9b96f5,1.0
RI138_desempeño,RIESGO_INT,riesgo,desempeño,,,E2022KQL8923,NA,NA,0.761,riesgos_internos.csv,Registros ERP académico,Valor directo de columna desempeño,2026-06-15 21:15:50,fca83e77-1ed1-4030-a113-08ad3f9b96f5,1.0
RI138_repitencia,RIESGO_INT,riesgo,repitencia,,,E2022KQL8923,NA,NA,4.0,riesgos_internos.csv,Registros ERP académico,Valor directo de columna repitencia,2026-06-15 21:15:50,fca83e77-1ed1-4030-a113-08ad3f9b96f5,1.0
RI138_deserción,RIESGO_INT,riesgo,deserción,,,E2022KQL8923,NA,NA,1.0,riesgos_internos.csv,Registros ERP académico,Valor directo de columna deserción,2026-06-15 21:15:50,fca83e77-1ed1-4030-a113-08ad3f9b96f5,1.0
RI139_desempeño,RIESGO_INT,riesgo,desempeño,,,E2022TJU8891,NA,NA,0.746,riesgos_internos.csv,Registros ERP académico,Valor directo de columna desempeño,2026-06-15 21:15:50,fca83e77-1ed1-4030-a113-08ad3f9b96f5,1.0
RI139_repitencia,RIESGO_INT,riesgo,repitencia,,,E2022TJU8891,NA,NA,150.0,riesgos_internos.csv,Registros ERP académico,Valor directo de columna repitencia,2026-06-15 21:15:50,fca83e77-1ed1-4030-a113-08ad3f9b96f5,1.0
RI139_deserción,RIESGO_INT,riesgo,deserción,,,E2022TJU8891,NA,NA,0.0,riesgos_internos.csv,Registros ERP académico,Valor directo de columna deserción,2026-06-15 21:15:50,fca83e77-1ed1-4030-a113-08ad3f9b96f5,1.0
RI140_desempeño,RIESGO_INT,riesgo,desempeño,,,E2022DEO0806,NA,NA,0.749,riesgos_internos.csv,Registros ERP académico,Valor directo de columna desempeño,2026-06-15 21:15:50,fca83e77-1ed1-4030-a113-08ad3f9b96f5,1.0
RI140_repitencia,RIESGO_INT,riesgo,repitencia,,,E2022DEO0806,NA,NA,140.0,riesgos_internos.csv,Registros ERP académico,Valor directo de columna repitencia,2026-06-15 21:15:50,fca83e77-1ed1-4030-a113-08ad3f9b96f5,1.0
RI140_deserción,RIESGO_INT,riesgo,deserción,,,E2022DEO0806,NA,NA,0.0,riesgos_internos.csv,Registros ERP académico,Valor directo de columna deserción,2026-06-15 21:15:50,fca83e77-1ed1-4030-a113-08ad3f9b96f5,1.0
RI141_desempeño,RIESGO_INT,riesgo,desempeño,,,E2023KAR2227,NA,NA,0.742,riesgos_internos.csv,Registros ERP académico,Valor directo de columna desempeño,2026-06-15 21:15:50,fca83e77-1ed1-4030-a113-08ad3f9b96f5,1.0
RI141_repitencia,RIESGO_INT,riesgo,repitencia,,,E2023KAR2227,NA,NA,65.0,riesgos_internos.csv,Registros ERP académico,Valor directo de columna repitencia,2026-06-15 21:15:50,fca83e77-1ed1-4030-a113-08ad3f9b96f5,1.0
RI141_deserción,RIESGO_INT,riesgo,deserción,,,E2023KAR2227,NA,NA,0.0,riesgos_internos.csv,Registros ERP académico,Valor directo de columna deserción,2026-06-15 21:15:50,fca83e77-1ed1-4030-a113-08ad3f9b96f5,1.0
RI142_desempeño,RIESGO_INT,riesgo,desempeño,,,E2023FQG6959,NA,NA,0.759,riesgos_internos.csv,Registros ERP académico,Valor directo de columna desempeño,2026-06-15 21:15:50,fca83e77-1ed1-4030-a113-08ad3f9b96f5,1.0
RI142_repitencia,RIESGO_INT,riesgo,repitencia,,,E2023FQG6959,NA,NA,60.0,riesgos_internos.csv,Registros ERP académico,Valor directo de columna repitencia,2026-06-15 21:15:50,fca83e77-1ed1-4030-a113-08ad3f9b96f5,1.0
RI142_deserción,RIESGO_INT,riesgo,deserción,,,E2023FQG6959,NA,NA,0.0,riesgos_internos.csv,Registros ERP académico,Valor directo de columna deserción,2026-06-15 21:15:50,fca83e77-1ed1-4030-a113-08ad3f9b96f5,1.0
RI143_desempeño,RIESGO_INT,riesgo,desempeño,,,E2023SGO0141,NA,NA,0.76,riesgos_internos.csv,Registros ERP académico,Valor directo de columna desempeño,2026-06-15 21:15:50,fca83e77-1ed1-4030-a113-08ad3f9b96f5,1.0
RI143_repitencia,RIESGO_INT,riesgo,repitencia,,,E2023SGO0141,NA,NA,54.0,riesgos_internos.csv,Registros ERP académico,Valor directo de columna repitencia,2026-06-15 21:15:50,fca83e77-1ed1-4030-a113-08ad3f9b96f5,1.0
RI143_deserción,RIESGO_INT,riesgo,deserción,,,E2023SGO0141,NA,NA,0.0,riesgos_internos.csv,Registros ERP académico,Valor directo de columna deserción,2026-06-15 21:15:50,fca83e77-1ed1-4030-a113-08ad3f9b96f5,1.0
RI144_desempeño,RIESGO_INT,riesgo,desempeño,,,E2023SKI0560,NA,NA,0.766,riesgos_internos.csv,Registros ERP académico,Valor directo de columna desempeño,2026-06-15 21:15:50,fca83e77-1ed1-4030-a113-08ad3f9b96f5,1.0
RI144_repitencia,RIESGO_INT,riesgo,repitencia,,,E2023SKI0560,NA,NA,52.0,riesgos_internos.csv,Registros ERP académico,Valor directo de columna repitencia,2026-06-15 21:15:50,fca83e77-1ed1-4030-a113-08ad3f9b96f5,1.0
RI144_deserción,RIESGO_INT,riesgo,deserción,,,E2023SKI0560,NA,NA,0.0,riesgos_internos.csv,Registros ERP académico,Valor directo de columna deserción,2026-06-15 21:15:50,fca83e77-1ed1-4030-a113-08ad3f9b96f5,1.0
RI145_desempeño,RIESGO_INT,riesgo,desempeño,,,E2023SXO8969,NA,NA,0.751,riesgos_internos.csv,Registros ERP académico,Valor directo de columna desempeño,2026-06-15 21:15:50,fca83e77-1ed1-4030-a113-08ad3f9b96f5,1.0
RI145_repitencia,RIESGO_INT,riesgo,repitencia,,,E2023SXO8969,NA,NA,57.0,riesgos_internos.csv,Registros ERP académico,Valor directo de columna repitencia,2026-06-15 21:15:50,fca83e77-1ed1-4030-a113-08ad3f9b96f5,1.0
RI145_deserción,RIESGO_INT,riesgo,deserción,,,E2023SXO8969,NA,NA,0.0,riesgos_internos.csv,Registros ERP académico,Valor directo de columna deserción,2026-06-15 21:15:50,fca83e77-1ed1-4030-a113-08ad3f9b96f5,1.0
RI146_desempeño,RIESGO_INT,riesgo,desempeño,,,E2023AIT4511,NA,NA,0.763,riesgos_internos.csv,Registros ERP académico,Valor directo de columna desempeño,2026-06-15 21:15:50,fca83e77-1ed1-4030-a113-08ad3f9b96f5,1.0
RI146_repitencia,RIESGO_INT,riesgo,repitencia,,,E2023AIT4511,NA,NA,52.0,riesgos_internos.csv,Registros ERP académico,Valor directo de columna repitencia,2026-06-15 21:15:50,fca83e77-1ed1-4030-a113-08ad3f9b96f5,1.0
RI146_deserción,RIESGO_INT,riesgo,deserción,,,E2023AIT4511,NA,NA,0.0,riesgos_internos.csv,Registros ERP académico,Valor directo de columna deserción,2026-06-15 21:15:50,fca83e77-1ed1-4030-a113-08ad3f9b96f5,1.0
RI147_desempeño,RIESGO_INT,riesgo,desempeño,,,E2023PUG1538,NA,NA,0.751,riesgos_internos.csv,Registros ERP académico,Valor directo de columna desempeño,2026-06-15 21:15:50,fca83e77-1ed1-4030-a113-08ad3f9b96f5,1.0
RI147_repitencia,RIESGO_INT,riesgo,repitencia,,,E2023PUG1538,NA,NA,56.0,riesgos_internos.csv,Registros ERP académico,Valor directo de columna repitencia,2026-06-15 21:15:50,fca83e77-1ed1-4030-a113-08ad3f9b96f5,1.0
RI147_deserción,RIESGO_INT,riesgo,deserción,,,E2023PUG1538,NA,NA,0.0,riesgos_internos.csv,Registros ERP académico,Valor directo de columna deserción,2026-06-15 21:15:50,fca83e77-1ed1-4030-a113-08ad3f9b96f5,1.0
RI148_desempeño,RIESGO_INT,riesgo,desempeño,,,E2023CRZ7286,NA,NA,0.742,riesgos_internos.csv,Registros ERP académico,Valor directo de columna desempeño,2026-06-15 21:15:50,fca83e77-1ed1-4030-a113-08ad3f9b96f5,1.0
RI148_repitencia,RIESGO_INT,riesgo,repitencia,,,E2023CRZ7286,NA,NA,59.0,riesgos_internos.csv,Registros ERP académico,Valor directo de columna repitencia,2026-06-15 21:15:50,fca83e77-1ed1-4030-a113-08ad3f9b96f5,1.0
RI148_deserción,RIESGO_INT,riesgo,deserción,,,E2023CRZ7286,NA,NA,0.0,riesgos_internos.csv,Registros ERP académico,Valor directo de columna deserción,2026-06-15 21:15:50,fca83e77-1ed1-4030-a113-08ad3f9b96f5,1.0
RI149_desempeño,RIESGO_INT,riesgo,desempeño,,,E2023FIX6551,NA,NA,0.763,riesgos_internos.csv,Registros ERP académico,Valor directo de columna desempeño,2026-06-15 21:15:50,fca83e77-1ed1-4030-a113-08ad3f9b96f5,1.0
RI149_repitencia,RIESGO_INT,riesgo,repitencia,,,E2023FIX6551,NA,NA,53.0,riesgos_internos.csv,Registros ERP académico,Valor directo de columna repitencia,2026-06-15 21:15:50,fca83e77-1ed1-4030-a113-08ad3f9b96f5,1.0
RI149_deserción,RIESGO_INT,riesgo,deserción,,,E2023FIX6551,NA,NA,0.0,riesgos_internos.csv,Registros ERP académico,Valor directo de columna deserción,2026-06-15 21:15:50,fca83e77-1ed1-4030-a113-08ad3f9b96f5,1.0
RI150_desempeño,RIESGO_INT,riesgo,desempeño,,,E2023EQG1665,NA,NA,0.753,riesgos_internos.csv,Registros ERP académico,Valor directo de columna desempeño,2026-06-15 21:15:50,fca83e77-1ed1-4030-a113-08ad3f9b96f5,1.0
RI150_repitencia,RIESGO_INT,riesgo,repitencia,,,E2023EQG1665,NA,NA,57.0,riesgos_internos.csv,Registros ERP académico,Valor directo de columna repitencia,2026-06-15 21:15:50,fca83e77-1ed1-4030-a113-08ad3f9b96f5,1.0
RI150_deserción,RIESGO_INT,riesgo,deserción,,,E2023EQG1665,NA,NA,0.0,riesgos_internos.csv,Registros ERP académico,Valor directo de columna deserción,2026-06-15 21:15:50,fca83e77-1ed1-4030-a113-08ad3f9b96f5,1.0
RI151_desempeño,RIESGO_INT,riesgo,desempeño,,,E2023IBA5956,NA,NA,0.753,riesgos_internos.csv,Registros ERP académico,Valor directo de columna desempeño,2026-06-15 21:15:50,fca83e77-1ed1-4030-a113-08ad3f9b96f5,1.0
RI151_repitencia,RIESGO_INT,riesgo,repitencia,,,E2023IBA5956,NA,NA,52.0,riesgos_internos.csv,Registros ERP académico,Valor directo de columna repitencia,2026-06-15 21:15:50,fca83e77-1ed1-4030-a113-08ad3f9b96f5,1.0
RI151_deserción,RIESGO_INT,riesgo,deserción,,,E2023IBA5956,NA,NA,0.0,riesgos_internos.csv,Registros ERP académico,Valor directo de columna deserción,2026-06-15 21:15:50,fca83e77-1ed1-4030-a113-08ad3f9b96f5,1.0
RI152_desempeño,RIESGO_INT,riesgo,desempeño,,,E2023UXK8820,NA,NA,0.746,riesgos_internos.csv,Registros ERP académico,Valor directo de columna desempeño,2026-06-15 21:15:50,fca83e77-1ed1-4030-a113-08ad3f9b96f5,1.0
RI152_repitencia,RIESGO_INT,riesgo,repitencia,,,E2023UXK8820,NA,NA,4.0,riesgos_internos.csv,Registros ERP académico,Valor directo de columna repitencia,2026-06-15 21:15:50,fca83e77-1ed1-4030-a113-08ad3f9b96f5,1.0
RI152_deserción,RIESGO_INT,riesgo,deserción,,,E2023UXK8820,NA,NA,1.0,riesgos_internos.csv,Registros ERP académico,Valor directo de columna deserción,2026-06-15 21:15:50,fca83e77-1ed1-4030-a113-08ad3f9b96f5,1.0
RI153_desempeño,RIESGO_INT,riesgo,desempeño,,,E2023WBE6994,NA,NA,0.752,riesgos_internos.csv,Registros ERP académico,Valor directo de columna desempeño,2026-06-15 21:15:50,fca83e77-1ed1-4030-a113-08ad3f9b96f5,1.0
RI153_repitencia,RIESGO_INT,riesgo,repitencia,,,E2023WBE6994,NA,NA,56.0,riesgos_internos.csv,Registros ERP académico,Valor directo de columna repitencia,2026-06-15 21:15:50,fca83e77-1ed1-4030-a113-08ad3f9b96f5,1.0
RI153_deserción,RIESGO_INT,riesgo,deserción,,,E2023WBE6994,NA,NA,0.0,riesgos_internos.csv,Registros ERP académico,Valor directo de columna deserción,2026-06-15 21:15:50,fca83e77-1ed1-4030-a113-08ad3f9b96f5,1.0
RI154_desempeño,RIESGO_INT,riesgo,desempeño,,,E2023GSH2650,NA,NA,0.762,riesgos_internos.csv,Registros ERP académico,Valor directo de columna desempeño,2026-06-15 21:15:50,fca83e77-1ed1-4030-a113-08ad3f9b96f5,1.0
RI154_repitencia,RIESGO_INT,riesgo,repitencia,,,E2023GSH2650,NA,NA,52.0,riesgos_internos.csv,Registros ERP académico,Valor directo de columna repitencia,2026-06-15 21:15:50,fca83e77-1ed1-4030-a113-08ad3f9b96f5,1.0
RI154_deserción,RIESGO_INT,riesgo,deserción,,,E2023GSH2650,NA,NA,0.0,riesgos_internos.csv,Registros ERP académico,Valor directo de columna deserción,2026-06-15 21:15:50,fca83e77-1ed1-4030-a113-08ad3f9b96f5,1.0
RI155_desempeño,RIESGO_INT,riesgo,desempeño,,,E2023MUJ1763,NA,NA,0.728,riesgos_internos.csv,Registros ERP académico,Valor directo de columna desempeño,2026-06-15 21:15:50,fca83e77-1ed1-4030-a113-08ad3f9b96f5,1.0
RI155_repitencia,RIESGO_INT,riesgo,repitencia,,,E2023MUJ1763,NA,NA,61.0,riesgos_internos.csv,Registros ERP académico,Valor directo de columna repitencia,2026-06-15 21:15:50,fca83e77-1ed1-4030-a113-08ad3f9b96f5,1.0
RI155_deserción,RIESGO_INT,riesgo,deserción,,,E2023MUJ1763,NA,NA,0.0,riesgos_internos.csv,Registros ERP académico,Valor directo de columna deserción,2026-06-15 21:15:50,fca83e77-1ed1-4030-a113-08ad3f9b96f5,1.0
RI156_desempeño,RIESGO_INT,riesgo,desempeño,,,E2023IYB5501,NA,NA,0.75,riesgos_internos.csv,Registros ERP académico,Valor directo de columna desempeño,2026-06-15 21:15:50,fca83e77-1ed1-4030-a113-08ad3f9b96f5,1.0
RI156_repitencia,RIESGO_INT,riesgo,repitencia,,,E2023IYB5501,NA,NA,54.0,riesgos_internos.csv,Registros ERP académico,Valor directo de columna repitencia,2026-06-15 21:15:50,fca83e77-1ed1-4030-a113-08ad3f9b96f5,1.0
RI156_deserción,RIESGO_INT,riesgo,deserción,,,E2023IYB5501,NA,NA,0.0,riesgos_internos.csv,Registros ERP académico,Valor directo de columna deserción,2026-06-15 21:15:50,fca83e77-1ed1-4030-a113-08ad3f9b96f5,1.0
RI157_desempeño,RIESGO_INT,riesgo,desempeño,,,E2023KXK2417,NA,NA,0.754,riesgos_internos.csv,Registros ERP académico,Valor directo de columna desempeño,2026-06-15 21:15:50,fca83e77-1ed1-4030-a113-08ad3f9b96f5,1.0
RI157_repitencia,RIESGO_INT,riesgo,repitencia,,,E2023KXK2417,NA,NA,58.0,riesgos_internos.csv,Registros ERP académico,Valor directo de columna repitencia,2026-06-15 21:15:50,fca83e77-1ed1-4030-a113-08ad3f9b96f5,1.0
RI157_deserción,RIESGO_INT,riesgo,deserción,,,E2023KXK2417,NA,NA,0.0,riesgos_internos.csv,Registros ERP académico,Valor directo de columna deserción,2026-06-15 21:15:50,fca83e77-1ed1-4030-a113-08ad3f9b96f5,1.0
RI158_desempeño,RIESGO_INT,riesgo,desempeño,,,E2023YHI1268,NA,NA,0.748,riesgos_internos.csv,Registros ERP académico,Valor directo de columna desempeño,2026-06-15 21:15:50,fca83e77-1ed1-4030-a113-08ad3f9b96f5,1.0
RI158_repitencia,RIESGO_INT,riesgo,repitencia,,,E2023YHI1268,NA,NA,59.0,riesgos_internos.csv,Registros ERP académico,Valor directo de columna repitencia,2026-06-15 21:15:50,fca83e77-1ed1-4030-a113-08ad3f9b96f5,1.0
RI158_deserción,RIESGO_INT,riesgo,deserción,,,E2023YHI1268,NA,NA,0.0,riesgos_internos.csv,Registros ERP académico,Valor directo de columna deserción,2026-06-15 21:15:50,fca83e77-1ed1-4030-a113-08ad3f9b96f5,1.0
RI159_desempeño,RIESGO_INT,riesgo,desempeño,,,E2023MUZ2100,NA,NA,0.758,riesgos_internos.csv,Registros ERP académico,Valor directo de columna desempeño,2026-06-15 21:15:50,fca83e77-1ed1-4030-a113-08ad3f9b96f5,1.0
RI159_repitencia,RIESGO_INT,riesgo,repitencia,,,E2023MUZ2100,NA,NA,56.0,riesgos_internos.csv,Registros ERP académico,Valor directo de columna repitencia,2026-06-15 21:15:50,fca83e77-1ed1-4030-a113-08ad3f9b96f5,1.0
RI159_deserción,RIESGO_INT,riesgo,deserción,,,E2023MUZ2100,NA,NA,0.0,riesgos_internos.csv,Registros ERP académico,Valor directo de columna deserción,2026-06-15 21:15:50,fca83e77-1ed1-4030-a113-08ad3f9b96f5,1.0
RI160_desempeño,RIESGO_INT,riesgo,desempeño,,,E2023AXI8660,NA,NA,0.756,riesgos_internos.csv,Registros ERP académico,Valor directo de columna desempeño,2026-06-15 21:15:50,fca83e77-1ed1-4030-a113-08ad3f9b96f5,1.0
RI160_repitencia,RIESGO_INT,riesgo,repitencia,,,E2023AXI8660,NA,NA,60.0,riesgos_internos.csv,Registros ERP académico,Valor directo de columna repitencia,2026-06-15 21:15:50,fca83e77-1ed1-4030-a113-08ad3f9b96f5,1.0
RI160_deserción,RIESGO_INT,riesgo,deserción,,,E2023AXI8660,NA,NA,0.0,riesgos_internos.csv,Registros ERP académico,Valor directo de columna deserción,2026-06-15 21:15:50,fca83e77-1ed1-4030-a113-08ad3f9b96f5,1.0
RI161_desempeño,RIESGO_INT,riesgo,desempeño,,,E2023GIB9587,NA,NA,0.754,riesgos_internos.csv,Registros ERP académico,Valor directo de columna desempeño,2026-06-15 21:15:50,fca83e77-1ed1-4030-a113-08ad3f9b96f5,1.0
RI161_repitencia,RIESGO_INT,riesgo,repitencia,,,E2023GIB9587,NA,NA,56.0,riesgos_internos.csv,Registros ERP académico,Valor directo de columna repitencia,2026-06-15 21:15:50,fca83e77-1ed1-4030-a113-08ad3f9b96f5,1.0
RI161_deserción,RIESGO_INT,riesgo,deserción,,,E2023GIB9587,NA,NA,0.0,riesgos_internos.csv,Registros ERP académico,Valor directo de columna deserción,2026-06-15 21:15:50,fca83e77-1ed1-4030-a113-08ad3f9b96f5,1.0
RI162_desempeño,RIESGO_INT,riesgo,desempeño,,,E2023QST3108,NA,NA,0.702,riesgos_internos.csv,Registros ERP académico,Valor directo de columna desempeño,2026-06-15 21:15:50,fca83e77-1ed1-4030-a113-08ad3f9b96f5,1.0
RI162_repitencia,RIESGO_INT,riesgo,repitencia,,,E2023QST3108,NA,NA,7.0,riesgos_internos.csv,Registros ERP académico,Valor directo de columna repitencia,2026-06-15 21:15:50,fca83e77-1ed1-4030-a113-08ad3f9b96f5,1.0
RI162_deserción,RIESGO_INT,riesgo,deserción,,,E2023QST3108,NA,NA,1.0,riesgos_internos.csv,Registros ERP académico,Valor directo de columna deserción,2026-06-15 21:15:50,fca83e77-1ed1-4030-a113-08ad3f9b96f5,1.0
RI163_desempeño,RIESGO_INT,riesgo,desempeño,,,E2023YKL7893,NA,NA,0.736,riesgos_internos.csv,Registros ERP académico,Valor directo de columna desempeño,2026-06-15 21:15:50,fca83e77-1ed1-4030-a113-08ad3f9b96f5,1.0
RI163_repitencia,RIESGO_INT,riesgo,repitencia,,,E2023YKL7893,NA,NA,56.0,riesgos_internos.csv,Registros ERP académico,Valor directo de columna repitencia,2026-06-15 21:15:50,fca83e77-1ed1-4030-a113-08ad3f9b96f5,1.0
RI163_deserción,RIESGO_INT,riesgo,deserción,,,E2023YKL7893,NA,NA,0.0,riesgos_internos.csv,Registros ERP académico,Valor directo de columna deserción,2026-06-15 21:15:50,fca83e77-1ed1-4030-a113-08ad3f9b96f5,1.0
RI164_desempeño,RIESGO_INT,riesgo,desempeño,,,E2023BDT7072,NA,NA,0.749,riesgos_internos.csv,Registros ERP académico,Valor directo de columna desempeño,2026-06-15 21:15:50,fca83e77-1ed1-4030-a113-08ad3f9b96f5,1.0
RI164_repitencia,RIESGO_INT,riesgo,repitencia,,,E2023BDT7072,NA,NA,55.0,riesgos_internos.csv,Registros ERP académico,Valor directo de columna repitencia,2026-06-15 21:15:50,fca83e77-1ed1-4030-a113-08ad3f9b96f5,1.0
RI164_deserción,RIESGO_INT,riesgo,deserción,,,E2023BDT7072,NA,NA,0.0,riesgos_internos.csv,Registros ERP académico,Valor directo de columna deserción,2026-06-15 21:15:50,fca83e77-1ed1-4030-a113-08ad3f9b96f5,1.0
RI165_desempeño,RIESGO_INT,riesgo,desempeño,,,E2023HSU4357,NA,NA,0.76,riesgos_internos.csv,Registros ERP académico,Valor directo de columna desempeño,2026-06-15 21:15:50,fca83e77-1ed1-4030-a113-08ad3f9b96f5,1.0
RI165_repitencia,RIESGO_INT,riesgo,repitencia,,,E2023HSU4357,NA,NA,55.0,riesgos_internos.csv,Registros ERP académico,Valor directo de columna repitencia,2026-06-15 21:15:50,fca83e77-1ed1-4030-a113-08ad3f9b96f5,1.0
RI165_deserción,RIESGO_INT,riesgo,deserción,,,E2023HSU4357,NA,NA,0.0,riesgos_internos.csv,Registros ERP académico,Valor directo de columna deserción,2026-06-15 21:15:50,fca83e77-1ed1-4030-a113-08ad3f9b96f5,1.0
RI166_desempeño,RIESGO_INT,riesgo,desempeño,,,E2023SKP5558,NA,NA,0.696,riesgos_internos.csv,Registros ERP académico,Valor directo de columna desempeño,2026-06-15 21:15:50,fca83e77-1ed1-4030-a113-08ad3f9b96f5,1.0
RI166_repitencia,RIESGO_INT,riesgo,repitencia,,,E2023SKP5558,NA,NA,7.0,riesgos_internos.csv,Registros ERP académico,Valor directo de columna repitencia,2026-06-15 21:15:50,fca83e77-1ed1-4030-a113-08ad3f9b96f5,1.0
RI166_deserción,RIESGO_INT,riesgo,deserción,,,E2023SKP5558,NA,NA,1.0,riesgos_internos.csv,Registros ERP académico,Valor directo de columna deserción,2026-06-15 21:15:50,fca83e77-1ed1-4030-a113-08ad3f9b96f5,1.0
RI167_desempeño,RIESGO_INT,riesgo,desempeño,,,E2023DHN4757,NA,NA,0.748,riesgos_internos.csv,Registros ERP académico,Valor directo de columna desempeño,2026-06-15 21:15:50,fca83e77-1ed1-4030-a113-08ad3f9b96f5,1.0
RI167_repitencia,RIESGO_INT,riesgo,repitencia,,,E2023DHN4757,NA,NA,58.0,riesgos_internos.csv,Registros ERP académico,Valor directo de columna repitencia,2026-06-15 21:15:50,fca83e77-1ed1-4030-a113-08ad3f9b96f5,1.0
RI167_deserción,RIESGO_INT,riesgo,deserción,,,E2023DHN4757,NA,NA,0.0,riesgos_internos.csv,Registros ERP académico,Valor directo de columna deserción,2026-06-15 21:15:50,fca83e77-1ed1-4030-a113-08ad3f9b96f5,1.0
RI168_desempeño,RIESGO_INT,riesgo,desempeño,,,E2023KGI3241,NA,NA,0.761,riesgos_internos.csv,Registros ERP académico,Valor directo de columna desempeño,2026-06-15 21:15:50,fca83e77-1ed1-4030-a113-08ad3f9b96f5,1.0
RI168_repitencia,RIESGO_INT,riesgo,repitencia,,,E2023KGI3241,NA,NA,54.0,riesgos_internos.csv,Registros ERP académico,Valor directo de columna repitencia,2026-06-15 21:15:50,fca83e77-1ed1-4030-a113-08ad3f9b96f5,1.0
RI168_deserción,RIESGO_INT,riesgo,deserción,,,E2023KGI3241,NA,NA,0.0,riesgos_internos.csv,Registros ERP académico,Valor directo de columna deserción,2026-06-15 21:15:50,fca83e77-1ed1-4030-a113-08ad3f9b96f5,1.0
RI169_desempeño,RIESGO_INT,riesgo,desempeño,,,E2023TYT2400,NA,NA,0.747,riesgos_internos.csv,Registros ERP académico,Valor directo de columna desempeño,2026-06-15 21:15:50,fca83e77-1ed1-4030-a113-08ad3f9b96f5,1.0
RI169_repitencia,RIESGO_INT,riesgo,repitencia,,,E2023TYT2400,NA,NA,51.0,riesgos_internos.csv,Registros ERP académico,Valor directo de columna repitencia,2026-06-15 21:15:50,fca83e77-1ed1-4030-a113-08ad3f9b96f5,1.0
RI169_deserción,RIESGO_INT,riesgo,deserción,,,E2023TYT2400,NA,NA,0.0,riesgos_internos.csv,Registros ERP académico,Valor directo de columna deserción,2026-06-15 21:15:50,fca83e77-1ed1-4030-a113-08ad3f9b96f5,1.0
RI170_desempeño,RIESGO_INT,riesgo,desempeño,,,E2023GES3738,NA,NA,0.741,riesgos_internos.csv,Registros ERP académico,Valor directo de columna desempeño,2026-06-15 21:15:50,fca83e77-1ed1-4030-a113-08ad3f9b96f5,1.0
RI170_repitencia,RIESGO_INT,riesgo,repitencia,,,E2023GES3738,NA,NA,58.0,riesgos_internos.csv,Registros ERP académico,Valor directo de columna repitencia,2026-06-15 21:15:50,fca83e77-1ed1-4030-a113-08ad3f9b96f5,1.0
RI170_deserción,RIESGO_INT,riesgo,deserción,,,E2023GES3738,NA,NA,0.0,riesgos_internos.csv,Registros ERP académico,Valor directo de columna deserción,2026-06-15 21:15:50,fca83e77-1ed1-4030-a113-08ad3f9b96f5,1.0
RI171_desempeño,RIESGO_INT,riesgo,desempeño,,,E2023LYQ2743,NA,NA,0.729,riesgos_internos.csv,Registros ERP académico,Valor directo de columna desempeño,2026-06-15 21:15:50,fca83e77-1ed1-4030-a113-08ad3f9b96f5,1.0
RI171_repitencia,RIESGO_INT,riesgo,repitencia,,,E2023LYQ2743,NA,NA,67.0,riesgos_internos.csv,Registros ERP académico,Valor directo de columna repitencia,2026-06-15 21:15:50,fca83e77-1ed1-4030-a113-08ad3f9b96f5,1.0
RI171_deserción,RIESGO_INT,riesgo,deserción,,,E2023LYQ2743,NA,NA,0.0,riesgos_internos.csv,Registros ERP académico,Valor directo de columna deserción,2026-06-15 21:15:50,fca83e77-1ed1-4030-a113-08ad3f9b96f5,1.0
RI172_desempeño,RIESGO_INT,riesgo,desempeño,,,E2023OEA4630,NA,NA,0.752,riesgos_internos.csv,Registros ERP académico,Valor directo de columna desempeño,2026-06-15 21:15:50,fca83e77-1ed1-4030-a113-08ad3f9b96f5,1.0
RI172_repitencia,RIESGO_INT,riesgo,repitencia,,,E2023OEA4630,NA,NA,63.0,riesgos_internos.csv,Registros ERP académico,Valor directo de columna repitencia,2026-06-15 21:15:50,fca83e77-1ed1-4030-a113-08ad3f9b96f5,1.0
RI172_deserción,RIESGO_INT,riesgo,deserción,,,E2023OEA4630,NA,NA,0.0,riesgos_internos.csv,Registros ERP académico,Valor directo de columna deserción,2026-06-15 21:15:50,fca83e77-1ed1-4030-a113-08ad3f9b96f5,1.0
RI173_desempeño,RIESGO_INT,riesgo,desempeño,,,E2023NEO0073,NA,NA,0.738,riesgos_internos.csv,Registros ERP académico,Valor directo de columna desempeño,2026-06-15 21:15:50,fca83e77-1ed1-4030-a113-08ad3f9b96f5,1.0
RI173_repitencia,RIESGO_INT,riesgo,repitencia,,,E2023NEO0073,NA,NA,64.0,riesgos_internos.csv,Registros ERP académico,Valor directo de columna repitencia,2026-06-15 21:15:50,fca83e77-1ed1-4030-a113-08ad3f9b96f5,1.0
RI173_deserción,RIESGO_INT,riesgo,deserción,,,E2023NEO0073,NA,NA,0.0,riesgos_internos.csv,Registros ERP académico,Valor directo de columna deserción,2026-06-15 21:15:50,fca83e77-1ed1-4030-a113-08ad3f9b96f5,1.0
RI174_desempeño,RIESGO_INT,riesgo,desempeño,,,E2023QYB0509,NA,NA,0.772,riesgos_internos.csv,Registros ERP académico,Valor directo de columna desempeño,2026-06-15 21:15:50,fca83e77-1ed1-4030-a113-08ad3f9b96f5,1.0
RI174_repitencia,RIESGO_INT,riesgo,repitencia,,,E2023QYB0509,NA,NA,5.0,riesgos_internos.csv,Registros ERP académico,Valor directo de columna repitencia,2026-06-15 21:15:50,fca83e77-1ed1-4030-a113-08ad3f9b96f5,1.0
RI174_deserción,RIESGO_INT,riesgo,deserción,,,E2023QYB0509,NA,NA,1.0,riesgos_internos.csv,Registros ERP académico,Valor directo de columna deserción,2026-06-15 21:15:50,fca83e77-1ed1-4030-a113-08ad3f9b96f5,1.0
RI175_desempeño,RIESGO_INT,riesgo,desempeño,,,E2023AHO4371,NA,NA,0.748,riesgos_internos.csv,Registros ERP académico,Valor directo de columna desempeño,2026-06-15 21:15:50,fca83e77-1ed1-4030-a113-08ad3f9b96f5,1.0
RI175_repitencia,RIESGO_INT,riesgo,repitencia,,,E2023AHO4371,NA,NA,56.0,riesgos_internos.csv,Registros ERP académico,Valor directo de columna repitencia,2026-06-15 21:15:50,fca83e77-1ed1-4030-a113-08ad3f9b96f5,1.0
RI175_deserción,RIESGO_INT,riesgo,deserción,,,E2023AHO4371,NA,NA,0.0,riesgos_internos.csv,Registros ERP académico,Valor directo de columna deserción,2026-06-15 21:15:50,fca83e77-1ed1-4030-a113-08ad3f9b96f5,1.0
RI176_desempeño,RIESGO_INT,riesgo,desempeño,,,E2024YOF5116,NA,NA,0.727,riesgos_internos.csv,Registros ERP académico,Valor directo de columna desempeño,2026-06-15 21:15:50,fca83e77-1ed1-4030-a113-08ad3f9b96f5,1.0
RI176_repitencia,RIESGO_INT,riesgo,repitencia,,,E2024YOF5116,NA,NA,14.0,riesgos_internos.csv,Registros ERP académico,Valor directo de columna repitencia,2026-06-15 21:15:50,fca83e77-1ed1-4030-a113-08ad3f9b96f5,1.0
RI176_deserción,RIESGO_INT,riesgo,deserción,,,E2024YOF5116,NA,NA,0.0,riesgos_internos.csv,Registros ERP académico,Valor directo de columna deserción,2026-06-15 21:15:50,fca83e77-1ed1-4030-a113-08ad3f9b96f5,1.0
RI177_desempeño,RIESGO_INT,riesgo,desempeño,,,E2024HDR2777,NA,NA,0.765,riesgos_internos.csv,Registros ERP académico,Valor directo de columna desempeño,2026-06-15 21:15:50,fca83e77-1ed1-4030-a113-08ad3f9b96f5,1.0
RI177_repitencia,RIESGO_INT,riesgo,repitencia,,,E2024HDR2777,NA,NA,15.0,riesgos_internos.csv,Registros ERP académico,Valor directo de columna repitencia,2026-06-15 21:15:50,fca83e77-1ed1-4030-a113-08ad3f9b96f5,1.0
RI177_deserción,RIESGO_INT,riesgo,deserción,,,E2024HDR2777,NA,NA,0.0,riesgos_internos.csv,Registros ERP académico,Valor directo de columna deserción,2026-06-15 21:15:50,fca83e77-1ed1-4030-a113-08ad3f9b96f5,1.0
RI178_desempeño,RIESGO_INT,riesgo,desempeño,,,E2024KOP5280,NA,NA,0.764,riesgos_internos.csv,Registros ERP académico,Valor directo de columna desempeño,2026-06-15 21:15:50,fca83e77-1ed1-4030-a113-08ad3f9b96f5,1.0
RI178_repitencia,RIESGO_INT,riesgo,repitencia,,,E2024KOP5280,NA,NA,9.0,riesgos_internos.csv,Registros ERP académico,Valor directo de columna repitencia,2026-06-15 21:15:50,fca83e77-1ed1-4030-a113-08ad3f9b96f5,1.0
RI178_deserción,RIESGO_INT,riesgo,deserción,,,E2024KOP5280,NA,NA,0.0,riesgos_internos.csv,Registros ERP académico,Valor directo de columna deserción,2026-06-15 21:15:50,fca83e77-1ed1-4030-a113-08ad3f9b96f5,1.0
RI179_desempeño,RIESGO_INT,riesgo,desempeño,,,E2024SZX4201,NA,NA,0.702,riesgos_internos.csv,Registros ERP académico,Valor directo de columna desempeño,2026-06-15 21:15:50,fca83e77-1ed1-4030-a113-08ad3f9b96f5,1.0
RI179_repitencia,RIESGO_INT,riesgo,repitencia,,,E2024SZX4201,NA,NA,18.0,riesgos_internos.csv,Registros ERP académico,Valor directo de columna repitencia,2026-06-15 21:15:50,fca83e77-1ed1-4030-a113-08ad3f9b96f5,1.0
RI179_deserción,RIESGO_INT,riesgo,deserción,,,E2024SZX4201,NA,NA,0.0,riesgos_internos.csv,Registros ERP académico,Valor directo de columna deserción,2026-06-15 21:15:50,fca83e77-1ed1-4030-a113-08ad3f9b96f5,1.0
RI180_desempeño,RIESGO_INT,riesgo,desempeño,,,E2024JKK3433,NA,NA,0.719,riesgos_internos.csv,Registros ERP académico,Valor directo de columna desempeño,2026-06-15 21:15:50,fca83e77-1ed1-4030-a113-08ad3f9b96f5,1.0
RI180_repitencia,RIESGO_INT,riesgo,repitencia,,,E2024JKK3433,NA,NA,18.0,riesgos_internos.csv,Registros ERP académico,Valor directo de columna repitencia,2026-06-15 21:15:50,fca83e77-1ed1-4030-a113-08ad3f9b96f5,1.0
RI180_deserción,RIESGO_INT,riesgo,deserción,,,E2024JKK3433,NA,NA,0.0,riesgos_internos.csv,Registros ERP académico,Valor directo de columna deserción,2026-06-15 21:15:50,fca83e77-1ed1-4030-a113-08ad3f9b96f5,1.0
RI181_desempeño,RIESGO_INT,riesgo,desempeño,,,E2024GPQ4392,NA,NA,0.746,riesgos_internos.csv,Registros ERP académico,Valor directo de columna desempeño,2026-06-15 21:15:50,fca83e77-1ed1-4030-a113-08ad3f9b96f5,1.0
RI181_repitencia,RIESGO_INT,riesgo,repitencia,,,E2024GPQ4392,NA,NA,14.0,riesgos_internos.csv,Registros ERP académico,Valor directo de columna repitencia,2026-06-15 21:15:50,fca83e77-1ed1-4030-a113-08ad3f9b96f5,1.0
RI181_deserción,RIESGO_INT,riesgo,deserción,,,E2024GPQ4392,NA,NA,0.0,riesgos_internos.csv,Registros ERP académico,Valor directo de columna deserción,2026-06-15 21:15:50,fca83e77-1ed1-4030-a113-08ad3f9b96f5,1.0
RI182_desempeño,RIESGO_INT,riesgo,desempeño,,,E2024YTZ0516,NA,NA,0.735,riesgos_internos.csv,Registros ERP académico,Valor directo de columna desempeño,2026-06-15 21:15:50,fca83e77-1ed1-4030-a113-08ad3f9b96f5,1.0
RI182_repitencia,RIESGO_INT,riesgo,repitencia,,,E2024YTZ0516,NA,NA,15.0,riesgos_internos.csv,Registros ERP académico,Valor directo de columna repitencia,2026-06-15 21:15:50,fca83e77-1ed1-4030-a113-08ad3f9b96f5,1.0
RI182_deserción,RIESGO_INT,riesgo,deserción,,,E2024YTZ0516,NA,NA,0.0,riesgos_internos.csv,Registros ERP académico,Valor directo de columna deserción,2026-06-15 21:15:50,fca83e77-1ed1-4030-a113-08ad3f9b96f5,1.0
RI183_desempeño,RIESGO_INT,riesgo,desempeño,,,E2024WGQ1376,NA,NA,0.751,riesgos_internos.csv,Registros ERP académico,Valor directo de columna desempeño,2026-06-15 21:15:50,fca83e77-1ed1-4030-a113-08ad3f9b96f5,1.0
RI183_repitencia,RIESGO_INT,riesgo,repitencia,,,E2024WGQ1376,NA,NA,13.0,riesgos_internos.csv,Registros ERP académico,Valor directo de columna repitencia,2026-06-15 21:15:50,fca83e77-1ed1-4030-a113-08ad3f9b96f5,1.0
RI183_deserción,RIESGO_INT,riesgo,deserción,,,E2024WGQ1376,NA,NA,0.0,riesgos_internos.csv,Registros ERP académico,Valor directo de columna deserción,2026-06-15 21:15:50,fca83e77-1ed1-4030-a113-08ad3f9b96f5,1.0
RI184_desempeño,RIESGO_INT,riesgo,desempeño,,,E2024BSN9686,NA,NA,0.728,riesgos_internos.csv,Registros ERP académico,Valor directo de columna desempeño,2026-06-15 21:15:50,fca83e77-1ed1-4030-a113-08ad3f9b96f5,1.0
RI184_repitencia,RIESGO_INT,riesgo,repitencia,,,E2024BSN9686,NA,NA,18.0,riesgos_internos.csv,Registros ERP académico,Valor directo de columna repitencia,2026-06-15 21:15:50,fca83e77-1ed1-4030-a113-08ad3f9b96f5,1.0
RI184_deserción,RIESGO_INT,riesgo,deserción,,,E2024BSN9686,NA,NA,0.0,riesgos_internos.csv,Registros ERP académico,Valor directo de columna deserción,2026-06-15 21:15:50,fca83e77-1ed1-4030-a113-08ad3f9b96f5,1.0
RI185_desempeño,RIESGO_INT,riesgo,desempeño,,,E2024BAR6131,NA,NA,0.766,riesgos_internos.csv,Registros ERP académico,Valor directo de columna desempeño,2026-06-15 21:15:50,fca83e77-1ed1-4030-a113-08ad3f9b96f5,1.0
RI185_repitencia,RIESGO_INT,riesgo,repitencia,,,E2024BAR6131,NA,NA,12.0,riesgos_internos.csv,Registros ERP académico,Valor directo de columna repitencia,2026-06-15 21:15:50,fca83e77-1ed1-4030-a113-08ad3f9b96f5,1.0
RI185_deserción,RIESGO_INT,riesgo,deserción,,,E2024BAR6131,NA,NA,0.0,riesgos_internos.csv,Registros ERP académico,Valor directo de columna deserción,2026-06-15 21:15:50,fca83e77-1ed1-4030-a113-08ad3f9b96f5,1.0
RI186_desempeño,RIESGO_INT,riesgo,desempeño,,,E2024PZV9159,NA,NA,0.789,riesgos_internos.csv,Registros ERP académico,Valor directo de columna desempeño,2026-06-15 21:15:50,fca83e77-1ed1-4030-a113-08ad3f9b96f5,1.0
RI186_repitencia,RIESGO_INT,riesgo,repitencia,,,E2024PZV9159,NA,NA,10.0,riesgos_internos.csv,Registros ERP académico,Valor directo de columna repitencia,2026-06-15 21:15:50,fca83e77-1ed1-4030-a113-08ad3f9b96f5,1.0
RI186_deserción,RIESGO_INT,riesgo,deserción,,,E2024PZV9159,NA,NA,0.0,riesgos_internos.csv,Registros ERP académico,Valor directo de columna deserción,2026-06-15 21:15:50,fca83e77-1ed1-4030-a113-08ad3f9b96f5,1.0
RI187_desempeño,RIESGO_INT,riesgo,desempeño,,,E2024AJB9010,NA,NA,0.74,riesgos_internos.csv,Registros ERP académico,Valor directo de columna desempeño,2026-06-15 21:15:50,fca83e77-1ed1-4030-a113-08ad3f9b96f5,1.0
RI187_repitencia,RIESGO_INT,riesgo,repitencia,,,E2024AJB9010,NA,NA,15.0,riesgos_internos.csv,Registros ERP académico,Valor directo de columna repitencia,2026-06-15 21:15:50,fca83e77-1ed1-4030-a113-08ad3f9b96f5,1.0
RI187_deserción,RIESGO_INT,riesgo,deserción,,,E2024AJB9010,NA,NA,0.0,riesgos_internos.csv,Registros ERP académico,Valor directo de columna deserción,2026-06-15 21:15:50,fca83e77-1ed1-4030-a113-08ad3f9b96f5,1.0
RI188_desempeño,RIESGO_INT,riesgo,desempeño,,,E2024ZKV4555,NA,NA,0.796,riesgos_internos.csv,Registros ERP académico,Valor directo de columna desempeño,2026-06-15 21:15:50,fca83e77-1ed1-4030-a113-08ad3f9b96f5,1.0
RI188_repitencia,RIESGO_INT,riesgo,repitencia,,,E2024ZKV4555,NA,NA,11.0,riesgos_internos.csv,Registros ERP académico,Valor directo de columna repitencia,2026-06-15 21:15:50,fca83e77-1ed1-4030-a113-08ad3f9b96f5,1.0
RI188_deserción,RIESGO_INT,riesgo,deserción,,,E2024ZKV4555,NA,NA,0.0,riesgos_internos.csv,Registros ERP académico,Valor directo de columna deserción,2026-06-15 21:15:50,fca83e77-1ed1-4030-a113-08ad3f9b96f5,1.0
RI189_desempeño,RIESGO_INT,riesgo,desempeño,,,E2024WZQ2242,NA,NA,0.771,riesgos_internos.csv,Registros ERP académico,Valor directo de columna desempeño,2026-06-15 21:15:50,fca83e77-1ed1-4030-a113-08ad3f9b96f5,1.0
RI189_repitencia,RIESGO_INT,riesgo,repitencia,,,E2024WZQ2242,NA,NA,12.0,riesgos_internos.csv,Registros ERP académico,Valor directo de columna repitencia,2026-06-15 21:15:50,fca83e77-1ed1-4030-a113-08ad3f9b96f5,1.0
RI189_deserción,RIESGO_INT,riesgo,deserción,,,E2024WZQ2242,NA,NA,0.0,riesgos_internos.csv,Registros ERP académico,Valor directo de columna deserción,2026-06-15 21:15:50,fca83e77-1ed1-4030-a113-08ad3f9b96f5,1.0
RI190_desempeño,RIESGO_INT,riesgo,desempeño,,,E2024YDS4155,NA,NA,0.755,riesgos_internos.csv,Registros ERP académico,Valor directo de columna desempeño,2026-06-15 21:15:50,fca83e77-1ed1-4030-a113-08ad3f9b96f5,1.0
RI190_repitencia,RIESGO_INT,riesgo,repitencia,,,E2024YDS4155,NA,NA,13.0,riesgos_internos.csv,Registros ERP académico,Valor directo de columna repitencia,2026-06-15 21:15:50,fca83e77-1ed1-4030-a113-08ad3f9b96f5,1.0
RI190_deserción,RIESGO_INT,riesgo,deserción,,,E2024YDS4155,NA,NA,0.0,riesgos_internos.csv,Registros ERP académico,Valor directo de columna deserción,2026-06-15 21:15:50,fca83e77-1ed1-4030-a113-08ad3f9b96f5,1.0
RI191_desempeño,RIESGO_INT,riesgo,desempeño,,,E2024YRA1962,NA,NA,0.775,riesgos_internos.csv,Registros ERP académico,Valor directo de columna desempeño,2026-06-15 21:15:50,fca83e77-1ed1-4030-a113-08ad3f9b96f5,1.0
RI191_repitencia,RIESGO_INT,riesgo,repitencia,,,E2024YRA1962,NA,NA,12.0,riesgos_internos.csv,Registros ERP académico,Valor directo de columna repitencia,2026-06-15 21:15:50,fca83e77-1ed1-4030-a113-08ad3f9b96f5,1.0
RI191_deserción,RIESGO_INT,riesgo,deserción,,,E2024YRA1962,NA,NA,0.0,riesgos_internos.csv,Registros ERP académico,Valor directo de columna deserción,2026-06-15 21:15:50,fca83e77-1ed1-4030-a113-08ad3f9b96f5,1.0
RI192_desempeño,RIESGO_INT,riesgo,desempeño,,,E2024OIQ0866,NA,NA,0.709,riesgos_internos.csv,Registros ERP académico,Valor directo de columna desempeño,2026-06-15 21:15:50,fca83e77-1ed1-4030-a113-08ad3f9b96f5,1.0
RI192_repitencia,RIESGO_INT,riesgo,repitencia,,,E2024OIQ0866,NA,NA,16.0,riesgos_internos.csv,Registros ERP académico,Valor directo de columna repitencia,2026-06-15 21:15:50,fca83e77-1ed1-4030-a113-08ad3f9b96f5,1.0
RI192_deserción,RIESGO_INT,riesgo,deserción,,,E2024OIQ0866,NA,NA,0.0,riesgos_internos.csv,Registros ERP académico,Valor directo de columna deserción,2026-06-15 21:15:50,fca83e77-1ed1-4030-a113-08ad3f9b96f5,1.0
RI193_desempeño,RIESGO_INT,riesgo,desempeño,,,E2024ZNW8332,NA,NA,0.756,riesgos_internos.csv,Registros ERP académico,Valor directo de columna desempeño,2026-06-15 21:15:50,fca83e77-1ed1-4030-a113-08ad3f9b96f5,1.0
RI193_repitencia,RIESGO_INT,riesgo,repitencia,,,E2024ZNW8332,NA,NA,11.0,riesgos_internos.csv,Registros ERP académico,Valor directo de columna repitencia,2026-06-15 21:15:50,fca83e77-1ed1-4030-a113-08ad3f9b96f5,1.0
RI193_deserción,RIESGO_INT,riesgo,deserción,,,E2024ZNW8332,NA,NA,0.0,riesgos_internos.csv,Registros ERP académico,Valor directo de columna deserción,2026-06-15 21:15:50,fca83e77-1ed1-4030-a113-08ad3f9b96f5,1.0
RI194_desempeño,RIESGO_INT,riesgo,desempeño,,,E2024EWS9930,NA,NA,0.75,riesgos_internos.csv,Registros ERP académico,Valor directo de columna desempeño,2026-06-15 21:15:50,fca83e77-1ed1-4030-a113-08ad3f9b96f5,1.0
RI194_repitencia,RIESGO_INT,riesgo,repitencia,,,E2024EWS9930,NA,NA,14.0,riesgos_internos.csv,Registros ERP académico,Valor directo de columna repitencia,2026-06-15 21:15:50,fca83e77-1ed1-4030-a113-08ad3f9b96f5,1.0
RI194_deserción,RIESGO_INT,riesgo,deserción,,,E2024EWS9930,NA,NA,0.0,riesgos_internos.csv,Registros ERP académico,Valor directo de columna deserción,2026-06-15 21:15:50,fca83e77-1ed1-4030-a113-08ad3f9b96f5,1.0
RI195_desempeño,RIESGO_INT,riesgo,desempeño,,,E2024TZI9728,NA,NA,0.777,riesgos_internos.csv,Registros ERP académico,Valor directo de columna desempeño,2026-06-15 21:15:50,fca83e77-1ed1-4030-a113-08ad3f9b96f5,1.0
RI195_repitencia,RIESGO_INT,riesgo,repitencia,,,E2024TZI9728,NA,NA,12.0,riesgos_internos.csv,Registros ERP académico,Valor directo de columna repitencia,2026-06-15 21:15:50,fca83e77-1ed1-4030-a113-08ad3f9b96f5,1.0
RI195_deserción,RIESGO_INT,riesgo,deserción,,,E2024TZI9728,NA,NA,0.0,riesgos_internos.csv,Registros ERP académico,Valor directo de columna deserción,2026-06-15 21:15:50,fca83e77-1ed1-4030-a113-08ad3f9b96f5,1.0
RI196_desempeño,RIESGO_INT,riesgo,desempeño,,,E2024EWX9853,NA,NA,0.803,riesgos_internos.csv,Registros ERP académico,Valor directo de columna desempeño,2026-06-15 21:15:50,fca83e77-1ed1-4030-a113-08ad3f9b96f5,1.0
RI196_repitencia,RIESGO_INT,riesgo,repitencia,,,E2024EWX9853,NA,NA,9.0,riesgos_internos.csv,Registros ERP académico,Valor directo de columna repitencia,2026-06-15 21:15:50,fca83e77-1ed1-4030-a113-08ad3f9b96f5,1.0
RI196_deserción,RIESGO_INT,riesgo,deserción,,,E2024EWX9853,NA,NA,0.0,riesgos_internos.csv,Registros ERP académico,Valor directo de columna deserción,2026-06-15 21:15:50,fca83e77-1ed1-4030-a113-08ad3f9b96f5,1.0
RI197_desempeño,RIESGO_INT,riesgo,desempeño,,,E2024NHL3571,NA,NA,0.73,riesgos_internos.csv,Registros ERP académico,Valor directo de columna desempeño,2026-06-15 21:15:50,fca83e77-1ed1-4030-a113-08ad3f9b96f5,1.0
RI197_repitencia,RIESGO_INT,riesgo,repitencia,,,E2024NHL3571,NA,NA,15.0,riesgos_internos.csv,Registros ERP académico,Valor directo de columna repitencia,2026-06-15 21:15:50,fca83e77-1ed1-4030-a113-08ad3f9b96f5,1.0
RI197_deserción,RIESGO_INT,riesgo,deserción,,,E2024NHL3571,NA,NA,0.0,riesgos_internos.csv,Registros ERP académico,Valor directo de columna deserción,2026-06-15 21:15:50,fca83e77-1ed1-4030-a113-08ad3f9b96f5,1.0
RI198_desempeño,RIESGO_INT,riesgo,desempeño,,,E2024EHV6706,NA,NA,0.775,riesgos_internos.csv,Registros ERP académico,Valor directo de columna desempeño,2026-06-15 21:15:50,fca83e77-1ed1-4030-a113-08ad3f9b96f5,1.0
RI198_repitencia,RIESGO_INT,riesgo,repitencia,,,E2024EHV6706,NA,NA,10.0,riesgos_internos.csv,Registros ERP académico,Valor directo de columna repitencia,2026-06-15 21:15:50,fca83e77-1ed1-4030-a113-08ad3f9b96f5,1.0
RI198_deserción,RIESGO_INT,riesgo,deserción,,,E2024EHV6706,NA,NA,0.0,riesgos_internos.csv,Registros ERP académico,Valor directo de columna deserción,2026-06-15 21:15:50,fca83e77-1ed1-4030-a113-08ad3f9b96f5,1.0
RI199_desempeño,RIESGO_INT,riesgo,desempeño,,,E2024WFC7774,NA,NA,0.754,riesgos_internos.csv,Registros ERP académico,Valor directo de columna desempeño,2026-06-15 21:15:50,fca83e77-1ed1-4030-a113-08ad3f9b96f5,1.0
RI199_repitencia,RIESGO_INT,riesgo,repitencia,,,E2024WFC7774,NA,NA,14.0,riesgos_internos.csv,Registros ERP académico,Valor directo de columna repitencia,2026-06-15 21:15:50,fca83e77-1ed1-4030-a113-08ad3f9b96f5,1.0
RI199_deserción,RIESGO_INT,riesgo,deserción,,,E2024WFC7774,NA,NA,0.0,riesgos_internos.csv,Registros ERP académico,Valor directo de columna deserción,2026-06-15 21:15:50,fca83e77-1ed1-4030-a113-08ad3f9b96f5,1.0
RI200_desempeño,RIESGO_INT,riesgo,desempeño,,,E2024VSM4807,NA,NA,0.784,riesgos_internos.csv,Registros ERP académico,Valor directo de columna desempeño,2026-06-15 21:15:50,fca83e77-1ed1-4030-a113-08ad3f9b96f5,1.0
RI200_repitencia,RIESGO_INT,riesgo,repitencia,,,E2024VSM4807,NA,NA,11.0,riesgos_internos.csv,Registros ERP académico,Valor directo de columna repitencia,2026-06-15 21:15:50,fca83e77-1ed1-4030-a113-08ad3f9b96f5,1.0
RI200_deserción,RIESGO_INT,riesgo,deserción,,,E2024VSM4807,NA,NA,0.0,riesgos_internos.csv,Registros ERP académico,Valor directo de columna deserción,2026-06-15 21:15:50,fca83e77-1ed1-4030-a113-08ad3f9b96f5,1.0
RI201_desempeño,RIESGO_INT,riesgo,desempeño,,,E2024GRV3339,NA,NA,0.687,riesgos_internos.csv,Registros ERP académico,Valor directo de columna desempeño,2026-06-15 21:15:50,fca83e77-1ed1-4030-a113-08ad3f9b96f5,1.0
RI201_repitencia,RIESGO_INT,riesgo,repitencia,,,E2024GRV3339,NA,NA,22.0,riesgos_internos.csv,Registros ERP académico,Valor directo de columna repitencia,2026-06-15 21:15:50,fca83e77-1ed1-4030-a113-08ad3f9b96f5,1.0
RI201_deserción,RIESGO_INT,riesgo,deserción,,,E2024GRV3339,NA,NA,0.0,riesgos_internos.csv,Registros ERP académico,Valor directo de columna deserción,2026-06-15 21:15:50,fca83e77-1ed1-4030-a113-08ad3f9b96f5,1.0
RI202_desempeño,RIESGO_INT,riesgo,desempeño,,,E2024JLG0117,NA,NA,0.708,riesgos_internos.csv,Registros ERP académico,Valor directo de columna desempeño,2026-06-15 21:15:50,fca83e77-1ed1-4030-a113-08ad3f9b96f5,1.0
RI202_repitencia,RIESGO_INT,riesgo,repitencia,,,E2024JLG0117,NA,NA,17.0,riesgos_internos.csv,Registros ERP académico,Valor directo de columna repitencia,2026-06-15 21:15:50,fca83e77-1ed1-4030-a113-08ad3f9b96f5,1.0
RI202_deserción,RIESGO_INT,riesgo,deserción,,,E2024JLG0117,NA,NA,0.0,riesgos_internos.csv,Registros ERP académico,Valor directo de columna deserción,2026-06-15 21:15:50,fca83e77-1ed1-4030-a113-08ad3f9b96f5,1.0
RI203_desempeño,RIESGO_INT,riesgo,desempeño,,,E2024EIP9932,NA,NA,0.745,riesgos_internos.csv,Registros ERP académico,Valor directo de columna desempeño,2026-06-15 21:15:50,fca83e77-1ed1-4030-a113-08ad3f9b96f5,1.0
RI203_repitencia,RIESGO_INT,riesgo,repitencia,,,E2024EIP9932,NA,NA,14.0,riesgos_internos.csv,Registros ERP académico,Valor directo de columna repitencia,2026-06-15 21:15:50,fca83e77-1ed1-4030-a113-08ad3f9b96f5,1.0
RI203_deserción,RIESGO_INT,riesgo,deserción,,,E2024EIP9932,NA,NA,0.0,riesgos_internos.csv,Registros ERP académico,Valor directo de columna deserción,2026-06-15 21:15:50,fca83e77-1ed1-4030-a113-08ad3f9b96f5,1.0
RI204_desempeño,RIESGO_INT,riesgo,desempeño,,,E2024HSW4889,NA,NA,0.795,riesgos_internos.csv,Registros ERP académico,Valor directo de columna desempeño,2026-06-15 21:15:50,fca83e77-1ed1-4030-a113-08ad3f9b96f5,1.0
RI204_repitencia,RIESGO_INT,riesgo,repitencia,,,E2024HSW4889,NA,NA,11.0,riesgos_internos.csv,Registros ERP académico,Valor directo de columna repitencia,2026-06-15 21:15:50,fca83e77-1ed1-4030-a113-08ad3f9b96f5,1.0
RI204_deserción,RIESGO_INT,riesgo,deserción,,,E2024HSW4889,NA,NA,0.0,riesgos_internos.csv,Registros ERP académico,Valor directo de columna deserción,2026-06-15 21:15:50,fca83e77-1ed1-4030-a113-08ad3f9b96f5,1.0
RI205_desempeño,RIESGO_INT,riesgo,desempeño,,,E2024MBC8136,NA,NA,0.778,riesgos_internos.csv,Registros ERP académico,Valor directo de columna desempeño,2026-06-15 21:15:50,fca83e77-1ed1-4030-a113-08ad3f9b96f5,1.0
RI205_repitencia,RIESGO_INT,riesgo,repitencia,,,E2024MBC8136,NA,NA,11.0,riesgos_internos.csv,Registros ERP académico,Valor directo de columna repitencia,2026-06-15 21:15:50,fca83e77-1ed1-4030-a113-08ad3f9b96f5,1.0
RI205_deserción,RIESGO_INT,riesgo,deserción,,,E2024MBC8136,NA,NA,0.0,riesgos_internos.csv,Registros ERP académico,Valor directo de columna deserción,2026-06-15 21:15:50,fca83e77-1ed1-4030-a113-08ad3f9b96f5,1.0
RI206_desempeño,RIESGO_INT,riesgo,desempeño,,,E2024KTX0740,NA,NA,0.74,riesgos_internos.csv,Registros ERP académico,Valor directo de columna desempeño,2026-06-15 21:15:50,fca83e77-1ed1-4030-a113-08ad3f9b96f5,1.0
RI206_repitencia,RIESGO_INT,riesgo,repitencia,,,E2024KTX0740,NA,NA,17.0,riesgos_internos.csv,Registros ERP académico,Valor directo de columna repitencia,2026-06-15 21:15:50,fca83e77-1ed1-4030-a113-08ad3f9b96f5,1.0
RI206_deserción,RIESGO_INT,riesgo,deserción,,,E2024KTX0740,NA,NA,0.0,riesgos_internos.csv,Registros ERP académico,Valor directo de columna deserción,2026-06-15 21:15:50,fca83e77-1ed1-4030-a113-08ad3f9b96f5,1.0
RI207_desempeño,RIESGO_INT,riesgo,desempeño,,,E2024ZUN6694,NA,NA,0.748,riesgos_internos.csv,Registros ERP académico,Valor directo de columna desempeño,2026-06-15 21:15:50,fca83e77-1ed1-4030-a113-08ad3f9b96f5,1.0
RI207_repitencia,RIESGO_INT,riesgo,repitencia,,,E2024ZUN6694,NA,NA,13.0,riesgos_internos.csv,Registros ERP académico,Valor directo de columna repitencia,2026-06-15 21:15:50,fca83e77-1ed1-4030-a113-08ad3f9b96f5,1.0
RI207_deserción,RIESGO_INT,riesgo,deserción,,,E2024ZUN6694,NA,NA,0.0,riesgos_internos.csv,Registros ERP académico,Valor directo de columna deserción,2026-06-15 21:15:50,fca83e77-1ed1-4030-a113-08ad3f9b96f5,1.0
RI208_desempeño,RIESGO_INT,riesgo,desempeño,,,E2024MIB2411,NA,NA,0.763,riesgos_internos.csv,Registros ERP académico,Valor directo de columna desempeño,2026-06-15 21:15:50,fca83e77-1ed1-4030-a113-08ad3f9b96f5,1.0
RI208_repitencia,RIESGO_INT,riesgo,repitencia,,,E2024MIB2411,NA,NA,15.0,riesgos_internos.csv,Registros ERP académico,Valor directo de columna repitencia,2026-06-15 21:15:50,fca83e77-1ed1-4030-a113-08ad3f9b96f5,1.0
RI208_deserción,RIESGO_INT,riesgo,deserción,,,E2024MIB2411,NA,NA,0.0,riesgos_internos.csv,Registros ERP académico,Valor directo de columna deserción,2026-06-15 21:15:50,fca83e77-1ed1-4030-a113-08ad3f9b96f5,1.0
RI209_desempeño,RIESGO_INT,riesgo,desempeño,,,E2024YZP7524,NA,NA,0.75,riesgos_internos.csv,Registros ERP académico,Valor directo de columna desempeño,2026-06-15 21:15:50,fca83e77-1ed1-4030-a113-08ad3f9b96f5,1.0
RI209_repitencia,RIESGO_INT,riesgo,repitencia,,,E2024YZP7524,NA,NA,15.0,riesgos_internos.csv,Registros ERP académico,Valor directo de columna repitencia,2026-06-15 21:15:50,fca83e77-1ed1-4030-a113-08ad3f9b96f5,1.0
RI209_deserción,RIESGO_INT,riesgo,deserción,,,E2024YZP7524,NA,NA,0.0,riesgos_internos.csv,Registros ERP académico,Valor directo de columna deserción,2026-06-15 21:15:50,fca83e77-1ed1-4030-a113-08ad3f9b96f5,1.0
RI210_desempeño,RIESGO_INT,riesgo,desempeño,,,E2024PUF1762,NA,NA,0.766,riesgos_internos.csv,Registros ERP académico,Valor directo de columna desempeño,2026-06-15 21:15:50,fca83e77-1ed1-4030-a113-08ad3f9b96f5,1.0
RI210_repitencia,RIESGO_INT,riesgo,repitencia,,,E2024PUF1762,NA,NA,13.0,riesgos_internos.csv,Registros ERP académico,Valor directo de columna repitencia,2026-06-15 21:15:50,fca83e77-1ed1-4030-a113-08ad3f9b96f5,1.0
RI210_deserción,RIESGO_INT,riesgo,deserción,,,E2024PUF1762,NA,NA,0.0,riesgos_internos.csv,Registros ERP académico,Valor directo de columna deserción,2026-06-15 21:15:50,fca83e77-1ed1-4030-a113-08ad3f9b96f5,1.0
RI211_desempeño,RIESGO_INT,riesgo,desempeño,,,E2025TMR9195,NA,NA,0.732,riesgos_internos.csv,Registros ERP académico,Valor directo de columna desempeño,2026-06-15 21:15:50,fca83e77-1ed1-4030-a113-08ad3f9b96f5,1.0
RI211_repitencia,RIESGO_INT,riesgo,repitencia,,,E2025TMR9195,NA,NA,11.0,riesgos_internos.csv,Registros ERP académico,Valor directo de columna repitencia,2026-06-15 21:15:50,fca83e77-1ed1-4030-a113-08ad3f9b96f5,1.0
RI211_deserción,RIESGO_INT,riesgo,deserción,,,E2025TMR9195,NA,NA,0.0,riesgos_internos.csv,Registros ERP académico,Valor directo de columna deserción,2026-06-15 21:15:50,fca83e77-1ed1-4030-a113-08ad3f9b96f5,1.0
RI212_desempeño,RIESGO_INT,riesgo,desempeño,,,E2025TQA3997,NA,NA,0.708,riesgos_internos.csv,Registros ERP académico,Valor directo de columna desempeño,2026-06-15 21:15:50,fca83e77-1ed1-4030-a113-08ad3f9b96f5,1.0
RI212_repitencia,RIESGO_INT,riesgo,repitencia,,,E2025TQA3997,NA,NA,15.0,riesgos_internos.csv,Registros ERP académico,Valor directo de columna repitencia,2026-06-15 21:15:50,fca83e77-1ed1-4030-a113-08ad3f9b96f5,1.0
RI212_deserción,RIESGO_INT,riesgo,deserción,,,E2025TQA3997,NA,NA,0.0,riesgos_internos.csv,Registros ERP académico,Valor directo de columna deserción,2026-06-15 21:15:50,fca83e77-1ed1-4030-a113-08ad3f9b96f5,1.0
RI213_desempeño,RIESGO_INT,riesgo,desempeño,,,E2025NPH1104,NA,NA,0.716,riesgos_internos.csv,Registros ERP académico,Valor directo de columna desempeño,2026-06-15 21:15:50,fca83e77-1ed1-4030-a113-08ad3f9b96f5,1.0
RI213_repitencia,RIESGO_INT,riesgo,repitencia,,,E2025NPH1104,NA,NA,12.0,riesgos_internos.csv,Registros ERP académico,Valor directo de columna repitencia,2026-06-15 21:15:50,fca83e77-1ed1-4030-a113-08ad3f9b96f5,1.0
RI213_deserción,RIESGO_INT,riesgo,deserción,,,E2025NPH1104,NA,NA,0.0,riesgos_internos.csv,Registros ERP académico,Valor directo de columna deserción,2026-06-15 21:15:50,fca83e77-1ed1-4030-a113-08ad3f9b96f5,1.0
RI214_desempeño,RIESGO_INT,riesgo,desempeño,,,E2025WOR1366,NA,NA,0.765,riesgos_internos.csv,Registros ERP académico,Valor directo de columna desempeño,2026-06-15 21:15:50,fca83e77-1ed1-4030-a113-08ad3f9b96f5,1.0
RI214_repitencia,RIESGO_INT,riesgo,repitencia,,,E2025WOR1366,NA,NA,8.0,riesgos_internos.csv,Registros ERP académico,Valor directo de columna repitencia,2026-06-15 21:15:50,fca83e77-1ed1-4030-a113-08ad3f9b96f5,1.0
RI214_deserción,RIESGO_INT,riesgo,deserción,,,E2025WOR1366,NA,NA,0.0,riesgos_internos.csv,Registros ERP académico,Valor directo de columna deserción,2026-06-15 21:15:50,fca83e77-1ed1-4030-a113-08ad3f9b96f5,1.0
RI215_desempeño,RIESGO_INT,riesgo,desempeño,,,E2025MTZ9219,NA,NA,0.726,riesgos_internos.csv,Registros ERP académico,Valor directo de columna desempeño,2026-06-15 21:15:50,fca83e77-1ed1-4030-a113-08ad3f9b96f5,1.0
RI215_repitencia,RIESGO_INT,riesgo,repitencia,,,E2025MTZ9219,NA,NA,10.0,riesgos_internos.csv,Registros ERP académico,Valor directo de columna repitencia,2026-06-15 21:15:50,fca83e77-1ed1-4030-a113-08ad3f9b96f5,1.0
RI215_deserción,RIESGO_INT,riesgo,deserción,,,E2025MTZ9219,NA,NA,0.0,riesgos_internos.csv,Registros ERP académico,Valor directo de columna deserción,2026-06-15 21:15:50,fca83e77-1ed1-4030-a113-08ad3f9b96f5,1.0
RI216_desempeño,RIESGO_INT,riesgo,desempeño,,,E2025MCV6332,NA,NA,0.712,riesgos_internos.csv,Registros ERP académico,Valor directo de columna desempeño,2026-06-15 21:15:50,fca83e77-1ed1-4030-a113-08ad3f9b96f5,1.0
RI216_repitencia,RIESGO_INT,riesgo,repitencia,,,E2025MCV6332,NA,NA,12.0,riesgos_internos.csv,Registros ERP académico,Valor directo de columna repitencia,2026-06-15 21:15:50,fca83e77-1ed1-4030-a113-08ad3f9b96f5,1.0
RI216_deserción,RIESGO_INT,riesgo,deserción,,,E2025MCV6332,NA,NA,0.0,riesgos_internos.csv,Registros ERP académico,Valor directo de columna deserción,2026-06-15 21:15:50,fca83e77-1ed1-4030-a113-08ad3f9b96f5,1.0
RI217_desempeño,RIESGO_INT,riesgo,desempeño,,,E2025XAL6166,NA,NA,0.716,riesgos_internos.csv,Registros ERP académico,Valor directo de columna desempeño,2026-06-15 21:15:50,fca83e77-1ed1-4030-a113-08ad3f9b96f5,1.0
RI217_repitencia,RIESGO_INT,riesgo,repitencia,,,E2025XAL6166,NA,NA,12.0,riesgos_internos.csv,Registros ERP académico,Valor directo de columna repitencia,2026-06-15 21:15:50,fca83e77-1ed1-4030-a113-08ad3f9b96f5,1.0
RI217_deserción,RIESGO_INT,riesgo,deserción,,,E2025XAL6166,NA,NA,0.0,riesgos_internos.csv,Registros ERP académico,Valor directo de columna deserción,2026-06-15 21:15:50,fca83e77-1ed1-4030-a113-08ad3f9b96f5,1.0
RI218_desempeño,RIESGO_INT,riesgo,desempeño,,,E2025NPM4802,NA,NA,0.749,riesgos_internos.csv,Registros ERP académico,Valor directo de columna desempeño,2026-06-15 21:15:50,fca83e77-1ed1-4030-a113-08ad3f9b96f5,1.0
RI218_repitencia,RIESGO_INT,riesgo,repitencia,,,E2025NPM4802,NA,NA,13.0,riesgos_internos.csv,Registros ERP académico,Valor directo de columna repitencia,2026-06-15 21:15:50,fca83e77-1ed1-4030-a113-08ad3f9b96f5,1.0
RI218_deserción,RIESGO_INT,riesgo,deserción,,,E2025NPM4802,NA,NA,0.0,riesgos_internos.csv,Registros ERP académico,Valor directo de columna deserción,2026-06-15 21:15:50,fca83e77-1ed1-4030-a113-08ad3f9b96f5,1.0
RI219_desempeño,RIESGO_INT,riesgo,desempeño,,,E2025DFR7076,NA,NA,0.76,riesgos_internos.csv,Registros ERP académico,Valor directo de columna desempeño,2026-06-15 21:15:50,fca83e77-1ed1-4030-a113-08ad3f9b96f5,1.0
RI219_repitencia,RIESGO_INT,riesgo,repitencia,,,E2025DFR7076,NA,NA,9.0,riesgos_internos.csv,Registros ERP académico,Valor directo de columna repitencia,2026-06-15 21:15:50,fca83e77-1ed1-4030-a113-08ad3f9b96f5,1.0
RI219_deserción,RIESGO_INT,riesgo,deserción,,,E2025DFR7076,NA,NA,0.0,riesgos_internos.csv,Registros ERP académico,Valor directo de columna deserción,2026-06-15 21:15:50,fca83e77-1ed1-4030-a113-08ad3f9b96f5,1.0
RI220_desempeño,RIESGO_INT,riesgo,desempeño,,,E2025PCZ7975,NA,NA,0.707,riesgos_internos.csv,Registros ERP académico,Valor directo de columna desempeño,2026-06-15 21:15:50,fca83e77-1ed1-4030-a113-08ad3f9b96f5,1.0
RI220_repitencia,RIESGO_INT,riesgo,repitencia,,,E2025PCZ7975,NA,NA,11.0,riesgos_internos.csv,Registros ERP académico,Valor directo de columna repitencia,2026-06-15 21:15:50,fca83e77-1ed1-4030-a113-08ad3f9b96f5,1.0
RI220_deserción,RIESGO_INT,riesgo,deserción,,,E2025PCZ7975,NA,NA,0.0,riesgos_internos.csv,Registros ERP académico,Valor directo de columna deserción,2026-06-15 21:15:50,fca83e77-1ed1-4030-a113-08ad3f9b96f5,1.0
RI221_desempeño,RIESGO_INT,riesgo,desempeño,,,E2025AKE0634,NA,NA,0.764,riesgos_internos.csv,Registros ERP académico,Valor directo de columna desempeño,2026-06-15 21:15:50,fca83e77-1ed1-4030-a113-08ad3f9b96f5,1.0
RI221_repitencia,RIESGO_INT,riesgo,repitencia,,,E2025AKE0634,NA,NA,8.0,riesgos_internos.csv,Registros ERP académico,Valor directo de columna repitencia,2026-06-15 21:15:50,fca83e77-1ed1-4030-a113-08ad3f9b96f5,1.0
RI221_deserción,RIESGO_INT,riesgo,deserción,,,E2025AKE0634,NA,NA,0.0,riesgos_internos.csv,Registros ERP académico,Valor directo de columna deserción,2026-06-15 21:15:50,fca83e77-1ed1-4030-a113-08ad3f9b96f5,1.0
RI222_desempeño,RIESGO_INT,riesgo,desempeño,,,E2025XQC6510,NA,NA,0.707,riesgos_internos.csv,Registros ERP académico,Valor directo de columna desempeño,2026-06-15 21:15:50,fca83e77-1ed1-4030-a113-08ad3f9b96f5,1.0
RI222_repitencia,RIESGO_INT,riesgo,repitencia,,,E2025XQC6510,NA,NA,11.0,riesgos_internos.csv,Registros ERP académico,Valor directo de columna repitencia,2026-06-15 21:15:50,fca83e77-1ed1-4030-a113-08ad3f9b96f5,1.0
RI222_deserción,RIESGO_INT,riesgo,deserción,,,E2025XQC6510,NA,NA,0.0,riesgos_internos.csv,Registros ERP académico,Valor directo de columna deserción,2026-06-15 21:15:50,fca83e77-1ed1-4030-a113-08ad3f9b96f5,1.0
RI223_desempeño,RIESGO_INT,riesgo,desempeño,,,E2025QTJ9858,NA,NA,0.744,riesgos_internos.csv,Registros ERP académico,Valor directo de columna desempeño,2026-06-15 21:15:50,fca83e77-1ed1-4030-a113-08ad3f9b96f5,1.0
RI223_repitencia,RIESGO_INT,riesgo,repitencia,,,E2025QTJ9858,NA,NA,10.0,riesgos_internos.csv,Registros ERP académico,Valor directo de columna repitencia,2026-06-15 21:15:50,fca83e77-1ed1-4030-a113-08ad3f9b96f5,1.0
RI223_deserción,RIESGO_INT,riesgo,deserción,,,E2025QTJ9858,NA,NA,0.0,riesgos_internos.csv,Registros ERP académico,Valor directo de columna deserción,2026-06-15 21:15:50,fca83e77-1ed1-4030-a113-08ad3f9b96f5,1.0
RI224_desempeño,RIESGO_INT,riesgo,desempeño,,,E2025SPA0144,NA,NA,0.769,riesgos_internos.csv,Registros ERP académico,Valor directo de columna desempeño,2026-06-15 21:15:50,fca83e77-1ed1-4030-a113-08ad3f9b96f5,1.0
RI224_repitencia,RIESGO_INT,riesgo,repitencia,,,E2025SPA0144,NA,NA,9.0,riesgos_internos.csv,Registros ERP académico,Valor directo de columna repitencia,2026-06-15 21:15:50,fca83e77-1ed1-4030-a113-08ad3f9b96f5,1.0
RI224_deserción,RIESGO_INT,riesgo,deserción,,,E2025SPA0144,NA,NA,0.0,riesgos_internos.csv,Registros ERP académico,Valor directo de columna deserción,2026-06-15 21:15:50,fca83e77-1ed1-4030-a113-08ad3f9b96f5,1.0
RI225_desempeño,RIESGO_INT,riesgo,desempeño,,,E2025SWB1472,NA,NA,0.736,riesgos_internos.csv,Registros ERP académico,Valor directo de columna desempeño,2026-06-15 21:15:50,fca83e77-1ed1-4030-a113-08ad3f9b96f5,1.0
RI225_repitencia,RIESGO_INT,riesgo,repitencia,,,E2025SWB1472,NA,NA,9.0,riesgos_internos.csv,Registros ERP académico,Valor directo de columna repitencia,2026-06-15 21:15:50,fca83e77-1ed1-4030-a113-08ad3f9b96f5,1.0
RI225_deserción,RIESGO_INT,riesgo,deserción,,,E2025SWB1472,NA,NA,0.0,riesgos_internos.csv,Registros ERP académico,Valor directo de columna deserción,2026-06-15 21:15:50,fca83e77-1ed1-4030-a113-08ad3f9b96f5,1.0
RI226_desempeño,RIESGO_INT,riesgo,desempeño,,,E2025URT0413,NA,NA,0.7,riesgos_internos.csv,Registros ERP académico,Valor directo de columna desempeño,2026-06-15 21:15:50,fca83e77-1ed1-4030-a113-08ad3f9b96f5,1.0
RI226_repitencia,RIESGO_INT,riesgo,repitencia,,,E2025URT0413,NA,NA,13.0,riesgos_internos.csv,Registros ERP académico,Valor directo de columna repitencia,2026-06-15 21:15:50,fca83e77-1ed1-4030-a113-08ad3f9b96f5,1.0
RI226_deserción,RIESGO_INT,riesgo,deserción,,,E2025URT0413,NA,NA,0.0,riesgos_internos.csv,Registros ERP académico,Valor directo de columna deserción,2026-06-15 21:15:50,fca83e77-1ed1-4030-a113-08ad3f9b96f5,1.0
RI227_desempeño,RIESGO_INT,riesgo,desempeño,,,E2025MAL2714,NA,NA,0.765,riesgos_internos.csv,Registros ERP académico,Valor directo de columna desempeño,2026-06-15 21:15:50,fca83e77-1ed1-4030-a113-08ad3f9b96f5,1.0
RI227_repitencia,RIESGO_INT,riesgo,repitencia,,,E2025MAL2714,NA,NA,8.0,riesgos_internos.csv,Registros ERP académico,Valor directo de columna repitencia,2026-06-15 21:15:50,fca83e77-1ed1-4030-a113-08ad3f9b96f5,1.0
RI227_deserción,RIESGO_INT,riesgo,deserción,,,E2025MAL2714,NA,NA,0.0,riesgos_internos.csv,Registros ERP académico,Valor directo de columna deserción,2026-06-15 21:15:50,fca83e77-1ed1-4030-a113-08ad3f9b96f5,1.0
RI228_desempeño,RIESGO_INT,riesgo,desempeño,,,E2025SQX8808,NA,NA,0.799,riesgos_internos.csv,Registros ERP académico,Valor directo de columna desempeño,2026-06-15 21:15:50,fca83e77-1ed1-4030-a113-08ad3f9b96f5,1.0
RI228_repitencia,RIESGO_INT,riesgo,repitencia,,,E2025SQX8808,NA,NA,5.0,riesgos_internos.csv,Registros ERP académico,Valor directo de columna repitencia,2026-06-15 21:15:50,fca83e77-1ed1-4030-a113-08ad3f9b96f5,1.0
RI228_deserción,RIESGO_INT,riesgo,deserción,,,E2025SQX8808,NA,NA,0.0,riesgos_internos.csv,Registros ERP académico,Valor directo de columna deserción,2026-06-15 21:15:50,fca83e77-1ed1-4030-a113-08ad3f9b96f5,1.0
RI229_desempeño,RIESGO_INT,riesgo,desempeño,,,E2025YZI2712,NA,NA,0.77,riesgos_internos.csv,Registros ERP académico,Valor directo de columna desempeño,2026-06-15 21:15:50,fca83e77-1ed1-4030-a113-08ad3f9b96f5,1.0
RI229_repitencia,RIESGO_INT,riesgo,repitencia,,,E2025YZI2712,NA,NA,8.0,riesgos_internos.csv,Registros ERP académico,Valor directo de columna repitencia,2026-06-15 21:15:50,fca83e77-1ed1-4030-a113-08ad3f9b96f5,1.0
RI229_deserción,RIESGO_INT,riesgo,deserción,,,E2025YZI2712,NA,NA,0.0,riesgos_internos.csv,Registros ERP académico,Valor directo de columna deserción,2026-06-15 21:15:50,fca83e77-1ed1-4030-a113-08ad3f9b96f5,1.0
RI230_desempeño,RIESGO_INT,riesgo,desempeño,,,E2025UCO0078,NA,NA,0.74,riesgos_internos.csv,Registros ERP académico,Valor directo de columna desempeño,2026-06-15 21:15:50,fca83e77-1ed1-4030-a113-08ad3f9b96f5,1.0
RI230_repitencia,RIESGO_INT,riesgo,repitencia,,,E2025UCO0078,NA,NA,11.0,riesgos_internos.csv,Registros ERP académico,Valor directo de columna repitencia,2026-06-15 21:15:50,fca83e77-1ed1-4030-a113-08ad3f9b96f5,1.0
RI230_deserción,RIESGO_INT,riesgo,deserción,,,E2025UCO0078,NA,NA,0.0,riesgos_internos.csv,Registros ERP académico,Valor directo de columna deserción,2026-06-15 21:15:50,fca83e77-1ed1-4030-a113-08ad3f9b96f5,1.0
RI231_desempeño,RIESGO_INT,riesgo,desempeño,,,E2025QSM0860,NA,NA,0.79,riesgos_internos.csv,Registros ERP académico,Valor directo de columna desempeño,2026-06-15 21:15:50,fca83e77-1ed1-4030-a113-08ad3f9b96f5,1.0
RI231_repitencia,RIESGO_INT,riesgo,repitencia,,,E2025QSM0860,NA,NA,8.0,riesgos_internos.csv,Registros ERP académico,Valor directo de columna repitencia,2026-06-15 21:15:50,fca83e77-1ed1-4030-a113-08ad3f9b96f5,1.0
RI231_deserción,RIESGO_INT,riesgo,deserción,,,E2025QSM0860,NA,NA,0.0,riesgos_internos.csv,Registros ERP académico,Valor directo de columna deserción,2026-06-15 21:15:50,fca83e77-1ed1-4030-a113-08ad3f9b96f5,1.0
RI232_desempeño,RIESGO_INT,riesgo,desempeño,,,E2025AUG7095,NA,NA,0.714,riesgos_internos.csv,Registros ERP académico,Valor directo de columna desempeño,2026-06-15 21:15:50,fca83e77-1ed1-4030-a113-08ad3f9b96f5,1.0
RI232_repitencia,RIESGO_INT,riesgo,repitencia,,,E2025AUG7095,NA,NA,12.0,riesgos_internos.csv,Registros ERP académico,Valor directo de columna repitencia,2026-06-15 21:15:50,fca83e77-1ed1-4030-a113-08ad3f9b96f5,1.0
RI232_deserción,RIESGO_INT,riesgo,deserción,,,E2025AUG7095,NA,NA,0.0,riesgos_internos.csv,Registros ERP académico,Valor directo de columna deserción,2026-06-15 21:15:50,fca83e77-1ed1-4030-a113-08ad3f9b96f5,1.0
RI233_desempeño,RIESGO_INT,riesgo,desempeño,,,E2025THS3112,NA,NA,0.777,riesgos_internos.csv,Registros ERP académico,Valor directo de columna desempeño,2026-06-15 21:15:50,fca83e77-1ed1-4030-a113-08ad3f9b96f5,1.0
RI233_repitencia,RIESGO_INT,riesgo,repitencia,,,E2025THS3112,NA,NA,7.0,riesgos_internos.csv,Registros ERP académico,Valor directo de columna repitencia,2026-06-15 21:15:50,fca83e77-1ed1-4030-a113-08ad3f9b96f5,1.0
RI233_deserción,RIESGO_INT,riesgo,deserción,,,E2025THS3112,NA,NA,0.0,riesgos_internos.csv,Registros ERP académico,Valor directo de columna deserción,2026-06-15 21:15:50,fca83e77-1ed1-4030-a113-08ad3f9b96f5,1.0
RI234_desempeño,RIESGO_INT,riesgo,desempeño,,,E2025EWN2704,NA,NA,0.759,riesgos_internos.csv,Registros ERP académico,Valor directo de columna desempeño,2026-06-15 21:15:50,fca83e77-1ed1-4030-a113-08ad3f9b96f5,1.0
RI234_repitencia,RIESGO_INT,riesgo,repitencia,,,E2025EWN2704,NA,NA,8.0,riesgos_internos.csv,Registros ERP académico,Valor directo de columna repitencia,2026-06-15 21:15:50,fca83e77-1ed1-4030-a113-08ad3f9b96f5,1.0
RI234_deserción,RIESGO_INT,riesgo,deserción,,,E2025EWN2704,NA,NA,0.0,riesgos_internos.csv,Registros ERP académico,Valor directo de columna deserción,2026-06-15 21:15:50,fca83e77-1ed1-4030-a113-08ad3f9b96f5,1.0
RI235_desempeño,RIESGO_INT,riesgo,desempeño,,,E2025YRA4787,NA,NA,0.764,riesgos_internos.csv,Registros ERP académico,Valor directo de columna desempeño,2026-06-15 21:15:50,fca83e77-1ed1-4030-a113-08ad3f9b96f5,1.0
RI235_repitencia,RIESGO_INT,riesgo,repitencia,,,E2025YRA4787,NA,NA,10.0,riesgos_internos.csv,Registros ERP académico,Valor directo de columna repitencia,2026-06-15 21:15:50,fca83e77-1ed1-4030-a113-08ad3f9b96f5,1.0
RI235_deserción,RIESGO_INT,riesgo,deserción,,,E2025YRA4787,NA,NA,0.0,riesgos_internos.csv,Registros ERP académico,Valor directo de columna deserción,2026-06-15 21:15:50,fca83e77-1ed1-4030-a113-08ad3f9b96f5,1.0
RI236_desempeño,RIESGO_INT,riesgo,desempeño,,,E2025DGS6938,NA,NA,0.699,riesgos_internos.csv,Registros ERP académico,Valor directo de columna desempeño,2026-06-15 21:15:50,fca83e77-1ed1-4030-a113-08ad3f9b96f5,1.0
RI236_repitencia,RIESGO_INT,riesgo,repitencia,,,E2025DGS6938,NA,NA,15.0,riesgos_internos.csv,Registros ERP académico,Valor directo de columna repitencia,2026-06-15 21:15:50,fca83e77-1ed1-4030-a113-08ad3f9b96f5,1.0
RI236_deserción,RIESGO_INT,riesgo,deserción,,,E2025DGS6938,NA,NA,0.0,riesgos_internos.csv,Registros ERP académico,Valor directo de columna deserción,2026-06-15 21:15:50,fca83e77-1ed1-4030-a113-08ad3f9b96f5,1.0
RI237_desempeño,RIESGO_INT,riesgo,desempeño,,,E2025LLL9579,NA,NA,0.79,riesgos_internos.csv,Registros ERP académico,Valor directo de columna desempeño,2026-06-15 21:15:50,fca83e77-1ed1-4030-a113-08ad3f9b96f5,1.0
RI237_repitencia,RIESGO_INT,riesgo,repitencia,,,E2025LLL9579,NA,NA,7.0,riesgos_internos.csv,Registros ERP académico,Valor directo de columna repitencia,2026-06-15 21:15:50,fca83e77-1ed1-4030-a113-08ad3f9b96f5,1.0
RI237_deserción,RIESGO_INT,riesgo,deserción,,,E2025LLL9579,NA,NA,0.0,riesgos_internos.csv,Registros ERP académico,Valor directo de columna deserción,2026-06-15 21:15:50,fca83e77-1ed1-4030-a113-08ad3f9b96f5,1.0
RI238_desempeño,RIESGO_INT,riesgo,desempeño,,,E2025BNY0090,NA,NA,0.75,riesgos_internos.csv,Registros ERP académico,Valor directo de columna desempeño,2026-06-15 21:15:50,fca83e77-1ed1-4030-a113-08ad3f9b96f5,1.0
RI238_repitencia,RIESGO_INT,riesgo,repitencia,,,E2025BNY0090,NA,NA,11.0,riesgos_internos.csv,Registros ERP académico,Valor directo de columna repitencia,2026-06-15 21:15:50,fca83e77-1ed1-4030-a113-08ad3f9b96f5,1.0
RI238_deserción,RIESGO_INT,riesgo,deserción,,,E2025BNY0090,NA,NA,0.0,riesgos_internos.csv,Registros ERP académico,Valor directo de columna deserción,2026-06-15 21:15:50,fca83e77-1ed1-4030-a113-08ad3f9b96f5,1.0
RI239_desempeño,RIESGO_INT,riesgo,desempeño,,,E2025LUH9826,NA,NA,0.734,riesgos_internos.csv,Registros ERP académico,Valor directo de columna desempeño,2026-06-15 21:15:50,fca83e77-1ed1-4030-a113-08ad3f9b96f5,1.0
RI239_repitencia,RIESGO_INT,riesgo,repitencia,,,E2025LUH9826,NA,NA,11.0,riesgos_internos.csv,Registros ERP académico,Valor directo de columna repitencia,2026-06-15 21:15:50,fca83e77-1ed1-4030-a113-08ad3f9b96f5,1.0
RI239_deserción,RIESGO_INT,riesgo,deserción,,,E2025LUH9826,NA,NA,0.0,riesgos_internos.csv,Registros ERP académico,Valor directo de columna deserción,2026-06-15 21:15:50,fca83e77-1ed1-4030-a113-08ad3f9b96f5,1.0
RI240_desempeño,RIESGO_INT,riesgo,desempeño,,,E2025BXC1625,NA,NA,0.707,riesgos_internos.csv,Registros ERP académico,Valor directo de columna desempeño,2026-06-15 21:15:50,fca83e77-1ed1-4030-a113-08ad3f9b96f5,1.0
RI240_repitencia,RIESGO_INT,riesgo,repitencia,,,E2025BXC1625,NA,NA,13.0,riesgos_internos.csv,Registros ERP académico,Valor directo de columna repitencia,2026-06-15 21:15:50,fca83e77-1ed1-4030-a113-08ad3f9b96f5,1.0
RI240_deserción,RIESGO_INT,riesgo,deserción,,,E2025BXC1625,NA,NA,0.0,riesgos_internos.csv,Registros ERP académico,Valor directo de columna deserción,2026-06-15 21:15:50,fca83e77-1ed1-4030-a113-08ad3f9b96f5,1.0
RI241_desempeño,RIESGO_INT,riesgo,desempeño,,,E2025ZAP6910,NA,NA,0.811,riesgos_internos.csv,Registros ERP académico,Valor directo de columna desempeño,2026-06-15 21:15:50,fca83e77-1ed1-4030-a113-08ad3f9b96f5,1.0
RI241_repitencia,RIESGO_INT,riesgo,repitencia,,,E2025ZAP6910,NA,NA,6.0,riesgos_internos.csv,Registros ERP académico,Valor directo de columna repitencia,2026-06-15 21:15:50,fca83e77-1ed1-4030-a113-08ad3f9b96f5,1.0
RI241_deserción,RIESGO_INT,riesgo,deserción,,,E2025ZAP6910,NA,NA,0.0,riesgos_internos.csv,Registros ERP académico,Valor directo de columna deserción,2026-06-15 21:15:50,fca83e77-1ed1-4030-a113-08ad3f9b96f5,1.0
RI242_desempeño,RIESGO_INT,riesgo,desempeño,,,E2025AAX3564,NA,NA,0.732,riesgos_internos.csv,Registros ERP académico,Valor directo de columna desempeño,2026-06-15 21:15:50,fca83e77-1ed1-4030-a113-08ad3f9b96f5,1.0
RI242_repitencia,RIESGO_INT,riesgo,repitencia,,,E2025AAX3564,NA,NA,10.0,riesgos_internos.csv,Registros ERP académico,Valor directo de columna repitencia,2026-06-15 21:15:50,fca83e77-1ed1-4030-a113-08ad3f9b96f5,1.0
RI242_deserción,RIESGO_INT,riesgo,deserción,,,E2025AAX3564,NA,NA,0.0,riesgos_internos.csv,Registros ERP académico,Valor directo de columna deserción,2026-06-15 21:15:50,fca83e77-1ed1-4030-a113-08ad3f9b96f5,1.0
RI243_desempeño,RIESGO_INT,riesgo,desempeño,,,E2025IXI7963,NA,NA,0.712,riesgos_internos.csv,Registros ERP académico,Valor directo de columna desempeño,2026-06-15 21:15:50,fca83e77-1ed1-4030-a113-08ad3f9b96f5,1.0
RI243_repitencia,RIESGO_INT,riesgo,repitencia,,,E2025IXI7963,NA,NA,11.0,riesgos_internos.csv,Registros ERP académico,Valor directo de columna repitencia,2026-06-15 21:15:50,fca83e77-1ed1-4030-a113-08ad3f9b96f5,1.0
RI243_deserción,RIESGO_INT,riesgo,deserción,,,E2025IXI7963,NA,NA,0.0,riesgos_internos.csv,Registros ERP académico,Valor directo de columna deserción,2026-06-15 21:15:50,fca83e77-1ed1-4030-a113-08ad3f9b96f5,1.0
RI244_desempeño,RIESGO_INT,riesgo,desempeño,,,E2025NQK9343,NA,NA,0.727,riesgos_internos.csv,Registros ERP académico,Valor directo de columna desempeño,2026-06-15 21:15:50,fca83e77-1ed1-4030-a113-08ad3f9b96f5,1.0
RI244_repitencia,RIESGO_INT,riesgo,repitencia,,,E2025NQK9343,NA,NA,12.0,riesgos_internos.csv,Registros ERP académico,Valor directo de columna repitencia,2026-06-15 21:15:50,fca83e77-1ed1-4030-a113-08ad3f9b96f5,1.0
RI244_deserción,RIESGO_INT,riesgo,deserción,,,E2025NQK9343,NA,NA,0.0,riesgos_internos.csv,Registros ERP académico,Valor directo de columna deserción,2026-06-15 21:15:50,fca83e77-1ed1-4030-a113-08ad3f9b96f5,1.0
RI245_desempeño,RIESGO_INT,riesgo,desempeño,,,E2025QIY2584,NA,NA,0.76,riesgos_internos.csv,Registros ERP académico,Valor directo de columna desempeño,2026-06-15 21:15:50,fca83e77-1ed1-4030-a113-08ad3f9b96f5,1.0
RI245_repitencia,RIESGO_INT,riesgo,repitencia,,,E2025QIY2584,NA,NA,8.0,riesgos_internos.csv,Registros ERP académico,Valor directo de columna repitencia,2026-06-15 21:15:50,fca83e77-1ed1-4030-a113-08ad3f9b96f5,1.0
RI245_deserción,RIESGO_INT,riesgo,deserción,,,E2025QIY2584,NA,NA,0.0,riesgos_internos.csv,Registros ERP académico,Valor directo de columna deserción,2026-06-15 21:15:50,fca83e77-1ed1-4030-a113-08ad3f9b96f5,1.0
RI246_desempeño,RIESGO_INT,riesgo,desempeño,,,E2026GMA8960,NA,NA,0.801,riesgos_internos.csv,Registros ERP académico,Valor directo de columna desempeño,2026-06-15 21:15:50,fca83e77-1ed1-4030-a113-08ad3f9b96f5,1.0
RI246_repitencia,RIESGO_INT,riesgo,repitencia,,,E2026GMA8960,NA,NA,4.0,riesgos_internos.csv,Registros ERP académico,Valor directo de columna repitencia,2026-06-15 21:15:50,fca83e77-1ed1-4030-a113-08ad3f9b96f5,1.0
RI246_deserción,RIESGO_INT,riesgo,deserción,,,E2026GMA8960,NA,NA,0.0,riesgos_internos.csv,Registros ERP académico,Valor directo de columna deserción,2026-06-15 21:15:50,fca83e77-1ed1-4030-a113-08ad3f9b96f5,1.0
RI247_desempeño,RIESGO_INT,riesgo,desempeño,,,E2026KQN7705,NA,NA,0.781,riesgos_internos.csv,Registros ERP académico,Valor directo de columna desempeño,2026-06-15 21:15:50,fca83e77-1ed1-4030-a113-08ad3f9b96f5,1.0
RI247_repitencia,RIESGO_INT,riesgo,repitencia,,,E2026KQN7705,NA,NA,7.0,riesgos_internos.csv,Registros ERP académico,Valor directo de columna repitencia,2026-06-15 21:15:50,fca83e77-1ed1-4030-a113-08ad3f9b96f5,1.0
RI247_deserción,RIESGO_INT,riesgo,deserción,,,E2026KQN7705,NA,NA,0.0,riesgos_internos.csv,Registros ERP académico,Valor directo de columna deserción,2026-06-15 21:15:50,fca83e77-1ed1-4030-a113-08ad3f9b96f5,1.0
RI248_desempeño,RIESGO_INT,riesgo,desempeño,,,E2026UHL4149,NA,NA,0.799,riesgos_internos.csv,Registros ERP académico,Valor directo de columna desempeño,2026-06-15 21:15:50,fca83e77-1ed1-4030-a113-08ad3f9b96f5,1.0
RI248_repitencia,RIESGO_INT,riesgo,repitencia,,,E2026UHL4149,NA,NA,7.0,riesgos_internos.csv,Registros ERP académico,Valor directo de columna repitencia,2026-06-15 21:15:50,fca83e77-1ed1-4030-a113-08ad3f9b96f5,1.0
RI248_deserción,RIESGO_INT,riesgo,deserción,,,E2026UHL4149,NA,NA,0.0,riesgos_internos.csv,Registros ERP académico,Valor directo de columna deserción,2026-06-15 21:15:50,fca83e77-1ed1-4030-a113-08ad3f9b96f5,1.0
RI249_desempeño,RIESGO_INT,riesgo,desempeño,,,E2026TPU4148,NA,NA,0.702,riesgos_internos.csv,Registros ERP académico,Valor directo de columna desempeño,2026-06-15 21:15:50,fca83e77-1ed1-4030-a113-08ad3f9b96f5,1.0
RI249_repitencia,RIESGO_INT,riesgo,repitencia,,,E2026TPU4148,NA,NA,14.0,riesgos_internos.csv,Registros ERP académico,Valor directo de columna repitencia,2026-06-15 21:15:50,fca83e77-1ed1-4030-a113-08ad3f9b96f5,1.0
RI249_deserción,RIESGO_INT,riesgo,deserción,,,E2026TPU4148,NA,NA,0.0,riesgos_internos.csv,Registros ERP académico,Valor directo de columna deserción,2026-06-15 21:15:50,fca83e77-1ed1-4030-a113-08ad3f9b96f5,1.0
RI250_desempeño,RIESGO_INT,riesgo,desempeño,,,E2026WYA3424,NA,NA,0.735,riesgos_internos.csv,Registros ERP académico,Valor directo de columna desempeño,2026-06-15 21:15:50,fca83e77-1ed1-4030-a113-08ad3f9b96f5,1.0
RI250_repitencia,RIESGO_INT,riesgo,repitencia,,,E2026WYA3424,NA,NA,10.0,riesgos_internos.csv,Registros ERP académico,Valor directo de columna repitencia,2026-06-15 21:15:50,fca83e77-1ed1-4030-a113-08ad3f9b96f5,1.0
RI250_deserción,RIESGO_INT,riesgo,deserción,,,E2026WYA3424,NA,NA,0.0,riesgos_internos.csv,Registros ERP académico,Valor directo de columna deserción,2026-06-15 21:15:50,fca83e77-1ed1-4030-a113-08ad3f9b96f5,1.0
RI251_desempeño,RIESGO_INT,riesgo,desempeño,,,E2026AXV0501,NA,NA,0.81,riesgos_internos.csv,Registros ERP académico,Valor directo de columna desempeño,2026-06-15 21:15:50,fca83e77-1ed1-4030-a113-08ad3f9b96f5,1.0
RI251_repitencia,RIESGO_INT,riesgo,repitencia,,,E2026AXV0501,NA,NA,5.0,riesgos_internos.csv,Registros ERP académico,Valor directo de columna repitencia,2026-06-15 21:15:50,fca83e77-1ed1-4030-a113-08ad3f9b96f5,1.0
RI251_deserción,RIESGO_INT,riesgo,deserción,,,E2026AXV0501,NA,NA,0.0,riesgos_internos.csv,Registros ERP académico,Valor directo de columna deserción,2026-06-15 21:15:50,fca83e77-1ed1-4030-a113-08ad3f9b96f5,1.0
RI252_desempeño,RIESGO_INT,riesgo,desempeño,,,E2026MKX9459,NA,NA,0.78,riesgos_internos.csv,Registros ERP académico,Valor directo de columna desempeño,2026-06-15 21:15:50,fca83e77-1ed1-4030-a113-08ad3f9b96f5,1.0
RI252_repitencia,RIESGO_INT,riesgo,repitencia,,,E2026MKX9459,NA,NA,8.0,riesgos_internos.csv,Registros ERP académico,Valor directo de columna repitencia,2026-06-15 21:15:50,fca83e77-1ed1-4030-a113-08ad3f9b96f5,1.0
RI252_deserción,RIESGO_INT,riesgo,deserción,,,E2026MKX9459,NA,NA,0.0,riesgos_internos.csv,Registros ERP académico,Valor directo de columna deserción,2026-06-15 21:15:50,fca83e77-1ed1-4030-a113-08ad3f9b96f5,1.0
RI253_desempeño,RIESGO_INT,riesgo,desempeño,,,E2026GKD1409,NA,NA,0.784,riesgos_internos.csv,Registros ERP académico,Valor directo de columna desempeño,2026-06-15 21:15:50,fca83e77-1ed1-4030-a113-08ad3f9b96f5,1.0
RI253_repitencia,RIESGO_INT,riesgo,repitencia,,,E2026GKD1409,NA,NA,7.0,riesgos_internos.csv,Registros ERP académico,Valor directo de columna repitencia,2026-06-15 21:15:50,fca83e77-1ed1-4030-a113-08ad3f9b96f5,1.0
RI253_deserción,RIESGO_INT,riesgo,deserción,,,E2026GKD1409,NA,NA,0.0,riesgos_internos.csv,Registros ERP académico,Valor directo de columna deserción,2026-06-15 21:15:50,fca83e77-1ed1-4030-a113-08ad3f9b96f5,1.0
RI254_desempeño,RIESGO_INT,riesgo,desempeño,,,E2026LQE2375,NA,NA,0.773,riesgos_internos.csv,Registros ERP académico,Valor directo de columna desempeño,2026-06-15 21:15:50,fca83e77-1ed1-4030-a113-08ad3f9b96f5,1.0
RI254_repitencia,RIESGO_INT,riesgo,repitencia,,,E2026LQE2375,NA,NA,8.0,riesgos_internos.csv,Registros ERP académico,Valor directo de columna repitencia,2026-06-15 21:15:50,fca83e77-1ed1-4030-a113-08ad3f9b96f5,1.0
RI254_deserción,RIESGO_INT,riesgo,deserción,,,E2026LQE2375,NA,NA,0.0,riesgos_internos.csv,Registros ERP académico,Valor directo de columna deserción,2026-06-15 21:15:50,fca83e77-1ed1-4030-a113-08ad3f9b96f5,1.0
RI255_desempeño,RIESGO_INT,riesgo,desempeño,,,E2026KYB7806,NA,NA,0.773,riesgos_internos.csv,Registros ERP académico,Valor directo de columna desempeño,2026-06-15 21:15:50,fca83e77-1ed1-4030-a113-08ad3f9b96f5,1.0
RI255_repitencia,RIESGO_INT,riesgo,repitencia,,,E2026KYB7806,NA,NA,5.0,riesgos_internos.csv,Registros ERP académico,Valor directo de columna repitencia,2026-06-15 21:15:50,fca83e77-1ed1-4030-a113-08ad3f9b96f5,1.0
RI255_deserción,RIESGO_INT,riesgo,deserción,,,E2026KYB7806,NA,NA,1.0,riesgos_internos.csv,Registros ERP académico,Valor directo de columna deserción,2026-06-15 21:15:50,fca83e77-1ed1-4030-a113-08ad3f9b96f5,1.0
RI256_desempeño,RIESGO_INT,riesgo,desempeño,,,E2026NPS8278,NA,NA,0.773,riesgos_internos.csv,Registros ERP académico,Valor directo de columna desempeño,2026-06-15 21:15:50,fca83e77-1ed1-4030-a113-08ad3f9b96f5,1.0
RI256_repitencia,RIESGO_INT,riesgo,repitencia,,,E2026NPS8278,NA,NA,9.0,riesgos_internos.csv,Registros ERP académico,Valor directo de columna repitencia,2026-06-15 21:15:50,fca83e77-1ed1-4030-a113-08ad3f9b96f5,1.0
RI256_deserción,RIESGO_INT,riesgo,deserción,,,E2026NPS8278,NA,NA,0.0,riesgos_internos.csv,Registros ERP académico,Valor directo de columna deserción,2026-06-15 21:15:50,fca83e77-1ed1-4030-a113-08ad3f9b96f5,1.0
RI257_desempeño,RIESGO_INT,riesgo,desempeño,,,E2026UNI0526,NA,NA,0.752,riesgos_internos.csv,Registros ERP académico,Valor directo de columna desempeño,2026-06-15 21:15:50,fca83e77-1ed1-4030-a113-08ad3f9b96f5,1.0
RI257_repitencia,RIESGO_INT,riesgo,repitencia,,,E2026UNI0526,NA,NA,4.0,riesgos_internos.csv,Registros ERP académico,Valor directo de columna repitencia,2026-06-15 21:15:50,fca83e77-1ed1-4030-a113-08ad3f9b96f5,1.0
RI257_deserción,RIESGO_INT,riesgo,deserción,,,E2026UNI0526,NA,NA,1.0,riesgos_internos.csv,Registros ERP académico,Valor directo de columna deserción,2026-06-15 21:15:50,fca83e77-1ed1-4030-a113-08ad3f9b96f5,1.0
RI258_desempeño,RIESGO_INT,riesgo,desempeño,,,E2026TOS0539,NA,NA,0.74,riesgos_internos.csv,Registros ERP académico,Valor directo de columna desempeño,2026-06-15 21:15:50,fca83e77-1ed1-4030-a113-08ad3f9b96f5,1.0
RI258_repitencia,RIESGO_INT,riesgo,repitencia,,,E2026TOS0539,NA,NA,10.0,riesgos_internos.csv,Registros ERP académico,Valor directo de columna repitencia,2026-06-15 21:15:50,fca83e77-1ed1-4030-a113-08ad3f9b96f5,1.0
RI258_deserción,RIESGO_INT,riesgo,deserción,,,E2026TOS0539,NA,NA,0.0,riesgos_internos.csv,Registros ERP académico,Valor directo de columna deserción,2026-06-15 21:15:50,fca83e77-1ed1-4030-a113-08ad3f9b96f5,1.0
RI259_desempeño,RIESGO_INT,riesgo,desempeño,,,E2026SHI1685,NA,NA,0.784,riesgos_internos.csv,Registros ERP académico,Valor directo de columna desempeño,2026-06-15 21:15:50,fca83e77-1ed1-4030-a113-08ad3f9b96f5,1.0
RI259_repitencia,RIESGO_INT,riesgo,repitencia,,,E2026SHI1685,NA,NA,4.0,riesgos_internos.csv,Registros ERP académico,Valor directo de columna repitencia,2026-06-15 21:15:50,fca83e77-1ed1-4030-a113-08ad3f9b96f5,1.0
RI259_deserción,RIESGO_INT,riesgo,deserción,,,E2026SHI1685,NA,NA,1.0,riesgos_internos.csv,Registros ERP académico,Valor directo de columna deserción,2026-06-15 21:15:50,fca83e77-1ed1-4030-a113-08ad3f9b96f5,1.0
RI260_desempeño,RIESGO_INT,riesgo,desempeño,,,E2026JYH2860,NA,NA,0.78,riesgos_internos.csv,Registros ERP académico,Valor directo de columna desempeño,2026-06-15 21:15:50,fca83e77-1ed1-4030-a113-08ad3f9b96f5,1.0
RI260_repitencia,RIESGO_INT,riesgo,repitencia,,,E2026JYH2860,NA,NA,9.0,riesgos_internos.csv,Registros ERP académico,Valor directo de columna repitencia,2026-06-15 21:15:50,fca83e77-1ed1-4030-a113-08ad3f9b96f5,1.0
RI260_deserción,RIESGO_INT,riesgo,deserción,,,E2026JYH2860,NA,NA,0.0,riesgos_internos.csv,Registros ERP académico,Valor directo de columna deserción,2026-06-15 21:15:50,fca83e77-1ed1-4030-a113-08ad3f9b96f5,1.0
RI261_desempeño,RIESGO_INT,riesgo,desempeño,,,E2026MLG8716,NA,NA,0.756,riesgos_internos.csv,Registros ERP académico,Valor directo de columna desempeño,2026-06-15 21:15:50,fca83e77-1ed1-4030-a113-08ad3f9b96f5,1.0
RI261_repitencia,RIESGO_INT,riesgo,repitencia,,,E2026MLG8716,NA,NA,9.0,riesgos_internos.csv,Registros ERP académico,Valor directo de columna repitencia,2026-06-15 21:15:50,fca83e77-1ed1-4030-a113-08ad3f9b96f5,1.0
RI261_deserción,RIESGO_INT,riesgo,deserción,,,E2026MLG8716,NA,NA,0.0,riesgos_internos.csv,Registros ERP académico,Valor directo de columna deserción,2026-06-15 21:15:50,fca83e77-1ed1-4030-a113-08ad3f9b96f5,1.0
RI262_desempeño,RIESGO_INT,riesgo,desempeño,,,E2026VJI6868,NA,NA,0.742,riesgos_internos.csv,Registros ERP académico,Valor directo de columna desempeño,2026-06-15 21:15:50,fca83e77-1ed1-4030-a113-08ad3f9b96f5,1.0
RI262_repitencia,RIESGO_INT,riesgo,repitencia,,,E2026VJI6868,NA,NA,12.0,riesgos_internos.csv,Registros ERP académico,Valor directo de columna repitencia,2026-06-15 21:15:50,fca83e77-1ed1-4030-a113-08ad3f9b96f5,1.0
RI262_deserción,RIESGO_INT,riesgo,deserción,,,E2026VJI6868,NA,NA,0.0,riesgos_internos.csv,Registros ERP académico,Valor directo de columna deserción,2026-06-15 21:15:50,fca83e77-1ed1-4030-a113-08ad3f9b96f5,1.0
RI263_desempeño,RIESGO_INT,riesgo,desempeño,,,E2026BBB6946,NA,NA,0.742,riesgos_internos.csv,Registros ERP académico,Valor directo de columna desempeño,2026-06-15 21:15:50,fca83e77-1ed1-4030-a113-08ad3f9b96f5,1.0
RI263_repitencia,RIESGO_INT,riesgo,repitencia,,,E2026BBB6946,NA,NA,11.0,riesgos_internos.csv,Registros ERP académico,Valor directo de columna repitencia,2026-06-15 21:15:50,fca83e77-1ed1-4030-a113-08ad3f9b96f5,1.0
RI263_deserción,RIESGO_INT,riesgo,deserción,,,E2026BBB6946,NA,NA,0.0,riesgos_internos.csv,Registros ERP académico,Valor directo de columna deserción,2026-06-15 21:15:50,fca83e77-1ed1-4030-a113-08ad3f9b96f5,1.0
RI264_desempeño,RIESGO_INT,riesgo,desempeño,,,E2026AAZ3736,NA,NA,0.735,riesgos_internos.csv,Registros ERP académico,Valor directo de columna desempeño,2026-06-15 21:15:50,fca83e77-1ed1-4030-a113-08ad3f9b96f5,1.0
RI264_repitencia,RIESGO_INT,riesgo,repitencia,,,E2026AAZ3736,NA,NA,10.0,riesgos_internos.csv,Registros ERP académico,Valor directo de columna repitencia,2026-06-15 21:15:50,fca83e77-1ed1-4030-a113-08ad3f9b96f5,1.0
RI264_deserción,RIESGO_INT,riesgo,deserción,,,E2026AAZ3736,NA,NA,0.0,riesgos_internos.csv,Registros ERP académico,Valor directo de columna deserción,2026-06-15 21:15:50,fca83e77-1ed1-4030-a113-08ad3f9b96f5,1.0
RI265_desempeño,RIESGO_INT,riesgo,desempeño,,,E2026AVI9194,NA,NA,0.757,riesgos_internos.csv,Registros ERP académico,Valor directo de columna desempeño,2026-06-15 21:15:50,fca83e77-1ed1-4030-a113-08ad3f9b96f5,1.0
RI265_repitencia,RIESGO_INT,riesgo,repitencia,,,E2026AVI9194,NA,NA,8.0,riesgos_internos.csv,Registros ERP académico,Valor directo de columna repitencia,2026-06-15 21:15:50,fca83e77-1ed1-4030-a113-08ad3f9b96f5,1.0
RI265_deserción,RIESGO_INT,riesgo,deserción,,,E2026AVI9194,NA,NA,0.0,riesgos_internos.csv,Registros ERP académico,Valor directo de columna deserción,2026-06-15 21:15:50,fca83e77-1ed1-4030-a113-08ad3f9b96f5,1.0
RI266_desempeño,RIESGO_INT,riesgo,desempeño,,,E2026XUE2096,NA,NA,0.763,riesgos_internos.csv,Registros ERP académico,Valor directo de columna desempeño,2026-06-15 21:15:50,fca83e77-1ed1-4030-a113-08ad3f9b96f5,1.0
RI266_repitencia,RIESGO_INT,riesgo,repitencia,,,E2026XUE2096,NA,NA,8.0,riesgos_internos.csv,Registros ERP académico,Valor directo de columna repitencia,2026-06-15 21:15:50,fca83e77-1ed1-4030-a113-08ad3f9b96f5,1.0
RI266_deserción,RIESGO_INT,riesgo,deserción,,,E2026XUE2096,NA,NA,0.0,riesgos_internos.csv,Registros ERP académico,Valor directo de columna deserción,2026-06-15 21:15:50,fca83e77-1ed1-4030-a113-08ad3f9b96f5,1.0
RI267_desempeño,RIESGO_INT,riesgo,desempeño,,,E2026ZSX4009,NA,NA,0.755,riesgos_internos.csv,Registros ERP académico,Valor directo de columna desempeño,2026-06-15 21:15:50,fca83e77-1ed1-4030-a113-08ad3f9b96f5,1.0
RI267_repitencia,RIESGO_INT,riesgo,repitencia,,,E2026ZSX4009,NA,NA,7.0,riesgos_internos.csv,Registros ERP académico,Valor directo de columna repitencia,2026-06-15 21:15:50,fca83e77-1ed1-4030-a113-08ad3f9b96f5,1.0
RI267_deserción,RIESGO_INT,riesgo,deserción,,,E2026ZSX4009,NA,NA,0.0,riesgos_internos.csv,Registros ERP académico,Valor directo de columna deserción,2026-06-15 21:15:50,fca83e77-1ed1-4030-a113-08ad3f9b96f5,1.0
RI268_desempeño,RIESGO_INT,riesgo,desempeño,,,E2026GXM4026,NA,NA,0.715,riesgos_internos.csv,Registros ERP académico,Valor directo de columna desempeño,2026-06-15 21:15:50,fca83e77-1ed1-4030-a113-08ad3f9b96f5,1.0
RI268_repitencia,RIESGO_INT,riesgo,repitencia,,,E2026GXM4026,NA,NA,12.0,riesgos_internos.csv,Registros ERP académico,Valor directo de columna repitencia,2026-06-15 21:15:50,fca83e77-1ed1-4030-a113-08ad3f9b96f5,1.0
RI268_deserción,RIESGO_INT,riesgo,deserción,,,E2026GXM4026,NA,NA,0.0,riesgos_internos.csv,Registros ERP académico,Valor directo de columna deserción,2026-06-15 21:15:50,fca83e77-1ed1-4030-a113-08ad3f9b96f5,1.0
RI269_desempeño,RIESGO_INT,riesgo,desempeño,,,E2026DKW1961,NA,NA,0.794,riesgos_internos.csv,Registros ERP académico,Valor directo de columna desempeño,2026-06-15 21:15:50,fca83e77-1ed1-4030-a113-08ad3f9b96f5,1.0
RI269_repitencia,RIESGO_INT,riesgo,repitencia,,,E2026DKW1961,NA,NA,3.0,riesgos_internos.csv,Registros ERP académico,Valor directo de columna repitencia,2026-06-15 21:15:50,fca83e77-1ed1-4030-a113-08ad3f9b96f5,1.0
RI269_deserción,RIESGO_INT,riesgo,deserción,,,E2026DKW1961,NA,NA,1.0,riesgos_internos.csv,Registros ERP académico,Valor directo de columna deserción,2026-06-15 21:15:50,fca83e77-1ed1-4030-a113-08ad3f9b96f5,1.0
RI270_desempeño,RIESGO_INT,riesgo,desempeño,,,E2026AJG9275,NA,NA,0.71,riesgos_internos.csv,Registros ERP académico,Valor directo de columna desempeño,2026-06-15 21:15:50,fca83e77-1ed1-4030-a113-08ad3f9b96f5,1.0
RI270_repitencia,RIESGO_INT,riesgo,repitencia,,,E2026AJG9275,NA,NA,7.0,riesgos_internos.csv,Registros ERP académico,Valor directo de columna repitencia,2026-06-15 21:15:50,fca83e77-1ed1-4030-a113-08ad3f9b96f5,1.0
RI270_deserción,RIESGO_INT,riesgo,deserción,,,E2026AJG9275,NA,NA,1.0,riesgos_internos.csv,Registros ERP académico,Valor directo de columna deserción,2026-06-15 21:15:50,fca83e77-1ed1-4030-a113-08ad3f9b96f5,1.0
RI271_desempeño,RIESGO_INT,riesgo,desempeño,,,E2026VSI1995,NA,NA,0.723,riesgos_internos.csv,Registros ERP académico,Valor directo de columna desempeño,2026-06-15 21:15:50,fca83e77-1ed1-4030-a113-08ad3f9b96f5,1.0
RI271_repitencia,RIESGO_INT,riesgo,repitencia,,,E2026VSI1995,NA,NA,12.0,riesgos_internos.csv,Registros ERP académico,Valor directo de columna repitencia,2026-06-15 21:15:50,fca83e77-1ed1-4030-a113-08ad3f9b96f5,1.0
RI271_deserción,RIESGO_INT,riesgo,deserción,,,E2026VSI1995,NA,NA,0.0,riesgos_internos.csv,Registros ERP académico,Valor directo de columna deserción,2026-06-15 21:15:50,fca83e77-1ed1-4030-a113-08ad3f9b96f5,1.0
RI272_desempeño,RIESGO_INT,riesgo,desempeño,,,E2026KXU6963,NA,NA,0.745,riesgos_internos.csv,Registros ERP académico,Valor directo de columna desempeño,2026-06-15 21:15:50,fca83e77-1ed1-4030-a113-08ad3f9b96f5,1.0
RI272_repitencia,RIESGO_INT,riesgo,repitencia,,,E2026KXU6963,NA,NA,11.0,riesgos_internos.csv,Registros ERP académico,Valor directo de columna repitencia,2026-06-15 21:15:50,fca83e77-1ed1-4030-a113-08ad3f9b96f5,1.0
RI272_deserción,RIESGO_INT,riesgo,deserción,,,E2026KXU6963,NA,NA,0.0,riesgos_internos.csv,Registros ERP académico,Valor directo de columna deserción,2026-06-15 21:15:50,fca83e77-1ed1-4030-a113-08ad3f9b96f5,1.0
RI273_desempeño,RIESGO_INT,riesgo,desempeño,,,E2026UTK7204,NA,NA,0.735,riesgos_internos.csv,Registros ERP académico,Valor directo de columna desempeño,2026-06-15 21:15:50,fca83e77-1ed1-4030-a113-08ad3f9b96f5,1.0
RI273_repitencia,RIESGO_INT,riesgo,repitencia,,,E2026UTK7204,NA,NA,9.0,riesgos_internos.csv,Registros ERP académico,Valor directo de columna repitencia,2026-06-15 21:15:50,fca83e77-1ed1-4030-a113-08ad3f9b96f5,1.0
RI273_deserción,RIESGO_INT,riesgo,deserción,,,E2026UTK7204,NA,NA,0.0,riesgos_internos.csv,Registros ERP académico,Valor directo de columna deserción,2026-06-15 21:15:50,fca83e77-1ed1-4030-a113-08ad3f9b96f5,1.0
RI274_desempeño,RIESGO_INT,riesgo,desempeño,,,E2026LGW6900,NA,NA,0.735,riesgos_internos.csv,Registros ERP académico,Valor directo de columna desempeño,2026-06-15 21:15:50,fca83e77-1ed1-4030-a113-08ad3f9b96f5,1.0
RI274_repitencia,RIESGO_INT,riesgo,repitencia,,,E2026LGW6900,NA,NA,11.0,riesgos_internos.csv,Registros ERP académico,Valor directo de columna repitencia,2026-06-15 21:15:50,fca83e77-1ed1-4030-a113-08ad3f9b96f5,1.0
RI274_deserción,RIESGO_INT,riesgo,deserción,,,E2026LGW6900,NA,NA,0.0,riesgos_internos.csv,Registros ERP académico,Valor directo de columna deserción,2026-06-15 21:15:50,fca83e77-1ed1-4030-a113-08ad3f9b96f5,1.0
RI275_desempeño,RIESGO_INT,riesgo,desempeño,,,E2026ZWY1714,NA,NA,0.762,riesgos_internos.csv,Registros ERP académico,Valor directo de columna desempeño,2026-06-15 21:15:50,fca83e77-1ed1-4030-a113-08ad3f9b96f5,1.0
RI275_repitencia,RIESGO_INT,riesgo,repitencia,,,E2026ZWY1714,NA,NA,8.0,riesgos_internos.csv,Registros ERP académico,Valor directo de columna repitencia,2026-06-15 21:15:50,fca83e77-1ed1-4030-a113-08ad3f9b96f5,1.0
RI275_deserción,RIESGO_INT,riesgo,deserción,,,E2026ZWY1714,NA,NA,0.0,riesgos_internos.csv,Registros ERP académico,Valor directo de columna deserción,2026-06-15 21:15:50,fca83e77-1ed1-4030-a113-08ad3f9b96f5,1.0
RI276_desempeño,RIESGO_INT,riesgo,desempeño,,,E2026YGJ8466,NA,NA,0.789,riesgos_internos.csv,Registros ERP académico,Valor directo de columna desempeño,2026-06-15 21:15:50,fca83e77-1ed1-4030-a113-08ad3f9b96f5,1.0
RI276_repitencia,RIESGO_INT,riesgo,repitencia,,,E2026YGJ8466,NA,NA,7.0,riesgos_internos.csv,Registros ERP académico,Valor directo de columna repitencia,2026-06-15 21:15:50,fca83e77-1ed1-4030-a113-08ad3f9b96f5,1.0
RI276_deserción,RIESGO_INT,riesgo,deserción,,,E2026YGJ8466,NA,NA,0.0,riesgos_internos.csv,Registros ERP académico,Valor directo de columna deserción,2026-06-15 21:15:50,fca83e77-1ed1-4030-a113-08ad3f9b96f5,1.0
RI277_desempeño,RIESGO_INT,riesgo,desempeño,,,E2026NQH5558,NA,NA,0.71,riesgos_internos.csv,Registros ERP académico,Valor directo de columna desempeño,2026-06-15 21:15:50,fca83e77-1ed1-4030-a113-08ad3f9b96f5,1.0
RI277_repitencia,RIESGO_INT,riesgo,repitencia,,,E2026NQH5558,NA,NA,12.0,riesgos_internos.csv,Registros ERP académico,Valor directo de columna repitencia,2026-06-15 21:15:50,fca83e77-1ed1-4030-a113-08ad3f9b96f5,1.0
RI277_deserción,RIESGO_INT,riesgo,deserción,,,E2026NQH5558,NA,NA,0.0,riesgos_internos.csv,Registros ERP académico,Valor directo de columna deserción,2026-06-15 21:15:50,fca83e77-1ed1-4030-a113-08ad3f9b96f5,1.0
RI278_desempeño,RIESGO_INT,riesgo,desempeño,,,E2026CAF7919,NA,NA,0.758,riesgos_internos.csv,Registros ERP académico,Valor directo de columna desempeño,2026-06-15 21:15:50,fca83e77-1ed1-4030-a113-08ad3f9b96f5,1.0
RI278_repitencia,RIESGO_INT,riesgo,repitencia,,,E2026CAF7919,NA,NA,8.0,riesgos_internos.csv,Registros ERP académico,Valor directo de columna repitencia,2026-06-15 21:15:50,fca83e77-1ed1-4030-a113-08ad3f9b96f5,1.0
RI278_deserción,RIESGO_INT,riesgo,deserción,,,E2026CAF7919,NA,NA,0.0,riesgos_internos.csv,Registros ERP académico,Valor directo de columna deserción,2026-06-15 21:15:50,fca83e77-1ed1-4030-a113-08ad3f9b96f5,1.0
RI279_desempeño,RIESGO_INT,riesgo,desempeño,,,E2026TER6963,NA,NA,0.748,riesgos_internos.csv,Registros ERP académico,Valor directo de columna desempeño,2026-06-15 21:15:50,fca83e77-1ed1-4030-a113-08ad3f9b96f5,1.0
RI279_repitencia,RIESGO_INT,riesgo,repitencia,,,E2026TER6963,NA,NA,8.0,riesgos_internos.csv,Registros ERP académico,Valor directo de columna repitencia,2026-06-15 21:15:50,fca83e77-1ed1-4030-a113-08ad3f9b96f5,1.0
RI279_deserción,RIESGO_INT,riesgo,deserción,,,E2026TER6963,NA,NA,0.0,riesgos_internos.csv,Registros ERP académico,Valor directo de columna deserción,2026-06-15 21:15:50,fca83e77-1ed1-4030-a113-08ad3f9b96f5,1.0
RI280_desempeño,RIESGO_INT,riesgo,desempeño,,,E2026VJA9787,NA,NA,0.71,riesgos_internos.csv,Registros ERP académico,Valor directo de columna desempeño,2026-06-15 21:15:50,fca83e77-1ed1-4030-a113-08ad3f9b96f5,1.0
RI280_repitencia,RIESGO_INT,riesgo,repitencia,,,E2026VJA9787,NA,NA,14.0,riesgos_internos.csv,Registros ERP académico,Valor directo de columna repitencia,2026-06-15 21:15:50,fca83e77-1ed1-4030-a113-08ad3f9b96f5,1.0
RI280_deserción,RIESGO_INT,riesgo,deserción,,,E2026VJA9787,NA,NA,0.0,riesgos_internos.csv,Registros ERP académico,Valor directo de columna deserción,2026-06-15 21:15:50,fca83e77-1ed1-4030-a113-08ad3f9b96f5,1.0
RE01_empleabilidad,RIESGO_EXT,riesgo,empleabilidad,,,E2019RGP4160,NA,NA,0.974,riesgos_externos.csv,Encuestas a empleadores,Valor directo de columna empleabilidad,2026-06-15 21:15:50,fca83e77-1ed1-4030-a113-08ad3f9b96f5,1.0
RE01_satisfacción,RIESGO_EXT,riesgo,satisfacción,,,E2019RGP4160,NA,NA,0.832,riesgos_externos.csv,Encuestas a empleadores,Valor directo de columna satisfacción,2026-06-15 21:15:50,fca83e77-1ed1-4030-a113-08ad3f9b96f5,1.0
RE02_empleabilidad,RIESGO_EXT,riesgo,empleabilidad,,,E2019THQ2210,NA,NA,0.765,riesgos_externos.csv,Encuestas a empleadores,Valor directo de columna empleabilidad,2026-06-15 21:15:50,fca83e77-1ed1-4030-a113-08ad3f9b96f5,1.0
RE02_satisfacción,RIESGO_EXT,riesgo,satisfacción,,,E2019THQ2210,NA,NA,0.585,riesgos_externos.csv,Encuestas a empleadores,Valor directo de columna satisfacción,2026-06-15 21:15:50,fca83e77-1ed1-4030-a113-08ad3f9b96f5,1.0
RE03_empleabilidad,RIESGO_EXT,riesgo,empleabilidad,,,E2019KCY7676,NA,NA,0.821,riesgos_externos.csv,Encuestas a empleadores,Valor directo de columna empleabilidad,2026-06-15 21:15:50,fca83e77-1ed1-4030-a113-08ad3f9b96f5,1.0
RE03_satisfacción,RIESGO_EXT,riesgo,satisfacción,,,E2019KCY7676,NA,NA,0.752,riesgos_externos.csv,Encuestas a empleadores,Valor directo de columna satisfacción,2026-06-15 21:15:50,fca83e77-1ed1-4030-a113-08ad3f9b96f5,1.0
RE04_empleabilidad,RIESGO_EXT,riesgo,empleabilidad,,,E2019RUP7956,NA,NA,0.806,riesgos_externos.csv,Encuestas a empleadores,Valor directo de columna empleabilidad,2026-06-15 21:15:50,fca83e77-1ed1-4030-a113-08ad3f9b96f5,1.0
RE04_satisfacción,RIESGO_EXT,riesgo,satisfacción,,,E2019RUP7956,NA,NA,0.697,riesgos_externos.csv,Encuestas a empleadores,Valor directo de columna satisfacción,2026-06-15 21:15:50,fca83e77-1ed1-4030-a113-08ad3f9b96f5,1.0
RE05_empleabilidad,RIESGO_EXT,riesgo,empleabilidad,,,E2019MXA1768,NA,NA,0.751,riesgos_externos.csv,Encuestas a empleadores,Valor directo de columna empleabilidad,2026-06-15 21:15:50,fca83e77-1ed1-4030-a113-08ad3f9b96f5,1.0
RE05_satisfacción,RIESGO_EXT,riesgo,satisfacción,,,E2019MXA1768,NA,NA,1.0,riesgos_externos.csv,Encuestas a empleadores,Valor directo de columna satisfacción,2026-06-15 21:15:50,fca83e77-1ed1-4030-a113-08ad3f9b96f5,1.0
RE06_empleabilidad,RIESGO_EXT,riesgo,empleabilidad,,,E2019POD1811,NA,NA,0.952,riesgos_externos.csv,Encuestas a empleadores,Valor directo de columna empleabilidad,2026-06-15 21:15:50,fca83e77-1ed1-4030-a113-08ad3f9b96f5,1.0
RE06_satisfacción,RIESGO_EXT,riesgo,satisfacción,,,E2019POD1811,NA,NA,0.811,riesgos_externos.csv,Encuestas a empleadores,Valor directo de columna satisfacción,2026-06-15 21:15:50,fca83e77-1ed1-4030-a113-08ad3f9b96f5,1.0
RE07_empleabilidad,RIESGO_EXT,riesgo,empleabilidad,,,E2019CFG9667,NA,NA,0.953,riesgos_externos.csv,Encuestas a empleadores,Valor directo de columna empleabilidad,2026-06-15 21:15:50,fca83e77-1ed1-4030-a113-08ad3f9b96f5,1.0
RE07_satisfacción,RIESGO_EXT,riesgo,satisfacción,,,E2019CFG9667,NA,NA,0.697,riesgos_externos.csv,Encuestas a empleadores,Valor directo de columna satisfacción,2026-06-15 21:15:50,fca83e77-1ed1-4030-a113-08ad3f9b96f5,1.0
RE08_empleabilidad,RIESGO_EXT,riesgo,empleabilidad,,,E2019FIV2507,NA,NA,1.0,riesgos_externos.csv,Encuestas a empleadores,Valor directo de columna empleabilidad,2026-06-15 21:15:50,fca83e77-1ed1-4030-a113-08ad3f9b96f5,1.0
RE08_satisfacción,RIESGO_EXT,riesgo,satisfacción,,,E2019FIV2507,NA,NA,0.817,riesgos_externos.csv,Encuestas a empleadores,Valor directo de columna satisfacción,2026-06-15 21:15:50,fca83e77-1ed1-4030-a113-08ad3f9b96f5,1.0
RE09_empleabilidad,RIESGO_EXT,riesgo,empleabilidad,,,E2019PPG2525,NA,NA,0.881,riesgos_externos.csv,Encuestas a empleadores,Valor directo de columna empleabilidad,2026-06-15 21:15:50,fca83e77-1ed1-4030-a113-08ad3f9b96f5,1.0
RE09_satisfacción,RIESGO_EXT,riesgo,satisfacción,,,E2019PPG2525,NA,NA,0.807,riesgos_externos.csv,Encuestas a empleadores,Valor directo de columna satisfacción,2026-06-15 21:15:50,fca83e77-1ed1-4030-a113-08ad3f9b96f5,1.0
RE10_empleabilidad,RIESGO_EXT,riesgo,empleabilidad,,,E2019UNW6703,NA,NA,0.977,riesgos_externos.csv,Encuestas a empleadores,Valor directo de columna empleabilidad,2026-06-15 21:15:50,fca83e77-1ed1-4030-a113-08ad3f9b96f5,1.0
RE10_satisfacción,RIESGO_EXT,riesgo,satisfacción,,,E2019UNW6703,NA,NA,0.65,riesgos_externos.csv,Encuestas a empleadores,Valor directo de columna satisfacción,2026-06-15 21:15:50,fca83e77-1ed1-4030-a113-08ad3f9b96f5,1.0
RE11_empleabilidad,RIESGO_EXT,riesgo,empleabilidad,,,E2019CHO2546,NA,NA,0.853,riesgos_externos.csv,Encuestas a empleadores,Valor directo de columna empleabilidad,2026-06-15 21:15:50,fca83e77-1ed1-4030-a113-08ad3f9b96f5,1.0
RE11_satisfacción,RIESGO_EXT,riesgo,satisfacción,,,E2019CHO2546,NA,NA,0.651,riesgos_externos.csv,Encuestas a empleadores,Valor directo de columna satisfacción,2026-06-15 21:15:50,fca83e77-1ed1-4030-a113-08ad3f9b96f5,1.0
RE12_empleabilidad,RIESGO_EXT,riesgo,empleabilidad,,,E2019RYO8290,NA,NA,0.792,riesgos_externos.csv,Encuestas a empleadores,Valor directo de columna empleabilidad,2026-06-15 21:15:50,fca83e77-1ed1-4030-a113-08ad3f9b96f5,1.0
RE12_satisfacción,RIESGO_EXT,riesgo,satisfacción,,,E2019RYO8290,NA,NA,0.892,riesgos_externos.csv,Encuestas a empleadores,Valor directo de columna satisfacción,2026-06-15 21:15:50,fca83e77-1ed1-4030-a113-08ad3f9b96f5,1.0
RE13_empleabilidad,RIESGO_EXT,riesgo,empleabilidad,,,E2019PKI2442,NA,NA,0.861,riesgos_externos.csv,Encuestas a empleadores,Valor directo de columna empleabilidad,2026-06-15 21:15:50,fca83e77-1ed1-4030-a113-08ad3f9b96f5,1.0
RE13_satisfacción,RIESGO_EXT,riesgo,satisfacción,,,E2019PKI2442,NA,NA,0.916,riesgos_externos.csv,Encuestas a empleadores,Valor directo de columna satisfacción,2026-06-15 21:15:50,fca83e77-1ed1-4030-a113-08ad3f9b96f5,1.0
RE14_empleabilidad,RIESGO_EXT,riesgo,empleabilidad,,,E2019WOD9104,NA,NA,0.765,riesgos_externos.csv,Encuestas a empleadores,Valor directo de columna empleabilidad,2026-06-15 21:15:50,fca83e77-1ed1-4030-a113-08ad3f9b96f5,1.0
RE14_satisfacción,RIESGO_EXT,riesgo,satisfacción,,,E2019WOD9104,NA,NA,1.0,riesgos_externos.csv,Encuestas a empleadores,Valor directo de columna satisfacción,2026-06-15 21:15:50,fca83e77-1ed1-4030-a113-08ad3f9b96f5,1.0
RE15_empleabilidad,RIESGO_EXT,riesgo,empleabilidad,,,E2019NRS5184,NA,NA,0.62,riesgos_externos.csv,Encuestas a empleadores,Valor directo de columna empleabilidad,2026-06-15 21:15:50,fca83e77-1ed1-4030-a113-08ad3f9b96f5,1.0
RE15_satisfacción,RIESGO_EXT,riesgo,satisfacción,,,E2019NRS5184,NA,NA,0.821,riesgos_externos.csv,Encuestas a empleadores,Valor directo de columna satisfacción,2026-06-15 21:15:50,fca83e77-1ed1-4030-a113-08ad3f9b96f5,1.0
RE16_empleabilidad,RIESGO_EXT,riesgo,empleabilidad,,,E2019HQR9042,NA,NA,0.715,riesgos_externos.csv,Encuestas a empleadores,Valor directo de columna empleabilidad,2026-06-15 21:15:50,fca83e77-1ed1-4030-a113-08ad3f9b96f5,1.0
RE16_satisfacción,RIESGO_EXT,riesgo,satisfacción,,,E2019HQR9042,NA,NA,0.692,riesgos_externos.csv,Encuestas a empleadores,Valor directo de columna satisfacción,2026-06-15 21:15:50,fca83e77-1ed1-4030-a113-08ad3f9b96f5,1.0
RE17_empleabilidad,RIESGO_EXT,riesgo,empleabilidad,,,E2019PCA3099,NA,NA,0.92,riesgos_externos.csv,Encuestas a empleadores,Valor directo de columna empleabilidad,2026-06-15 21:15:50,fca83e77-1ed1-4030-a113-08ad3f9b96f5,1.0
RE17_satisfacción,RIESGO_EXT,riesgo,satisfacción,,,E2019PCA3099,NA,NA,0.819,riesgos_externos.csv,Encuestas a empleadores,Valor directo de columna satisfacción,2026-06-15 21:15:50,fca83e77-1ed1-4030-a113-08ad3f9b96f5,1.0
RE18_empleabilidad,RIESGO_EXT,riesgo,empleabilidad,,,E2019WHU3805,NA,NA,0.847,riesgos_externos.csv,Encuestas a empleadores,Valor directo de columna empleabilidad,2026-06-15 21:15:50,fca83e77-1ed1-4030-a113-08ad3f9b96f5,1.0
RE18_satisfacción,RIESGO_EXT,riesgo,satisfacción,,,E2019WHU3805,NA,NA,0.723,riesgos_externos.csv,Encuestas a empleadores,Valor directo de columna satisfacción,2026-06-15 21:15:50,fca83e77-1ed1-4030-a113-08ad3f9b96f5,1.0
RE19_empleabilidad,RIESGO_EXT,riesgo,empleabilidad,,,E2019WTI7216,NA,NA,0.909,riesgos_externos.csv,Encuestas a empleadores,Valor directo de columna empleabilidad,2026-06-15 21:15:50,fca83e77-1ed1-4030-a113-08ad3f9b96f5,1.0
RE19_satisfacción,RIESGO_EXT,riesgo,satisfacción,,,E2019WTI7216,NA,NA,0.821,riesgos_externos.csv,Encuestas a empleadores,Valor directo de columna satisfacción,2026-06-15 21:15:50,fca83e77-1ed1-4030-a113-08ad3f9b96f5,1.0
RE20_empleabilidad,RIESGO_EXT,riesgo,empleabilidad,,,E2019XEC3218,NA,NA,0.65,riesgos_externos.csv,Encuestas a empleadores,Valor directo de columna empleabilidad,2026-06-15 21:15:50,fca83e77-1ed1-4030-a113-08ad3f9b96f5,1.0
RE20_satisfacción,RIESGO_EXT,riesgo,satisfacción,,,E2019XEC3218,NA,NA,0.723,riesgos_externos.csv,Encuestas a empleadores,Valor directo de columna satisfacción,2026-06-15 21:15:50,fca83e77-1ed1-4030-a113-08ad3f9b96f5,1.0
RE21_empleabilidad,RIESGO_EXT,riesgo,empleabilidad,,,E2019PXT4059,NA,NA,0.863,riesgos_externos.csv,Encuestas a empleadores,Valor directo de columna empleabilidad,2026-06-15 21:15:50,fca83e77-1ed1-4030-a113-08ad3f9b96f5,1.0
RE21_satisfacción,RIESGO_EXT,riesgo,satisfacción,,,E2019PXT4059,NA,NA,0.604,riesgos_externos.csv,Encuestas a empleadores,Valor directo de columna satisfacción,2026-06-15 21:15:50,fca83e77-1ed1-4030-a113-08ad3f9b96f5,1.0
RE22_empleabilidad,RIESGO_EXT,riesgo,empleabilidad,,,E2019JJJ4915,NA,NA,0.858,riesgos_externos.csv,Encuestas a empleadores,Valor directo de columna empleabilidad,2026-06-15 21:15:50,fca83e77-1ed1-4030-a113-08ad3f9b96f5,1.0
RE22_satisfacción,RIESGO_EXT,riesgo,satisfacción,,,E2019JJJ4915,NA,NA,0.775,riesgos_externos.csv,Encuestas a empleadores,Valor directo de columna satisfacción,2026-06-15 21:15:50,fca83e77-1ed1-4030-a113-08ad3f9b96f5,1.0
RE23_empleabilidad,RIESGO_EXT,riesgo,empleabilidad,,,E2019XLJ9806,NA,NA,0.687,riesgos_externos.csv,Encuestas a empleadores,Valor directo de columna empleabilidad,2026-06-15 21:15:50,fca83e77-1ed1-4030-a113-08ad3f9b96f5,1.0
RE23_satisfacción,RIESGO_EXT,riesgo,satisfacción,,,E2019XLJ9806,NA,NA,0.574,riesgos_externos.csv,Encuestas a empleadores,Valor directo de columna satisfacción,2026-06-15 21:15:50,fca83e77-1ed1-4030-a113-08ad3f9b96f5,1.0
RE24_empleabilidad,RIESGO_EXT,riesgo,empleabilidad,,,E2019XBI1587,NA,NA,0.904,riesgos_externos.csv,Encuestas a empleadores,Valor directo de columna empleabilidad,2026-06-15 21:15:50,fca83e77-1ed1-4030-a113-08ad3f9b96f5,1.0
RE24_satisfacción,RIESGO_EXT,riesgo,satisfacción,,,E2019XBI1587,NA,NA,0.794,riesgos_externos.csv,Encuestas a empleadores,Valor directo de columna satisfacción,2026-06-15 21:15:50,fca83e77-1ed1-4030-a113-08ad3f9b96f5,1.0
RE25_empleabilidad,RIESGO_EXT,riesgo,empleabilidad,,,E2019DXW4824,NA,NA,0.918,riesgos_externos.csv,Encuestas a empleadores,Valor directo de columna empleabilidad,2026-06-15 21:15:50,fca83e77-1ed1-4030-a113-08ad3f9b96f5,1.0
RE25_satisfacción,RIESGO_EXT,riesgo,satisfacción,,,E2019DXW4824,NA,NA,0.968,riesgos_externos.csv,Encuestas a empleadores,Valor directo de columna satisfacción,2026-06-15 21:15:50,fca83e77-1ed1-4030-a113-08ad3f9b96f5,1.0
RE26_empleabilidad,RIESGO_EXT,riesgo,empleabilidad,,,E2019PRO1104,NA,NA,0.82,riesgos_externos.csv,Encuestas a empleadores,Valor directo de columna empleabilidad,2026-06-15 21:15:50,fca83e77-1ed1-4030-a113-08ad3f9b96f5,1.0
RE26_satisfacción,RIESGO_EXT,riesgo,satisfacción,,,E2019PRO1104,NA,NA,0.845,riesgos_externos.csv,Encuestas a empleadores,Valor directo de columna satisfacción,2026-06-15 21:15:50,fca83e77-1ed1-4030-a113-08ad3f9b96f5,1.0
RE27_empleabilidad,RIESGO_EXT,riesgo,empleabilidad,,,E2019RRD9919,NA,NA,0.769,riesgos_externos.csv,Encuestas a empleadores,Valor directo de columna empleabilidad,2026-06-15 21:15:50,fca83e77-1ed1-4030-a113-08ad3f9b96f5,1.0
RE27_satisfacción,RIESGO_EXT,riesgo,satisfacción,,,E2019RRD9919,NA,NA,0.598,riesgos_externos.csv,Encuestas a empleadores,Valor directo de columna satisfacción,2026-06-15 21:15:50,fca83e77-1ed1-4030-a113-08ad3f9b96f5,1.0
RE28_empleabilidad,RIESGO_EXT,riesgo,empleabilidad,,,E2019XHI0340,NA,NA,0.719,riesgos_externos.csv,Encuestas a empleadores,Valor directo de columna empleabilidad,2026-06-15 21:15:50,fca83e77-1ed1-4030-a113-08ad3f9b96f5,1.0
RE28_satisfacción,RIESGO_EXT,riesgo,satisfacción,,,E2019XHI0340,NA,NA,0.88,riesgos_externos.csv,Encuestas a empleadores,Valor directo de columna satisfacción,2026-06-15 21:15:50,fca83e77-1ed1-4030-a113-08ad3f9b96f5,1.0
RE29_empleabilidad,RIESGO_EXT,riesgo,empleabilidad,,,E2019XWX6841,NA,NA,0.777,riesgos_externos.csv,Encuestas a empleadores,Valor directo de columna empleabilidad,2026-06-15 21:15:50,fca83e77-1ed1-4030-a113-08ad3f9b96f5,1.0
RE29_satisfacción,RIESGO_EXT,riesgo,satisfacción,,,E2019XWX6841,NA,NA,0.828,riesgos_externos.csv,Encuestas a empleadores,Valor directo de columna satisfacción,2026-06-15 21:15:50,fca83e77-1ed1-4030-a113-08ad3f9b96f5,1.0
RE30_empleabilidad,RIESGO_EXT,riesgo,empleabilidad,,,E2019YON6306,NA,NA,0.764,riesgos_externos.csv,Encuestas a empleadores,Valor directo de columna empleabilidad,2026-06-15 21:15:50,fca83e77-1ed1-4030-a113-08ad3f9b96f5,1.0
RE30_satisfacción,RIESGO_EXT,riesgo,satisfacción,,,E2019YON6306,NA,NA,0.751,riesgos_externos.csv,Encuestas a empleadores,Valor directo de columna satisfacción,2026-06-15 21:15:50,fca83e77-1ed1-4030-a113-08ad3f9b96f5,1.0
RE31_empleabilidad,RIESGO_EXT,riesgo,empleabilidad,,,E2019OKM0061,NA,NA,0.86,riesgos_externos.csv,Encuestas a empleadores,Valor directo de columna empleabilidad,2026-06-15 21:15:50,fca83e77-1ed1-4030-a113-08ad3f9b96f5,1.0
RE31_satisfacción,RIESGO_EXT,riesgo,satisfacción,,,E2019OKM0061,NA,NA,0.57,riesgos_externos.csv,Encuestas a empleadores,Valor directo de columna satisfacción,2026-06-15 21:15:50,fca83e77-1ed1-4030-a113-08ad3f9b96f5,1.0
RE32_empleabilidad,RIESGO_EXT,riesgo,empleabilidad,,,E2019EZV1191,NA,NA,0.793,riesgos_externos.csv,Encuestas a empleadores,Valor directo de columna empleabilidad,2026-06-15 21:15:50,fca83e77-1ed1-4030-a113-08ad3f9b96f5,1.0
RE32_satisfacción,RIESGO_EXT,riesgo,satisfacción,,,E2019EZV1191,NA,NA,0.989,riesgos_externos.csv,Encuestas a empleadores,Valor directo de columna satisfacción,2026-06-15 21:15:50,fca83e77-1ed1-4030-a113-08ad3f9b96f5,1.0
RE33_empleabilidad,RIESGO_EXT,riesgo,empleabilidad,,,E2019XNO2063,NA,NA,0.774,riesgos_externos.csv,Encuestas a empleadores,Valor directo de columna empleabilidad,2026-06-15 21:15:50,fca83e77-1ed1-4030-a113-08ad3f9b96f5,1.0
RE33_satisfacción,RIESGO_EXT,riesgo,satisfacción,,,E2019XNO2063,NA,NA,0.753,riesgos_externos.csv,Encuestas a empleadores,Valor directo de columna satisfacción,2026-06-15 21:15:50,fca83e77-1ed1-4030-a113-08ad3f9b96f5,1.0
RE34_empleabilidad,RIESGO_EXT,riesgo,empleabilidad,,,E2019DGT4077,NA,NA,0.958,riesgos_externos.csv,Encuestas a empleadores,Valor directo de columna empleabilidad,2026-06-15 21:15:50,fca83e77-1ed1-4030-a113-08ad3f9b96f5,1.0
RE34_satisfacción,RIESGO_EXT,riesgo,satisfacción,,,E2019DGT4077,NA,NA,0.748,riesgos_externos.csv,Encuestas a empleadores,Valor directo de columna satisfacción,2026-06-15 21:15:50,fca83e77-1ed1-4030-a113-08ad3f9b96f5,1.0
RE35_empleabilidad,RIESGO_EXT,riesgo,empleabilidad,,,E2019BJR3003,NA,NA,0.758,riesgos_externos.csv,Encuestas a empleadores,Valor directo de columna empleabilidad,2026-06-15 21:15:50,fca83e77-1ed1-4030-a113-08ad3f9b96f5,1.0
RE35_satisfacción,RIESGO_EXT,riesgo,satisfacción,,,E2019BJR3003,NA,NA,0.836,riesgos_externos.csv,Encuestas a empleadores,Valor directo de columna satisfacción,2026-06-15 21:15:50,fca83e77-1ed1-4030-a113-08ad3f9b96f5,1.0
RE36_empleabilidad,RIESGO_EXT,riesgo,empleabilidad,,,E2020BML6772,NA,NA,0.848,riesgos_externos.csv,Encuestas a empleadores,Valor directo de columna empleabilidad,2026-06-15 21:15:50,fca83e77-1ed1-4030-a113-08ad3f9b96f5,1.0
RE36_satisfacción,RIESGO_EXT,riesgo,satisfacción,,,E2020BML6772,NA,NA,0.916,riesgos_externos.csv,Encuestas a empleadores,Valor directo de columna satisfacción,2026-06-15 21:15:50,fca83e77-1ed1-4030-a113-08ad3f9b96f5,1.0
RE37_empleabilidad,RIESGO_EXT,riesgo,empleabilidad,,,E2020BTW1281,NA,NA,0.75,riesgos_externos.csv,Encuestas a empleadores,Valor directo de columna empleabilidad,2026-06-15 21:15:50,fca83e77-1ed1-4030-a113-08ad3f9b96f5,1.0
RE37_satisfacción,RIESGO_EXT,riesgo,satisfacción,,,E2020BTW1281,NA,NA,0.689,riesgos_externos.csv,Encuestas a empleadores,Valor directo de columna satisfacción,2026-06-15 21:15:50,fca83e77-1ed1-4030-a113-08ad3f9b96f5,1.0
RE38_empleabilidad,RIESGO_EXT,riesgo,empleabilidad,,,E2020TQC8965,NA,NA,0.823,riesgos_externos.csv,Encuestas a empleadores,Valor directo de columna empleabilidad,2026-06-15 21:15:50,fca83e77-1ed1-4030-a113-08ad3f9b96f5,1.0
RE38_satisfacción,RIESGO_EXT,riesgo,satisfacción,,,E2020TQC8965,NA,NA,0.807,riesgos_externos.csv,Encuestas a empleadores,Valor directo de columna satisfacción,2026-06-15 21:15:50,fca83e77-1ed1-4030-a113-08ad3f9b96f5,1.0
RE39_empleabilidad,RIESGO_EXT,riesgo,empleabilidad,,,E2020PCI0688,NA,NA,0.862,riesgos_externos.csv,Encuestas a empleadores,Valor directo de columna empleabilidad,2026-06-15 21:15:50,fca83e77-1ed1-4030-a113-08ad3f9b96f5,1.0
RE39_satisfacción,RIESGO_EXT,riesgo,satisfacción,,,E2020PCI0688,NA,NA,0.92,riesgos_externos.csv,Encuestas a empleadores,Valor directo de columna satisfacción,2026-06-15 21:15:50,fca83e77-1ed1-4030-a113-08ad3f9b96f5,1.0
RE40_empleabilidad,RIESGO_EXT,riesgo,empleabilidad,,,E2020IJR7991,NA,NA,0.879,riesgos_externos.csv,Encuestas a empleadores,Valor directo de columna empleabilidad,2026-06-15 21:15:50,fca83e77-1ed1-4030-a113-08ad3f9b96f5,1.0
RE40_satisfacción,RIESGO_EXT,riesgo,satisfacción,,,E2020IJR7991,NA,NA,0.724,riesgos_externos.csv,Encuestas a empleadores,Valor directo de columna satisfacción,2026-06-15 21:15:50,fca83e77-1ed1-4030-a113-08ad3f9b96f5,1.0
RE41_empleabilidad,RIESGO_EXT,riesgo,empleabilidad,,,E2020LNJ0384,NA,NA,0.809,riesgos_externos.csv,Encuestas a empleadores,Valor directo de columna empleabilidad,2026-06-15 21:15:50,fca83e77-1ed1-4030-a113-08ad3f9b96f5,1.0
RE41_satisfacción,RIESGO_EXT,riesgo,satisfacción,,,E2020LNJ0384,NA,NA,0.553,riesgos_externos.csv,Encuestas a empleadores,Valor directo de columna satisfacción,2026-06-15 21:15:50,fca83e77-1ed1-4030-a113-08ad3f9b96f5,1.0
RE42_empleabilidad,RIESGO_EXT,riesgo,empleabilidad,,,E2020XBV5273,NA,NA,0.743,riesgos_externos.csv,Encuestas a empleadores,Valor directo de columna empleabilidad,2026-06-15 21:15:50,fca83e77-1ed1-4030-a113-08ad3f9b96f5,1.0
RE42_satisfacción,RIESGO_EXT,riesgo,satisfacción,,,E2020XBV5273,NA,NA,0.557,riesgos_externos.csv,Encuestas a empleadores,Valor directo de columna satisfacción,2026-06-15 21:15:50,fca83e77-1ed1-4030-a113-08ad3f9b96f5,1.0
RE43_empleabilidad,RIESGO_EXT,riesgo,empleabilidad,,,E2020HQM1054,NA,NA,0.951,riesgos_externos.csv,Encuestas a empleadores,Valor directo de columna empleabilidad,2026-06-15 21:15:50,fca83e77-1ed1-4030-a113-08ad3f9b96f5,1.0
RE43_satisfacción,RIESGO_EXT,riesgo,satisfacción,,,E2020HQM1054,NA,NA,0.779,riesgos_externos.csv,Encuestas a empleadores,Valor directo de columna satisfacción,2026-06-15 21:15:50,fca83e77-1ed1-4030-a113-08ad3f9b96f5,1.0
RE44_empleabilidad,RIESGO_EXT,riesgo,empleabilidad,,,E2020TZG2180,NA,NA,0.987,riesgos_externos.csv,Encuestas a empleadores,Valor directo de columna empleabilidad,2026-06-15 21:15:50,fca83e77-1ed1-4030-a113-08ad3f9b96f5,1.0
RE44_satisfacción,RIESGO_EXT,riesgo,satisfacción,,,E2020TZG2180,NA,NA,0.707,riesgos_externos.csv,Encuestas a empleadores,Valor directo de columna satisfacción,2026-06-15 21:15:50,fca83e77-1ed1-4030-a113-08ad3f9b96f5,1.0
RE45_empleabilidad,RIESGO_EXT,riesgo,empleabilidad,,,E2020MKG3770,NA,NA,0.714,riesgos_externos.csv,Encuestas a empleadores,Valor directo de columna empleabilidad,2026-06-15 21:15:50,fca83e77-1ed1-4030-a113-08ad3f9b96f5,1.0
RE45_satisfacción,RIESGO_EXT,riesgo,satisfacción,,,E2020MKG3770,NA,NA,0.664,riesgos_externos.csv,Encuestas a empleadores,Valor directo de columna satisfacción,2026-06-15 21:15:50,fca83e77-1ed1-4030-a113-08ad3f9b96f5,1.0
RE46_empleabilidad,RIESGO_EXT,riesgo,empleabilidad,,,E2020TKA3824,NA,NA,0.735,riesgos_externos.csv,Encuestas a empleadores,Valor directo de columna empleabilidad,2026-06-15 21:15:50,fca83e77-1ed1-4030-a113-08ad3f9b96f5,1.0
RE46_satisfacción,RIESGO_EXT,riesgo,satisfacción,,,E2020TKA3824,NA,NA,0.673,riesgos_externos.csv,Encuestas a empleadores,Valor directo de columna satisfacción,2026-06-15 21:15:50,fca83e77-1ed1-4030-a113-08ad3f9b96f5,1.0
RE47_empleabilidad,RIESGO_EXT,riesgo,empleabilidad,,,E2020WAY8699,NA,NA,0.659,riesgos_externos.csv,Encuestas a empleadores,Valor directo de columna empleabilidad,2026-06-15 21:15:50,fca83e77-1ed1-4030-a113-08ad3f9b96f5,1.0
RE47_satisfacción,RIESGO_EXT,riesgo,satisfacción,,,E2020WAY8699,NA,NA,0.627,riesgos_externos.csv,Encuestas a empleadores,Valor directo de columna satisfacción,2026-06-15 21:15:50,fca83e77-1ed1-4030-a113-08ad3f9b96f5,1.0
RE48_empleabilidad,RIESGO_EXT,riesgo,empleabilidad,,,E2020VDL1673,NA,NA,0.784,riesgos_externos.csv,Encuestas a empleadores,Valor directo de columna empleabilidad,2026-06-15 21:15:50,fca83e77-1ed1-4030-a113-08ad3f9b96f5,1.0
RE48_satisfacción,RIESGO_EXT,riesgo,satisfacción,,,E2020VDL1673,NA,NA,0.999,riesgos_externos.csv,Encuestas a empleadores,Valor directo de columna satisfacción,2026-06-15 21:15:50,fca83e77-1ed1-4030-a113-08ad3f9b96f5,1.0
RE49_empleabilidad,RIESGO_EXT,riesgo,empleabilidad,,,E2020CQW1209,NA,NA,0.831,riesgos_externos.csv,Encuestas a empleadores,Valor directo de columna empleabilidad,2026-06-15 21:15:50,fca83e77-1ed1-4030-a113-08ad3f9b96f5,1.0
RE49_satisfacción,RIESGO_EXT,riesgo,satisfacción,,,E2020CQW1209,NA,NA,0.742,riesgos_externos.csv,Encuestas a empleadores,Valor directo de columna satisfacción,2026-06-15 21:15:50,fca83e77-1ed1-4030-a113-08ad3f9b96f5,1.0
RE50_empleabilidad,RIESGO_EXT,riesgo,empleabilidad,,,E2020IIX4308,NA,NA,0.906,riesgos_externos.csv,Encuestas a empleadores,Valor directo de columna empleabilidad,2026-06-15 21:15:50,fca83e77-1ed1-4030-a113-08ad3f9b96f5,1.0
RE50_satisfacción,RIESGO_EXT,riesgo,satisfacción,,,E2020IIX4308,NA,NA,0.955,riesgos_externos.csv,Encuestas a empleadores,Valor directo de columna satisfacción,2026-06-15 21:15:50,fca83e77-1ed1-4030-a113-08ad3f9b96f5,1.0
RE51_empleabilidad,RIESGO_EXT,riesgo,empleabilidad,,,E2020ZIE0696,NA,NA,0.616,riesgos_externos.csv,Encuestas a empleadores,Valor directo de columna empleabilidad,2026-06-15 21:15:50,fca83e77-1ed1-4030-a113-08ad3f9b96f5,1.0
RE51_satisfacción,RIESGO_EXT,riesgo,satisfacción,,,E2020ZIE0696,NA,NA,0.74,riesgos_externos.csv,Encuestas a empleadores,Valor directo de columna satisfacción,2026-06-15 21:15:50,fca83e77-1ed1-4030-a113-08ad3f9b96f5,1.0
RE52_empleabilidad,RIESGO_EXT,riesgo,empleabilidad,,,E2020FWK7615,NA,NA,0.768,riesgos_externos.csv,Encuestas a empleadores,Valor directo de columna empleabilidad,2026-06-15 21:15:50,fca83e77-1ed1-4030-a113-08ad3f9b96f5,1.0
RE52_satisfacción,RIESGO_EXT,riesgo,satisfacción,,,E2020FWK7615,NA,NA,0.666,riesgos_externos.csv,Encuestas a empleadores,Valor directo de columna satisfacción,2026-06-15 21:15:50,fca83e77-1ed1-4030-a113-08ad3f9b96f5,1.0
RE53_empleabilidad,RIESGO_EXT,riesgo,empleabilidad,,,E2020VTA0715,NA,NA,0.897,riesgos_externos.csv,Encuestas a empleadores,Valor directo de columna empleabilidad,2026-06-15 21:15:50,fca83e77-1ed1-4030-a113-08ad3f9b96f5,1.0
RE53_satisfacción,RIESGO_EXT,riesgo,satisfacción,,,E2020VTA0715,NA,NA,0.679,riesgos_externos.csv,Encuestas a empleadores,Valor directo de columna satisfacción,2026-06-15 21:15:50,fca83e77-1ed1-4030-a113-08ad3f9b96f5,1.0
RE54_empleabilidad,RIESGO_EXT,riesgo,empleabilidad,,,E2020PRV4478,NA,NA,0.911,riesgos_externos.csv,Encuestas a empleadores,Valor directo de columna empleabilidad,2026-06-15 21:15:50,fca83e77-1ed1-4030-a113-08ad3f9b96f5,1.0
RE54_satisfacción,RIESGO_EXT,riesgo,satisfacción,,,E2020PRV4478,NA,NA,0.833,riesgos_externos.csv,Encuestas a empleadores,Valor directo de columna satisfacción,2026-06-15 21:15:50,fca83e77-1ed1-4030-a113-08ad3f9b96f5,1.0
RE55_empleabilidad,RIESGO_EXT,riesgo,empleabilidad,,,E2020CJN2865,NA,NA,0.813,riesgos_externos.csv,Encuestas a empleadores,Valor directo de columna empleabilidad,2026-06-15 21:15:50,fca83e77-1ed1-4030-a113-08ad3f9b96f5,1.0
RE55_satisfacción,RIESGO_EXT,riesgo,satisfacción,,,E2020CJN2865,NA,NA,0.82,riesgos_externos.csv,Encuestas a empleadores,Valor directo de columna satisfacción,2026-06-15 21:15:50,fca83e77-1ed1-4030-a113-08ad3f9b96f5,1.0
RE56_empleabilidad,RIESGO_EXT,riesgo,empleabilidad,,,E2020MDI3297,NA,NA,0.762,riesgos_externos.csv,Encuestas a empleadores,Valor directo de columna empleabilidad,2026-06-15 21:15:50,fca83e77-1ed1-4030-a113-08ad3f9b96f5,1.0
RE56_satisfacción,RIESGO_EXT,riesgo,satisfacción,,,E2020MDI3297,NA,NA,0.658,riesgos_externos.csv,Encuestas a empleadores,Valor directo de columna satisfacción,2026-06-15 21:15:50,fca83e77-1ed1-4030-a113-08ad3f9b96f5,1.0
RE57_empleabilidad,RIESGO_EXT,riesgo,empleabilidad,,,E2020SZK6128,NA,NA,0.909,riesgos_externos.csv,Encuestas a empleadores,Valor directo de columna empleabilidad,2026-06-15 21:15:50,fca83e77-1ed1-4030-a113-08ad3f9b96f5,1.0
RE57_satisfacción,RIESGO_EXT,riesgo,satisfacción,,,E2020SZK6128,NA,NA,0.722,riesgos_externos.csv,Encuestas a empleadores,Valor directo de columna satisfacción,2026-06-15 21:15:50,fca83e77-1ed1-4030-a113-08ad3f9b96f5,1.0
RE58_empleabilidad,RIESGO_EXT,riesgo,empleabilidad,,,E2020ROJ1411,NA,NA,0.962,riesgos_externos.csv,Encuestas a empleadores,Valor directo de columna empleabilidad,2026-06-15 21:15:50,fca83e77-1ed1-4030-a113-08ad3f9b96f5,1.0
RE58_satisfacción,RIESGO_EXT,riesgo,satisfacción,,,E2020ROJ1411,NA,NA,0.945,riesgos_externos.csv,Encuestas a empleadores,Valor directo de columna satisfacción,2026-06-15 21:15:50,fca83e77-1ed1-4030-a113-08ad3f9b96f5,1.0
RE59_empleabilidad,RIESGO_EXT,riesgo,empleabilidad,,,E2020BSO7779,NA,NA,0.734,riesgos_externos.csv,Encuestas a empleadores,Valor directo de columna empleabilidad,2026-06-15 21:15:50,fca83e77-1ed1-4030-a113-08ad3f9b96f5,1.0
RE59_satisfacción,RIESGO_EXT,riesgo,satisfacción,,,E2020BSO7779,NA,NA,0.862,riesgos_externos.csv,Encuestas a empleadores,Valor directo de columna satisfacción,2026-06-15 21:15:50,fca83e77-1ed1-4030-a113-08ad3f9b96f5,1.0
RE60_empleabilidad,RIESGO_EXT,riesgo,empleabilidad,,,E2020VPM6576,NA,NA,0.857,riesgos_externos.csv,Encuestas a empleadores,Valor directo de columna empleabilidad,2026-06-15 21:15:50,fca83e77-1ed1-4030-a113-08ad3f9b96f5,1.0
RE60_satisfacción,RIESGO_EXT,riesgo,satisfacción,,,E2020VPM6576,NA,NA,0.631,riesgos_externos.csv,Encuestas a empleadores,Valor directo de columna satisfacción,2026-06-15 21:15:50,fca83e77-1ed1-4030-a113-08ad3f9b96f5,1.0
RE61_empleabilidad,RIESGO_EXT,riesgo,empleabilidad,,,E2020WXM0095,NA,NA,0.859,riesgos_externos.csv,Encuestas a empleadores,Valor directo de columna empleabilidad,2026-06-15 21:15:50,fca83e77-1ed1-4030-a113-08ad3f9b96f5,1.0
RE61_satisfacción,RIESGO_EXT,riesgo,satisfacción,,,E2020WXM0095,NA,NA,0.787,riesgos_externos.csv,Encuestas a empleadores,Valor directo de columna satisfacción,2026-06-15 21:15:50,fca83e77-1ed1-4030-a113-08ad3f9b96f5,1.0
RE62_empleabilidad,RIESGO_EXT,riesgo,empleabilidad,,,E2020WXE1451,NA,NA,0.697,riesgos_externos.csv,Encuestas a empleadores,Valor directo de columna empleabilidad,2026-06-15 21:15:50,fca83e77-1ed1-4030-a113-08ad3f9b96f5,1.0
RE62_satisfacción,RIESGO_EXT,riesgo,satisfacción,,,E2020WXE1451,NA,NA,0.845,riesgos_externos.csv,Encuestas a empleadores,Valor directo de columna satisfacción,2026-06-15 21:15:50,fca83e77-1ed1-4030-a113-08ad3f9b96f5,1.0
RE63_empleabilidad,RIESGO_EXT,riesgo,empleabilidad,,,E2020CAJ0290,NA,NA,0.699,riesgos_externos.csv,Encuestas a empleadores,Valor directo de columna empleabilidad,2026-06-15 21:15:50,fca83e77-1ed1-4030-a113-08ad3f9b96f5,1.0
RE63_satisfacción,RIESGO_EXT,riesgo,satisfacción,,,E2020CAJ0290,NA,NA,0.898,riesgos_externos.csv,Encuestas a empleadores,Valor directo de columna satisfacción,2026-06-15 21:15:50,fca83e77-1ed1-4030-a113-08ad3f9b96f5,1.0
RE64_empleabilidad,RIESGO_EXT,riesgo,empleabilidad,,,E2020SKV2713,NA,NA,0.754,riesgos_externos.csv,Encuestas a empleadores,Valor directo de columna empleabilidad,2026-06-15 21:15:50,fca83e77-1ed1-4030-a113-08ad3f9b96f5,1.0
RE64_satisfacción,RIESGO_EXT,riesgo,satisfacción,,,E2020SKV2713,NA,NA,0.691,riesgos_externos.csv,Encuestas a empleadores,Valor directo de columna satisfacción,2026-06-15 21:15:50,fca83e77-1ed1-4030-a113-08ad3f9b96f5,1.0
RE65_empleabilidad,RIESGO_EXT,riesgo,empleabilidad,,,E2020NTY4732,NA,NA,0.827,riesgos_externos.csv,Encuestas a empleadores,Valor directo de columna empleabilidad,2026-06-15 21:15:50,fca83e77-1ed1-4030-a113-08ad3f9b96f5,1.0
RE65_satisfacción,RIESGO_EXT,riesgo,satisfacción,,,E2020NTY4732,NA,NA,0.713,riesgos_externos.csv,Encuestas a empleadores,Valor directo de columna satisfacción,2026-06-15 21:15:50,fca83e77-1ed1-4030-a113-08ad3f9b96f5,1.0
RE66_empleabilidad,RIESGO_EXT,riesgo,empleabilidad,,,E2020LKV2755,NA,NA,0.991,riesgos_externos.csv,Encuestas a empleadores,Valor directo de columna empleabilidad,2026-06-15 21:15:50,fca83e77-1ed1-4030-a113-08ad3f9b96f5,1.0
RE66_satisfacción,RIESGO_EXT,riesgo,satisfacción,,,E2020LKV2755,NA,NA,0.849,riesgos_externos.csv,Encuestas a empleadores,Valor directo de columna satisfacción,2026-06-15 21:15:50,fca83e77-1ed1-4030-a113-08ad3f9b96f5,1.0
RE67_empleabilidad,RIESGO_EXT,riesgo,empleabilidad,,,E2020TDN2258,NA,NA,0.838,riesgos_externos.csv,Encuestas a empleadores,Valor directo de columna empleabilidad,2026-06-15 21:15:50,fca83e77-1ed1-4030-a113-08ad3f9b96f5,1.0
RE67_satisfacción,RIESGO_EXT,riesgo,satisfacción,,,E2020TDN2258,NA,NA,0.579,riesgos_externos.csv,Encuestas a empleadores,Valor directo de columna satisfacción,2026-06-15 21:15:50,fca83e77-1ed1-4030-a113-08ad3f9b96f5,1.0
RE68_empleabilidad,RIESGO_EXT,riesgo,empleabilidad,,,E2020ETZ5147,NA,NA,0.803,riesgos_externos.csv,Encuestas a empleadores,Valor directo de columna empleabilidad,2026-06-15 21:15:50,fca83e77-1ed1-4030-a113-08ad3f9b96f5,1.0
RE68_satisfacción,RIESGO_EXT,riesgo,satisfacción,,,E2020ETZ5147,NA,NA,0.677,riesgos_externos.csv,Encuestas a empleadores,Valor directo de columna satisfacción,2026-06-15 21:15:50,fca83e77-1ed1-4030-a113-08ad3f9b96f5,1.0
RE69_empleabilidad,RIESGO_EXT,riesgo,empleabilidad,,,E2020AQG5442,NA,NA,0.669,riesgos_externos.csv,Encuestas a empleadores,Valor directo de columna empleabilidad,2026-06-15 21:15:50,fca83e77-1ed1-4030-a113-08ad3f9b96f5,1.0
RE69_satisfacción,RIESGO_EXT,riesgo,satisfacción,,,E2020AQG5442,NA,NA,0.709,riesgos_externos.csv,Encuestas a empleadores,Valor directo de columna satisfacción,2026-06-15 21:15:50,fca83e77-1ed1-4030-a113-08ad3f9b96f5,1.0
RE70_empleabilidad,RIESGO_EXT,riesgo,empleabilidad,,,E2020TVW4214,NA,NA,0.825,riesgos_externos.csv,Encuestas a empleadores,Valor directo de columna empleabilidad,2026-06-15 21:15:50,fca83e77-1ed1-4030-a113-08ad3f9b96f5,1.0
RE70_satisfacción,RIESGO_EXT,riesgo,satisfacción,,,E2020TVW4214,NA,NA,0.962,riesgos_externos.csv,Encuestas a empleadores,Valor directo de columna satisfacción,2026-06-15 21:15:50,fca83e77-1ed1-4030-a113-08ad3f9b96f5,1.0
RE71_empleabilidad,RIESGO_EXT,riesgo,empleabilidad,,,E2021KFZ6006,NA,NA,0.808,riesgos_externos.csv,Encuestas a empleadores,Valor directo de columna empleabilidad,2026-06-15 21:15:50,fca83e77-1ed1-4030-a113-08ad3f9b96f5,1.0
RE71_satisfacción,RIESGO_EXT,riesgo,satisfacción,,,E2021KFZ6006,NA,NA,0.722,riesgos_externos.csv,Encuestas a empleadores,Valor directo de columna satisfacción,2026-06-15 21:15:50,fca83e77-1ed1-4030-a113-08ad3f9b96f5,1.0
RE72_empleabilidad,RIESGO_EXT,riesgo,empleabilidad,,,E2021HQJ9543,NA,NA,0.866,riesgos_externos.csv,Encuestas a empleadores,Valor directo de columna empleabilidad,2026-06-15 21:15:50,fca83e77-1ed1-4030-a113-08ad3f9b96f5,1.0
RE72_satisfacción,RIESGO_EXT,riesgo,satisfacción,,,E2021HQJ9543,NA,NA,0.642,riesgos_externos.csv,Encuestas a empleadores,Valor directo de columna satisfacción,2026-06-15 21:15:50,fca83e77-1ed1-4030-a113-08ad3f9b96f5,1.0
RE73_empleabilidad,RIESGO_EXT,riesgo,empleabilidad,,,E2021TGU9301,NA,NA,0.746,riesgos_externos.csv,Encuestas a empleadores,Valor directo de columna empleabilidad,2026-06-15 21:15:50,fca83e77-1ed1-4030-a113-08ad3f9b96f5,1.0
RE73_satisfacción,RIESGO_EXT,riesgo,satisfacción,,,E2021TGU9301,NA,NA,0.72,riesgos_externos.csv,Encuestas a empleadores,Valor directo de columna satisfacción,2026-06-15 21:15:50,fca83e77-1ed1-4030-a113-08ad3f9b96f5,1.0
RE74_empleabilidad,RIESGO_EXT,riesgo,empleabilidad,,,E2021EQH3045,NA,NA,0.752,riesgos_externos.csv,Encuestas a empleadores,Valor directo de columna empleabilidad,2026-06-15 21:15:50,fca83e77-1ed1-4030-a113-08ad3f9b96f5,1.0
RE74_satisfacción,RIESGO_EXT,riesgo,satisfacción,,,E2021EQH3045,NA,NA,0.662,riesgos_externos.csv,Encuestas a empleadores,Valor directo de columna satisfacción,2026-06-15 21:15:50,fca83e77-1ed1-4030-a113-08ad3f9b96f5,1.0
RE75_empleabilidad,RIESGO_EXT,riesgo,empleabilidad,,,E2021RPY6207,NA,NA,0.689,riesgos_externos.csv,Encuestas a empleadores,Valor directo de columna empleabilidad,2026-06-15 21:15:50,fca83e77-1ed1-4030-a113-08ad3f9b96f5,1.0
RE75_satisfacción,RIESGO_EXT,riesgo,satisfacción,,,E2021RPY6207,NA,NA,0.884,riesgos_externos.csv,Encuestas a empleadores,Valor directo de columna satisfacción,2026-06-15 21:15:50,fca83e77-1ed1-4030-a113-08ad3f9b96f5,1.0
RE76_empleabilidad,RIESGO_EXT,riesgo,empleabilidad,,,E2021EKX7179,NA,NA,1.0,riesgos_externos.csv,Encuestas a empleadores,Valor directo de columna empleabilidad,2026-06-15 21:15:50,fca83e77-1ed1-4030-a113-08ad3f9b96f5,1.0
RE76_satisfacción,RIESGO_EXT,riesgo,satisfacción,,,E2021EKX7179,NA,NA,0.621,riesgos_externos.csv,Encuestas a empleadores,Valor directo de columna satisfacción,2026-06-15 21:15:50,fca83e77-1ed1-4030-a113-08ad3f9b96f5,1.0
RE77_empleabilidad,RIESGO_EXT,riesgo,empleabilidad,,,E2021ZOM4462,NA,NA,0.879,riesgos_externos.csv,Encuestas a empleadores,Valor directo de columna empleabilidad,2026-06-15 21:15:50,fca83e77-1ed1-4030-a113-08ad3f9b96f5,1.0
RE77_satisfacción,RIESGO_EXT,riesgo,satisfacción,,,E2021ZOM4462,NA,NA,0.778,riesgos_externos.csv,Encuestas a empleadores,Valor directo de columna satisfacción,2026-06-15 21:15:50,fca83e77-1ed1-4030-a113-08ad3f9b96f5,1.0
RE78_empleabilidad,RIESGO_EXT,riesgo,empleabilidad,,,E2021BZC7557,NA,NA,0.788,riesgos_externos.csv,Encuestas a empleadores,Valor directo de columna empleabilidad,2026-06-15 21:15:50,fca83e77-1ed1-4030-a113-08ad3f9b96f5,1.0
RE78_satisfacción,RIESGO_EXT,riesgo,satisfacción,,,E2021BZC7557,NA,NA,0.351,riesgos_externos.csv,Encuestas a empleadores,Valor directo de columna satisfacción,2026-06-15 21:15:50,fca83e77-1ed1-4030-a113-08ad3f9b96f5,1.0
RE79_empleabilidad,RIESGO_EXT,riesgo,empleabilidad,,,E2021LXN1780,NA,NA,0.85,riesgos_externos.csv,Encuestas a empleadores,Valor directo de columna empleabilidad,2026-06-15 21:15:50,fca83e77-1ed1-4030-a113-08ad3f9b96f5,1.0
RE79_satisfacción,RIESGO_EXT,riesgo,satisfacción,,,E2021LXN1780,NA,NA,0.773,riesgos_externos.csv,Encuestas a empleadores,Valor directo de columna satisfacción,2026-06-15 21:15:50,fca83e77-1ed1-4030-a113-08ad3f9b96f5,1.0
RE80_empleabilidad,RIESGO_EXT,riesgo,empleabilidad,,,E2021BDG6641,NA,NA,0.831,riesgos_externos.csv,Encuestas a empleadores,Valor directo de columna empleabilidad,2026-06-15 21:15:50,fca83e77-1ed1-4030-a113-08ad3f9b96f5,1.0
RE80_satisfacción,RIESGO_EXT,riesgo,satisfacción,,,E2021BDG6641,NA,NA,0.741,riesgos_externos.csv,Encuestas a empleadores,Valor directo de columna satisfacción,2026-06-15 21:15:50,fca83e77-1ed1-4030-a113-08ad3f9b96f5,1.0
RE81_empleabilidad,RIESGO_EXT,riesgo,empleabilidad,,,E2021EWT3945,NA,NA,1.0,riesgos_externos.csv,Encuestas a empleadores,Valor directo de columna empleabilidad,2026-06-15 21:15:50,fca83e77-1ed1-4030-a113-08ad3f9b96f5,1.0
RE81_satisfacción,RIESGO_EXT,riesgo,satisfacción,,,E2021EWT3945,NA,NA,0.854,riesgos_externos.csv,Encuestas a empleadores,Valor directo de columna satisfacción,2026-06-15 21:15:50,fca83e77-1ed1-4030-a113-08ad3f9b96f5,1.0
RE82_empleabilidad,RIESGO_EXT,riesgo,empleabilidad,,,E2021HMQ4105,NA,NA,0.842,riesgos_externos.csv,Encuestas a empleadores,Valor directo de columna empleabilidad,2026-06-15 21:15:50,fca83e77-1ed1-4030-a113-08ad3f9b96f5,1.0
RE82_satisfacción,RIESGO_EXT,riesgo,satisfacción,,,E2021HMQ4105,NA,NA,0.806,riesgos_externos.csv,Encuestas a empleadores,Valor directo de columna satisfacción,2026-06-15 21:15:50,fca83e77-1ed1-4030-a113-08ad3f9b96f5,1.0
RE83_empleabilidad,RIESGO_EXT,riesgo,empleabilidad,,,E2021HMD1796,NA,NA,0.853,riesgos_externos.csv,Encuestas a empleadores,Valor directo de columna empleabilidad,2026-06-15 21:15:50,fca83e77-1ed1-4030-a113-08ad3f9b96f5,1.0
RE83_satisfacción,RIESGO_EXT,riesgo,satisfacción,,,E2021HMD1796,NA,NA,0.804,riesgos_externos.csv,Encuestas a empleadores,Valor directo de columna satisfacción,2026-06-15 21:15:50,fca83e77-1ed1-4030-a113-08ad3f9b96f5,1.0
RE84_empleabilidad,RIESGO_EXT,riesgo,empleabilidad,,,E2021JNC8905,NA,NA,0.957,riesgos_externos.csv,Encuestas a empleadores,Valor directo de columna empleabilidad,2026-06-15 21:15:50,fca83e77-1ed1-4030-a113-08ad3f9b96f5,1.0
RE84_satisfacción,RIESGO_EXT,riesgo,satisfacción,,,E2021JNC8905,NA,NA,0.774,riesgos_externos.csv,Encuestas a empleadores,Valor directo de columna satisfacción,2026-06-15 21:15:50,fca83e77-1ed1-4030-a113-08ad3f9b96f5,1.0
RE85_empleabilidad,RIESGO_EXT,riesgo,empleabilidad,,,E2021TVK8578,NA,NA,0.787,riesgos_externos.csv,Encuestas a empleadores,Valor directo de columna empleabilidad,2026-06-15 21:15:50,fca83e77-1ed1-4030-a113-08ad3f9b96f5,1.0
RE85_satisfacción,RIESGO_EXT,riesgo,satisfacción,,,E2021TVK8578,NA,NA,0.791,riesgos_externos.csv,Encuestas a empleadores,Valor directo de columna satisfacción,2026-06-15 21:15:50,fca83e77-1ed1-4030-a113-08ad3f9b96f5,1.0
RE86_empleabilidad,RIESGO_EXT,riesgo,empleabilidad,,,E2021HZL5792,NA,NA,0.879,riesgos_externos.csv,Encuestas a empleadores,Valor directo de columna empleabilidad,2026-06-15 21:15:50,fca83e77-1ed1-4030-a113-08ad3f9b96f5,1.0
RE86_satisfacción,RIESGO_EXT,riesgo,satisfacción,,,E2021HZL5792,NA,NA,0.668,riesgos_externos.csv,Encuestas a empleadores,Valor directo de columna satisfacción,2026-06-15 21:15:50,fca83e77-1ed1-4030-a113-08ad3f9b96f5,1.0
RE87_empleabilidad,RIESGO_EXT,riesgo,empleabilidad,,,E2021TUB4951,NA,NA,0.811,riesgos_externos.csv,Encuestas a empleadores,Valor directo de columna empleabilidad,2026-06-15 21:15:50,fca83e77-1ed1-4030-a113-08ad3f9b96f5,1.0
RE87_satisfacción,RIESGO_EXT,riesgo,satisfacción,,,E2021TUB4951,NA,NA,0.665,riesgos_externos.csv,Encuestas a empleadores,Valor directo de columna satisfacción,2026-06-15 21:15:50,fca83e77-1ed1-4030-a113-08ad3f9b96f5,1.0
RE88_empleabilidad,RIESGO_EXT,riesgo,empleabilidad,,,E2021FIA3704,NA,NA,0.865,riesgos_externos.csv,Encuestas a empleadores,Valor directo de columna empleabilidad,2026-06-15 21:15:50,fca83e77-1ed1-4030-a113-08ad3f9b96f5,1.0
RE88_satisfacción,RIESGO_EXT,riesgo,satisfacción,,,E2021FIA3704,NA,NA,0.754,riesgos_externos.csv,Encuestas a empleadores,Valor directo de columna satisfacción,2026-06-15 21:15:50,fca83e77-1ed1-4030-a113-08ad3f9b96f5,1.0
RE89_empleabilidad,RIESGO_EXT,riesgo,empleabilidad,,,E2021ZQH0605,NA,NA,0.912,riesgos_externos.csv,Encuestas a empleadores,Valor directo de columna empleabilidad,2026-06-15 21:15:50,fca83e77-1ed1-4030-a113-08ad3f9b96f5,1.0
RE89_satisfacción,RIESGO_EXT,riesgo,satisfacción,,,E2021ZQH0605,NA,NA,0.66,riesgos_externos.csv,Encuestas a empleadores,Valor directo de columna satisfacción,2026-06-15 21:15:50,fca83e77-1ed1-4030-a113-08ad3f9b96f5,1.0
RE90_empleabilidad,RIESGO_EXT,riesgo,empleabilidad,,,E2021AKM4484,NA,NA,0.819,riesgos_externos.csv,Encuestas a empleadores,Valor directo de columna empleabilidad,2026-06-15 21:15:50,fca83e77-1ed1-4030-a113-08ad3f9b96f5,1.0
RE90_satisfacción,RIESGO_EXT,riesgo,satisfacción,,,E2021AKM4484,NA,NA,0.849,riesgos_externos.csv,Encuestas a empleadores,Valor directo de columna satisfacción,2026-06-15 21:15:50,fca83e77-1ed1-4030-a113-08ad3f9b96f5,1.0
RE91_empleabilidad,RIESGO_EXT,riesgo,empleabilidad,,,E2021ADM3565,NA,NA,0.882,riesgos_externos.csv,Encuestas a empleadores,Valor directo de columna empleabilidad,2026-06-15 21:15:50,fca83e77-1ed1-4030-a113-08ad3f9b96f5,1.0
RE91_satisfacción,RIESGO_EXT,riesgo,satisfacción,,,E2021ADM3565,NA,NA,0.655,riesgos_externos.csv,Encuestas a empleadores,Valor directo de columna satisfacción,2026-06-15 21:15:50,fca83e77-1ed1-4030-a113-08ad3f9b96f5,1.0
RE92_empleabilidad,RIESGO_EXT,riesgo,empleabilidad,,,E2021FKK7066,NA,NA,0.592,riesgos_externos.csv,Encuestas a empleadores,Valor directo de columna empleabilidad,2026-06-15 21:15:50,fca83e77-1ed1-4030-a113-08ad3f9b96f5,1.0
RE92_satisfacción,RIESGO_EXT,riesgo,satisfacción,,,E2021FKK7066,NA,NA,0.727,riesgos_externos.csv,Encuestas a empleadores,Valor directo de columna satisfacción,2026-06-15 21:15:50,fca83e77-1ed1-4030-a113-08ad3f9b96f5,1.0
RE93_empleabilidad,RIESGO_EXT,riesgo,empleabilidad,,,E2021BOD8117,NA,NA,0.672,riesgos_externos.csv,Encuestas a empleadores,Valor directo de columna empleabilidad,2026-06-15 21:15:50,fca83e77-1ed1-4030-a113-08ad3f9b96f5,1.0
RE93_satisfacción,RIESGO_EXT,riesgo,satisfacción,,,E2021BOD8117,NA,NA,0.75,riesgos_externos.csv,Encuestas a empleadores,Valor directo de columna satisfacción,2026-06-15 21:15:50,fca83e77-1ed1-4030-a113-08ad3f9b96f5,1.0
RE94_empleabilidad,RIESGO_EXT,riesgo,empleabilidad,,,E2021HAP1891,NA,NA,0.757,riesgos_externos.csv,Encuestas a empleadores,Valor directo de columna empleabilidad,2026-06-15 21:15:50,fca83e77-1ed1-4030-a113-08ad3f9b96f5,1.0
RE94_satisfacción,RIESGO_EXT,riesgo,satisfacción,,,E2021HAP1891,NA,NA,0.705,riesgos_externos.csv,Encuestas a empleadores,Valor directo de columna satisfacción,2026-06-15 21:15:50,fca83e77-1ed1-4030-a113-08ad3f9b96f5,1.0
RE95_empleabilidad,RIESGO_EXT,riesgo,empleabilidad,,,E2021KRK9895,NA,NA,0.726,riesgos_externos.csv,Encuestas a empleadores,Valor directo de columna empleabilidad,2026-06-15 21:15:50,fca83e77-1ed1-4030-a113-08ad3f9b96f5,1.0
RE95_satisfacción,RIESGO_EXT,riesgo,satisfacción,,,E2021KRK9895,NA,NA,0.731,riesgos_externos.csv,Encuestas a empleadores,Valor directo de columna satisfacción,2026-06-15 21:15:50,fca83e77-1ed1-4030-a113-08ad3f9b96f5,1.0
RE96_empleabilidad,RIESGO_EXT,riesgo,empleabilidad,,,E2021RMZ5974,NA,NA,1.0,riesgos_externos.csv,Encuestas a empleadores,Valor directo de columna empleabilidad,2026-06-15 21:15:50,fca83e77-1ed1-4030-a113-08ad3f9b96f5,1.0
RE96_satisfacción,RIESGO_EXT,riesgo,satisfacción,,,E2021RMZ5974,NA,NA,0.881,riesgos_externos.csv,Encuestas a empleadores,Valor directo de columna satisfacción,2026-06-15 21:15:50,fca83e77-1ed1-4030-a113-08ad3f9b96f5,1.0
RE97_empleabilidad,RIESGO_EXT,riesgo,empleabilidad,,,E2021WJX7551,NA,NA,0.984,riesgos_externos.csv,Encuestas a empleadores,Valor directo de columna empleabilidad,2026-06-15 21:15:50,fca83e77-1ed1-4030-a113-08ad3f9b96f5,1.0
RE97_satisfacción,RIESGO_EXT,riesgo,satisfacción,,,E2021WJX7551,NA,NA,0.66,riesgos_externos.csv,Encuestas a empleadores,Valor directo de columna satisfacción,2026-06-15 21:15:50,fca83e77-1ed1-4030-a113-08ad3f9b96f5,1.0
RE98_empleabilidad,RIESGO_EXT,riesgo,empleabilidad,,,E2021RBE4858,NA,NA,0.671,riesgos_externos.csv,Encuestas a empleadores,Valor directo de columna empleabilidad,2026-06-15 21:15:50,fca83e77-1ed1-4030-a113-08ad3f9b96f5,1.0
RE98_satisfacción,RIESGO_EXT,riesgo,satisfacción,,,E2021RBE4858,NA,NA,0.724,riesgos_externos.csv,Encuestas a empleadores,Valor directo de columna satisfacción,2026-06-15 21:15:50,fca83e77-1ed1-4030-a113-08ad3f9b96f5,1.0
RE99_empleabilidad,RIESGO_EXT,riesgo,empleabilidad,,,E2021QAI3499,NA,NA,0.768,riesgos_externos.csv,Encuestas a empleadores,Valor directo de columna empleabilidad,2026-06-15 21:15:50,fca83e77-1ed1-4030-a113-08ad3f9b96f5,1.0
RE99_satisfacción,RIESGO_EXT,riesgo,satisfacción,,,E2021QAI3499,NA,NA,0.896,riesgos_externos.csv,Encuestas a empleadores,Valor directo de columna satisfacción,2026-06-15 21:15:50,fca83e77-1ed1-4030-a113-08ad3f9b96f5,1.0
RE100_empleabilidad,RIESGO_EXT,riesgo,empleabilidad,,,E2021JCD0826,NA,NA,0.809,riesgos_externos.csv,Encuestas a empleadores,Valor directo de columna empleabilidad,2026-06-15 21:15:50,fca83e77-1ed1-4030-a113-08ad3f9b96f5,1.0
RE100_satisfacción,RIESGO_EXT,riesgo,satisfacción,,,E2021JCD0826,NA,NA,0.756,riesgos_externos.csv,Encuestas a empleadores,Valor directo de columna satisfacción,2026-06-15 21:15:50,fca83e77-1ed1-4030-a113-08ad3f9b96f5,1.0
RE101_empleabilidad,RIESGO_EXT,riesgo,empleabilidad,,,E2021QPB9520,NA,NA,0.86,riesgos_externos.csv,Encuestas a empleadores,Valor directo de columna empleabilidad,2026-06-15 21:15:50,fca83e77-1ed1-4030-a113-08ad3f9b96f5,1.0
RE101_satisfacción,RIESGO_EXT,riesgo,satisfacción,,,E2021QPB9520,NA,NA,0.616,riesgos_externos.csv,Encuestas a empleadores,Valor directo de columna satisfacción,2026-06-15 21:15:50,fca83e77-1ed1-4030-a113-08ad3f9b96f5,1.0
RE102_empleabilidad,RIESGO_EXT,riesgo,empleabilidad,,,E2021EHC2148,NA,NA,0.773,riesgos_externos.csv,Encuestas a empleadores,Valor directo de columna empleabilidad,2026-06-15 21:15:50,fca83e77-1ed1-4030-a113-08ad3f9b96f5,1.0
RE102_satisfacción,RIESGO_EXT,riesgo,satisfacción,,,E2021EHC2148,NA,NA,0.693,riesgos_externos.csv,Encuestas a empleadores,Valor directo de columna satisfacción,2026-06-15 21:15:50,fca83e77-1ed1-4030-a113-08ad3f9b96f5,1.0
RE103_empleabilidad,RIESGO_EXT,riesgo,empleabilidad,,,E2021AWT0699,NA,NA,0.796,riesgos_externos.csv,Encuestas a empleadores,Valor directo de columna empleabilidad,2026-06-15 21:15:50,fca83e77-1ed1-4030-a113-08ad3f9b96f5,1.0
RE103_satisfacción,RIESGO_EXT,riesgo,satisfacción,,,E2021AWT0699,NA,NA,0.744,riesgos_externos.csv,Encuestas a empleadores,Valor directo de columna satisfacción,2026-06-15 21:15:50,fca83e77-1ed1-4030-a113-08ad3f9b96f5,1.0
RE104_empleabilidad,RIESGO_EXT,riesgo,empleabilidad,,,E2021AVO8181,NA,NA,0.754,riesgos_externos.csv,Encuestas a empleadores,Valor directo de columna empleabilidad,2026-06-15 21:15:50,fca83e77-1ed1-4030-a113-08ad3f9b96f5,1.0
RE104_satisfacción,RIESGO_EXT,riesgo,satisfacción,,,E2021AVO8181,NA,NA,0.889,riesgos_externos.csv,Encuestas a empleadores,Valor directo de columna satisfacción,2026-06-15 21:15:50,fca83e77-1ed1-4030-a113-08ad3f9b96f5,1.0
RE105_empleabilidad,RIESGO_EXT,riesgo,empleabilidad,,,E2021QBY4677,NA,NA,0.889,riesgos_externos.csv,Encuestas a empleadores,Valor directo de columna empleabilidad,2026-06-15 21:15:50,fca83e77-1ed1-4030-a113-08ad3f9b96f5,1.0
RE105_satisfacción,RIESGO_EXT,riesgo,satisfacción,,,E2021QBY4677,NA,NA,0.81,riesgos_externos.csv,Encuestas a empleadores,Valor directo de columna satisfacción,2026-06-15 21:15:50,fca83e77-1ed1-4030-a113-08ad3f9b96f5,1.0
