ID_EST,RA_ID,RA,Logro_RA,Fecha_corte,ID_Cohorte,Nivel
E1,RA1,RA1,71.92857142857143,2026-06-25 11:11:00,O2018-1,PRIMER
E1,RA12,RA12,75.5,2026-06-25 11:11:00,O2018-1,PRIMER
E1,RA2,RA2,78.0,2026-06-25 11:11:00,O2018-1,PRIMER
E1,RA3,RA3,81.0,2026-06-25 11:11:00,O2018-1,PRIMER
E1,RA4,RA4,76.0,2026-06-25 11:11:00,O2018-1,PRIMER
E1,RA5,RA5,71.0,2026-06-25 11:11:00,O2018-1,PRIMER
E1,RA6,RA6,71.0,2026-06-25 11:11:00,O2018-1,PRIMER
E1,RA7,RA7,70.8,2026-06-25 11:11:00,O2018-1,PRIMER
E1,RA9,RA9,72.85714285714286,2026-06-25 11:11:00,O2018-1,PRIMER
E10,RA1,RA1,86.36363636363636,2026-06-25 11:11:00,O2018-1,PRIMER
E10,RA10,RA10,79.33333333333333,2026-06-25 11:11:00,O2018-1,PRIMER
E10,RA11,RA11,85.0,2026-06-25 11:11:00,O2018-1,PRIMER
E10,RA12,RA12,81.5,2026-06-25 11:11:00,O2018-1,PRIMER
E10,RA2,RA2,88.5,2026-06-25 11:11:00,O2018-1,PRIMER
E10,RA3,RA3,84.5,2026-06-25 11:11:00,O2018-1,PRIMER
E10,RA4,RA4,77.0,2026-06-25 11:11:00,O2018-1,PRIMER
E10,RA5,RA5,79.0,2026-06-25 11:11:00,O2018-1,PRIMER
E10,RA6,RA6,83.0,2026-06-25 11:11:00,O2018-1,PRIMER
E10,RA7,RA7,84.71428571428571,2026-06-25 11:11:00,O2018-1,PRIMER
E10,RA9,RA9,81.5625,2026-06-25 11:11:00,O2018-1,PRIMER
E100,RA1,RA1,79.63636363636364,2026-06-25 11:11:00,O2019-2,PRIMER
E100,RA10,RA10,82.0,2026-06-25 11:11:00,O2019-2,PRIMER
E100,RA11,RA11,80.0,2026-06-25 11:11:00,O2019-2,PRIMER
E100,RA12,RA12,78.71428571428571,2026-06-25 11:11:00,O2019-2,PRIMER
E100,RA2,RA2,78.0,2026-06-25 11:11:00,O2019-2,PRIMER
E100,RA3,RA3,95.0,2026-06-25 11:11:00,O2019-2,PRIMER
E100,RA4,RA4,79.0,2026-06-25 11:11:00,O2019-2,PRIMER
E100,RA5,RA5,74.0,2026-06-25 11:11:00,O2019-2,PRIMER
E100,RA6,RA6,86.75,2026-06-25 11:11:00,O2019-2,PRIMER
E100,RA7,RA7,83.0,2026-06-25 11:11:00,O2019-2,PRIMER
E100,RA9,RA9,80.2,2026-06-25 11:11:00,O2019-2,PRIMER
E101,RA1,RA1,70.5,2026-06-25 11:11:00,O2020-1,PRIMER
E101,RA2,RA2,79.5,2026-06-25 11:11:00,O2020-1,PRIMER
E101,RA5,RA5,68.0,2026-06-25 11:11:00,O2020-1,PRIMER
E101,RA6,RA6,77.0,2026-06-25 11:11:00,O2020-1,PRIMER
E101,RA9,RA9,72.0,2026-06-25 11:11:00,O2020-1,PRIMER
E102,RA1,RA1,77.36363636363636,2026-06-25 11:11:00,O2020-1,PRIMER
E102,RA10,RA10,76.33333333333333,2026-06-25 11:11:00,O2020-1,PRIMER
E102,RA11,RA11,79.0,2026-06-25 11:11:00,O2020-1,PRIMER
E102,RA12,RA12,79.14285714285714,2026-06-25 11:11:00,O2020-1,PRIMER
E102,RA2,RA2,75.5,2026-06-25 11:11:00,O2020-1,PRIMER
E102,RA3,RA3,79.0,2026-06-25 11:11:00,O2020-1,PRIMER
E102,RA4,RA4,79.0,2026-06-25 11:11:00,O2020-1,PRIMER
E102,RA5,RA5,85.0,2026-06-25 11:11:00,O2020-1,PRIMER
E102,RA6,RA6,73.2,2026-06-25 11:11:00,O2020-1,PRIMER
E102,RA7,RA7,78.5,2026-06-25 11:11:00,O2020-1,PRIMER
E102,RA9,RA9,77.75,2026-06-25 11:11:00,O2020-1,PRIMER
E103,RA1,RA1,84.0,2026-06-25 11:11:00,O2020-1,PRIMER
E103,RA12,RA12,75.0,2026-06-25 11:11:00,O2020-1,PRIMER
E103,RA2,RA2,79.0,2026-06-25 11:11:00,O2020-1,PRIMER
E103,RA4,RA4,80.0,2026-06-25 11:11:00,O2020-1,PRIMER
E103,RA5,RA5,91.0,2026-06-25 11:11:00,O2020-1,PRIMER
E103,RA6,RA6,79.33333333333333,2026-06-25 11:11:00,O2020-1,PRIMER
E103,RA7,RA7,84.0,2026-06-25 11:11:00,O2020-1,PRIMER
E103,RA9,RA9,82.6,2026-06-25 11:11:00,O2020-1,PRIMER
E104,RA1,RA1,71.875,2026-06-25 11:11:00,O2020-1,PRIMER
E104,RA10,RA10,69.16666666666667,2026-06-25 11:11:00,O2020-1,PRIMER
E104,RA11,RA11,72.0,2026-06-25 11:11:00,O2020-1,PRIMER
E104,RA12,RA12,72.55555555555556,2026-06-25 11:11:00,O2020-1,PRIMER
E104,RA2,RA2,74.25,2026-06-25 11:11:00,O2020-1,PRIMER
E104,RA3,RA3,73.5,2026-06-25 11:11:00,O2020-1,PRIMER
E104,RA4,RA4,80.0,2026-06-25 11:11:00,O2020-1,PRIMER
E104,RA5,RA5,77.0,2026-06-25 11:11:00,O2020-1,PRIMER
E104,RA6,RA6,74.0,2026-06-25 11:11:00,O2020-1,PRIMER
E104,RA7,RA7,78.57142857142857,2026-06-25 11:11:00,O2020-1,PRIMER
E104,RA9,RA9,73.89473684210526,2026-06-25 11:11:00,O2020-1,PRIMER
E105,RA1,RA1,74.35714285714286,2026-06-25 11:11:00,O2020-1,PRIMER
E105,RA12,RA12,72.5,2026-06-25 11:11:00,O2020-1,PRIMER
E105,RA2,RA2,81.66666666666667,2026-06-25 11:11:00,O2020-1,PRIMER
E105,RA3,RA3,72.0,2026-06-25 11:11:00,O2020-1,PRIMER
E105,RA4,RA4,72.0,2026-06-25 11:11:00,O2020-1,PRIMER
E105,RA5,RA5,73.0,2026-06-25 11:11:00,O2020-1,PRIMER
E105,RA6,RA6,74.0,2026-06-25 11:11:00,O2020-1,PRIMER
E105,RA7,RA7,72.375,2026-06-25 11:11:00,O2020-1,PRIMER
E105,RA9,RA9,74.8125,2026-06-25 11:11:00,O2020-1,PRIMER
E106,RA1,RA1,63.75,2026-06-25 11:11:00,O2020-1,PRIMER
E106,RA2,RA2,64.0,2026-06-25 11:11:00,O2020-1,PRIMER
E106,RA5,RA5,63.666666666666664,2026-06-25 11:11:00,O2020-1,PRIMER
E106,RA6,RA6,76.0,2026-06-25 11:11:00,O2020-1,PRIMER
E106,RA9,RA9,70.0,2026-06-25 11:11:00,O2020-1,PRIMER
E107,RA1,RA1,64.0,2026-06-25 11:11:00,O2020-1,PRIMER
E107,RA2,RA2,57.0,2026-06-25 11:11:00,O2020-1,PRIMER
E107,RA5,RA5,64.0,2026-06-25 11:11:00,O2020-1,PRIMER
E107,RA6,RA6,57.0,2026-06-25 11:11:00,O2020-1,PRIMER
E107,RA9,RA9,52.5,2026-06-25 11:11:00,O2020-1,PRIMER
E108,RA1,RA1,67.25,2026-06-25 11:11:00,O2020-1,PRIMER
E108,RA2,RA2,64.66666666666667,2026-06-25 11:11:00,O2020-1,PRIMER
E108,RA5,RA5,71.0,2026-06-25 11:11:00,O2020-1,PRIMER
E108,RA6,RA6,63.666666666666664,2026-06-25 11:11:00,O2020-1,PRIMER
E108,RA9,RA9,56.0,2026-06-25 11:11:00,O2020-1,PRIMER
E109,RA1,RA1,70.83333333333333,2026-06-25 11:11:00,O2020-1,PRIMER
E109,RA2,RA2,74.5,2026-06-25 11:11:00,O2020-1,PRIMER
E109,RA5,RA5,78.0,2026-06-25 11:11:00,O2020-1,PRIMER
E109,RA6,RA6,82.0,2026-06-25 11:11:00,O2020-1,PRIMER
E109,RA9,RA9,75.66666666666667,2026-06-25 11:11:00,O2020-1,PRIMER
E11,RA1,RA1,61.0,2026-06-25 11:11:00,O2018-1,PRIMER
E11,RA2,RA2,61.5,2026-06-25 11:11:00,O2018-1,PRIMER
E11,RA5,RA5,55.666666666666664,2026-06-25 11:11:00,O2018-1,PRIMER
E11,RA6,RA6,69.5,2026-06-25 11:11:00,O2018-1,PRIMER
E11,RA9,RA9,58.5,2026-06-25 11:11:00,O2018-1,PRIMER
E110,RA1,RA1,83.18181818181819,2026-06-25 11:11:00,O2020-1,PRIMER
E110,RA10,RA10,77.0,2026-06-25 11:11:00,O2020-1,PRIMER
E110,RA11,RA11,84.0,2026-06-25 11:11:00,O2020-1,PRIMER
E110,RA12,RA12,84.66666666666667,2026-06-25 11:11:00,O2020-1,PRIMER
E110,RA2,RA2,82.25,2026-06-25 11:11:00,O2020-1,PRIMER
E110,RA3,RA3,76.0,2026-06-25 11:11:00,O2020-1,PRIMER
E110,RA4,RA4,83.0,2026-06-25 11:11:00,O2020-1,PRIMER
E110,RA5,RA5,82.0,2026-06-25 11:11:00,O2020-1,PRIMER
E110,RA6,RA6,77.25,2026-06-25 11:11:00,O2020-1,PRIMER
E110,RA7,RA7,86.57142857142857,2026-06-25 11:11:00,O2020-1,PRIMER
E110,RA9,RA9,78.5625,2026-06-25 11:11:00,O2020-1,PRIMER
E111,RA1,RA1,66.5,2026-06-25 11:11:00,O2020-1,PRIMER
E111,RA2,RA2,64.0,2026-06-25 11:11:00,O2020-1,PRIMER
E111,RA5,RA5,70.0,2026-06-25 11:11:00,O2020-1,PRIMER
E111,RA6,RA6,65.0,2026-06-25 11:11:00,O2020-1,PRIMER
E111,RA9,RA9,66.5,2026-06-25 11:11:00,O2020-1,PRIMER
E112,RA1,RA1,65.25,2026-06-25 11:11:00,O2020-1,PRIMER
E112,RA2,RA2,69.0,2026-06-25 11:11:00,O2020-1,PRIMER
E112,RA5,RA5,61.333333333333336,2026-06-25 11:11:00,O2020-1,PRIMER
E112,RA6,RA6,70.0,2026-06-25 11:11:00,O2020-1,PRIMER
E112,RA9,RA9,68.0,2026-06-25 11:11:00,O2020-1,PRIMER
E113,RA1,RA1,77.07692307692308,2026-06-25 11:11:00,O2020-1,PRIMER
E113,RA10,RA10,80.66666666666667,2026-06-25 11:11:00,O2020-1,PRIMER
E113,RA11,RA11,89.0,2026-06-25 11:11:00,O2020-1,PRIMER
E113,RA12,RA12,86.33333333333333,2026-06-25 11:11:00,O2020-1,PRIMER
E113,RA2,RA2,78.5,2026-06-25 11:11:00,O2020-1,PRIMER
E113,RA3,RA3,89.5,2026-06-25 11:11:00,O2020-1,PRIMER
E113,RA4,RA4,70.0,2026-06-25 11:11:00,O2020-1,PRIMER
E113,RA5,RA5,75.0,2026-06-25 11:11:00,O2020-1,PRIMER
E113,RA6,RA6,80.5,2026-06-25 11:11:00,O2020-1,PRIMER
E113,RA7,RA7,79.0,2026-06-25 11:11:00,O2020-1,PRIMER
E113,RA9,RA9,82.26666666666667,2026-06-25 11:11:00,O2020-1,PRIMER
E114,RA1,RA1,70.66666666666667,2026-06-25 11:11:00,O2020-1,PRIMER
E114,RA2,RA2,70.5,2026-06-25 11:11:00,O2020-1,PRIMER
E114,RA5,RA5,71.0,2026-06-25 11:11:00,O2020-1,PRIMER
E114,RA6,RA6,69.66666666666667,2026-06-25 11:11:00,O2020-1,PRIMER
E114,RA9,RA9,71.0,2026-06-25 11:11:00,O2020-1,PRIMER
E115,RA1,RA1,69.5,2026-06-25 11:11:00,O2020-1,PRIMER
E115,RA2,RA2,66.0,2026-06-25 11:11:00,O2020-1,PRIMER
E115,RA5,RA5,66.0,2026-06-25 11:11:00,O2020-1,PRIMER
E115,RA6,RA6,67.66666666666667,2026-06-25 11:11:00,O2020-1,PRIMER
E115,RA9,RA9,68.5,2026-06-25 11:11:00,O2020-1,PRIMER
E116,RA1,RA1,59.5,2026-06-25 11:11:00,O2020-1,PRIMER
E116,RA2,RA2,56.0,2026-06-25 11:11:00,O2020-1,PRIMER
E116,RA5,RA5,60.0,2026-06-25 11:11:00,O2020-1,PRIMER
E116,RA6,RA6,56.0,2026-06-25 11:11:00,O2020-1,PRIMER
E116,RA9,RA9,61.0,2026-06-25 11:11:00,O2020-1,PRIMER
E117,RA1,RA1,74.07142857142857,2026-06-25 11:11:00,O2020-1,PRIMER
E117,RA10,RA10,74.0,2026-06-25 11:11:00,O2020-1,PRIMER
E117,RA11,RA11,72.0,2026-06-25 11:11:00,O2020-1,PRIMER
E117,RA12,RA12,78.0,2026-06-25 11:11:00,O2020-1,PRIMER
E117,RA2,RA2,73.75,2026-06-25 11:11:00,O2020-1,PRIMER
E117,RA3,RA3,76.0,2026-06-25 11:11:00,O2020-1,PRIMER
E117,RA4,RA4,86.0,2026-06-25 11:11:00,O2020-1,PRIMER
E117,RA5,RA5,87.0,2026-06-25 11:11:00,O2020-1,PRIMER
E117,RA6,RA6,76.0,2026-06-25 11:11:00,O2020-1,PRIMER
E117,RA7,RA7,74.57142857142857,2026-06-25 11:11:00,O2020-1,PRIMER
E117,RA9,RA9,76.55555555555556,2026-06-25 11:11:00,O2020-1,PRIMER
E118,RA1,RA1,73.46153846153847,2026-06-25 11:11:00,O2020-1,PRIMER
E118,RA10,RA10,73.0,2026-06-25 11:11:00,O2020-1,PRIMER
E118,RA11,RA11,80.0,2026-06-25 11:11:00,O2020-1,PRIMER
E118,RA12,RA12,74.25,2026-06-25 11:11:00,O2020-1,PRIMER
E118,RA2,RA2,73.5,2026-06-25 11:11:00,O2020-1,PRIMER
E118,RA3,RA3,76.0,2026-06-25 11:11:00,O2020-1,PRIMER
E118,RA4,RA4,74.0,2026-06-25 11:11:00,O2020-1,PRIMER
E118,RA5,RA5,73.0,2026-06-25 11:11:00,O2020-1,PRIMER
E118,RA6,RA6,71.5,2026-06-25 11:11:00,O2020-1,PRIMER
E118,RA7,RA7,75.75,2026-06-25 11:11:00,O2020-1,PRIMER
E118,RA9,RA9,73.29411764705883,2026-06-25 11:11:00,O2020-1,PRIMER
E119,RA1,RA1,68.125,2026-06-25 11:11:00,O2020-1,PRIMER
E119,RA2,RA2,73.5,2026-06-25 11:11:00,O2020-1,PRIMER
E119,RA4,RA4,66.0,2026-06-25 11:11:00,O2020-1,PRIMER
E119,RA5,RA5,70.0,2026-06-25 11:11:00,O2020-1,PRIMER
E119,RA6,RA6,74.0,2026-06-25 11:11:00,O2020-1,PRIMER
E119,RA9,RA9,69.6,2026-06-25 11:11:00,O2020-1,PRIMER
E12,RA1,RA1,78.41666666666667,2026-06-25 11:11:00,O2018-1,PRIMER
E12,RA10,RA10,75.66666666666667,2026-06-25 11:11:00,O2018-1,PRIMER
E12,RA11,RA11,81.0,2026-06-25 11:11:00,O2018-1,PRIMER
E12,RA12,RA12,76.42857142857143,2026-06-25 11:11:00,O2018-1,PRIMER
E12,RA2,RA2,72.85714285714286,2026-06-25 11:11:00,O2018-1,PRIMER
E12,RA3,RA3,77.0,2026-06-25 11:11:00,O2018-1,PRIMER
E12,RA4,RA4,82.0,2026-06-25 11:11:00,O2018-1,PRIMER
E12,RA5,RA5,80.0,2026-06-25 11:11:00,O2018-1,PRIMER
E12,RA6,RA6,77.4,2026-06-25 11:11:00,O2018-1,PRIMER
E12,RA7,RA7,77.57142857142857,2026-06-25 11:11:00,O2018-1,PRIMER
E12,RA9,RA9,77.58823529411765,2026-06-25 11:11:00,O2018-1,PRIMER
E120,RA1,RA1,65.5,2026-06-25 11:11:00,O2020-1,PRIMER
E120,RA2,RA2,61.0,2026-06-25 11:11:00,O2020-1,PRIMER
E120,RA5,RA5,65.66666666666667,2026-06-25 11:11:00,O2020-1,PRIMER
E120,RA6,RA6,59.0,2026-06-25 11:11:00,O2020-1,PRIMER
E120,RA9,RA9,66.0,2026-06-25 11:11:00,O2020-1,PRIMER
E121,RA1,RA1,63.25,2026-06-25 11:11:00,O2020-1,PRIMER
E121,RA2,RA2,58.0,2026-06-25 11:11:00,O2020-1,PRIMER
E121,RA5,RA5,69.66666666666667,2026-06-25 11:11:00,O2020-1,PRIMER
E121,RA6,RA6,66.0,2026-06-25 11:11:00,O2020-1,PRIMER
E121,RA9,RA9,66.5,2026-06-25 11:11:00,O2020-1,PRIMER
E122,RA1,RA1,70.25,2026-06-25 11:11:00,O2020-1,PRIMER
E122,RA2,RA2,69.33333333333333,2026-06-25 11:11:00,O2020-1,PRIMER
E122,RA5,RA5,70.0,2026-06-25 11:11:00,O2020-1,PRIMER
E122,RA6,RA6,67.0,2026-06-25 11:11:00,O2020-1,PRIMER
E122,RA9,RA9,73.5,2026-06-25 11:11:00,O2020-1,PRIMER
E123,RA1,RA1,70.26666666666667,2026-06-25 11:11:00,O2020-1,PRIMER
E123,RA12,RA12,70.66666666666667,2026-06-25 11:11:00,O2020-1,PRIMER
E123,RA2,RA2,72.0,2026-06-25 11:11:00,O2020-1,PRIMER
E123,RA3,RA3,76.0,2026-06-25 11:11:00,O2020-1,PRIMER
E123,RA4,RA4,69.0,2026-06-25 11:11:00,O2020-1,PRIMER
E123,RA5,RA5,65.66666666666667,2026-06-25 11:11:00,O2020-1,PRIMER
E123,RA6,RA6,74.5,2026-06-25 11:11:00,O2020-1,PRIMER
E123,RA7,RA7,68.83333333333333,2026-06-25 11:11:00,O2020-1,PRIMER
E123,RA9,RA9,72.23529411764706,2026-06-25 11:11:00,O2020-1,PRIMER
E124,RA1,RA1,63.5,2026-06-25 11:11:00,O2020-1,PRIMER
E124,RA2,RA2,54.75,2026-06-25 11:11:00,O2020-1,PRIMER
E124,RA5,RA5,62.333333333333336,2026-06-25 11:11:00,O2020-1,PRIMER
E124,RA6,RA6,63.0,2026-06-25 11:11:00,O2020-1,PRIMER
E124,RA9,RA9,72.0,2026-06-25 11:11:00,O2020-1,PRIMER
E125,RA1,RA1,60.0,2026-06-25 11:11:00,O2020-1,PRIMER
E125,RA2,RA2,58.666666666666664,2026-06-25 11:11:00,O2020-1,PRIMER
E125,RA5,RA5,60.0,2026-06-25 11:11:00,O2020-1,PRIMER
E125,RA6,RA6,59.0,2026-06-25 11:11:00,O2020-1,PRIMER
E125,RA9,RA9,71.0,2026-06-25 11:11:00,O2020-1,PRIMER
E126,RA1,RA1,65.83333333333333,2026-06-25 11:11:00,O2020-2,PRIMER
E126,RA2,RA2,65.5,2026-06-25 11:11:00,O2020-2,PRIMER
E126,RA5,RA5,71.0,2026-06-25 11:11:00,O2020-2,PRIMER
E126,RA6,RA6,76.0,2026-06-25 11:11:00,O2020-2,PRIMER
E126,RA9,RA9,63.0,2026-06-25 11:11:00,O2020-2,PRIMER
E127,RA1,RA1,83.36363636363636,2026-06-25 11:11:00,O2020-2,PRIMER
E127,RA10,RA10,78.0,2026-06-25 11:11:00,O2020-2,PRIMER
E127,RA11,RA11,85.0,2026-06-25 11:11:00,O2020-2,PRIMER
E127,RA12,RA12,83.83333333333333,2026-06-25 11:11:00,O2020-2,PRIMER
E127,RA2,RA2,81.8,2026-06-25 11:11:00,O2020-2,PRIMER
E127,RA3,RA3,79.5,2026-06-25 11:11:00,O2020-2,PRIMER
E127,RA4,RA4,73.0,2026-06-25 11:11:00,O2020-2,PRIMER
E127,RA5,RA5,77.0,2026-06-25 11:11:00,O2020-2,PRIMER
E127,RA6,RA6,81.0,2026-06-25 11:11:00,O2020-2,PRIMER
E127,RA7,RA7,84.14285714285714,2026-06-25 11:11:00,O2020-2,PRIMER
E127,RA9,RA9,83.2,2026-06-25 11:11:00,O2020-2,PRIMER
E128,RA1,RA1,76.46153846153847,2026-06-25 11:11:00,O2020-2,PRIMER
E128,RA10,RA10,74.75,2026-06-25 11:11:00,O2020-2,PRIMER
E128,RA11,RA11,83.0,2026-06-25 11:11:00,O2020-2,PRIMER
E128,RA12,RA12,73.28571428571429,2026-06-25 11:11:00,O2020-2,PRIMER
E128,RA2,RA2,76.0,2026-06-25 11:11:00,O2020-2,PRIMER
E128,RA3,RA3,86.5,2026-06-25 11:11:00,O2020-2,PRIMER
E128,RA4,RA4,77.0,2026-06-25 11:11:00,O2020-2,PRIMER
E128,RA5,RA5,82.0,2026-06-25 11:11:00,O2020-2,PRIMER
E128,RA6,RA6,75.6,2026-06-25 11:11:00,O2020-2,PRIMER
E128,RA7,RA7,75.0,2026-06-25 11:11:00,O2020-2,PRIMER
E128,RA9,RA9,77.73333333333333,2026-06-25 11:11:00,O2020-2,PRIMER
E129,RA1,RA1,86.36363636363636,2026-06-25 11:11:00,O2020-2,PRIMER
E129,RA10,RA10,91.33333333333333,2026-06-25 11:11:00,O2020-2,PRIMER
E129,RA11,RA11,94.0,2026-06-25 11:11:00,O2020-2,PRIMER
E129,RA12,RA12,81.83333333333333,2026-06-25 11:11:00,O2020-2,PRIMER
E129,RA2,RA2,84.0,2026-06-25 11:11:00,O2020-2,PRIMER
E129,RA3,RA3,77.5,2026-06-25 11:11:00,O2020-2,PRIMER
E129,RA4,RA4,91.0,2026-06-25 11:11:00,O2020-2,PRIMER
E129,RA5,RA5,82.0,2026-06-25 11:11:00,O2020-2,PRIMER
E129,RA6,RA6,81.5,2026-06-25 11:11:00,O2020-2,PRIMER
E129,RA7,RA7,86.42857142857143,2026-06-25 11:11:00,O2020-2,PRIMER
E129,RA9,RA9,84.73333333333333,2026-06-25 11:11:00,O2020-2,PRIMER
E13,RA1,RA1,72.375,2026-06-25 11:11:00,O2018-1,PRIMER
E13,RA12,RA12,77.0,2026-06-25 11:11:00,O2018-1,PRIMER
E13,RA2,RA2,70.25,2026-06-25 11:11:00,O2018-1,PRIMER
E13,RA4,RA4,76.0,2026-06-25 11:11:00,O2018-1,PRIMER
E13,RA5,RA5,69.0,2026-06-25 11:11:00,O2018-1,PRIMER
E13,RA6,RA6,77.5,2026-06-25 11:11:00,O2018-1,PRIMER
E13,RA7,RA7,69.2,2026-06-25 11:11:00,O2018-1,PRIMER
E13,RA9,RA9,71.64285714285714,2026-06-25 11:11:00,O2018-1,PRIMER
E130,RA1,RA1,65.25,2026-06-25 11:11:00,O2020-2,PRIMER
E130,RA2,RA2,62.333333333333336,2026-06-25 11:11:00,O2020-2,PRIMER
E130,RA5,RA5,70.0,2026-06-25 11:11:00,O2020-2,PRIMER
E130,RA6,RA6,67.0,2026-06-25 11:11:00,O2020-2,PRIMER
E130,RA9,RA9,60.333333333333336,2026-06-25 11:11:00,O2020-2,PRIMER
E131,RA1,RA1,77.76923076923077,2026-06-25 11:11:00,O2020-2,PRIMER
E131,RA10,RA10,78.0,2026-06-25 11:11:00,O2020-2,PRIMER
E131,RA11,RA11,76.0,2026-06-25 11:11:00,O2020-2,PRIMER
E131,RA12,RA12,78.16666666666667,2026-06-25 11:11:00,O2020-2,PRIMER
E131,RA2,RA2,76.5,2026-06-25 11:11:00,O2020-2,PRIMER
E131,RA3,RA3,72.0,2026-06-25 11:11:00,O2020-2,PRIMER
E131,RA4,RA4,92.0,2026-06-25 11:11:00,O2020-2,PRIMER
E131,RA5,RA5,76.0,2026-06-25 11:11:00,O2020-2,PRIMER
E131,RA6,RA6,81.0,2026-06-25 11:11:00,O2020-2,PRIMER
E131,RA7,RA7,81.14285714285714,2026-06-25 11:11:00,O2020-2,PRIMER
E131,RA9,RA9,77.2,2026-06-25 11:11:00,O2020-2,PRIMER
E132,RA1,RA1,83.5,2026-06-25 11:11:00,O2020-2,PRIMER
E132,RA2,RA2,72.0,2026-06-25 11:11:00,O2020-2,PRIMER
E132,RA5,RA5,82.0,2026-06-25 11:11:00,O2020-2,PRIMER
E132,RA6,RA6,78.0,2026-06-25 11:11:00,O2020-2,PRIMER
E132,RA9,RA9,81.0,2026-06-25 11:11:00,O2020-2,PRIMER
E133,RA1,RA1,80.0,2026-06-25 11:11:00,O2020-2,PRIMER
E133,RA10,RA10,88.0,2026-06-25 11:11:00,O2020-2,PRIMER
E133,RA11,RA11,76.0,2026-06-25 11:11:00,O2020-2,PRIMER
E133,RA12,RA12,81.66666666666667,2026-06-25 11:11:00,O2020-2,PRIMER
E133,RA2,RA2,79.75,2026-06-25 11:11:00,O2020-2,PRIMER
E133,RA3,RA3,76.33333333333333,2026-06-25 11:11:00,O2020-2,PRIMER
E133,RA4,RA4,82.0,2026-06-25 11:11:00,O2020-2,PRIMER
E133,RA5,RA5,88.0,2026-06-25 11:11:00,O2020-2,PRIMER
E133,RA6,RA6,83.0,2026-06-25 11:11:00,O2020-2,PRIMER
E133,RA7,RA7,82.71428571428571,2026-06-25 11:11:00,O2020-2,PRIMER
E133,RA9,RA9,82.86666666666666,2026-06-25 11:11:00,O2020-2,PRIMER
E134,RA1,RA1,67.125,2026-06-25 11:11:00,O2020-2,PRIMER
E134,RA2,RA2,78.5,2026-06-25 11:11:00,O2020-2,PRIMER
E134,RA5,RA5,77.0,2026-06-25 11:11:00,O2020-2,PRIMER
E134,RA6,RA6,80.0,2026-06-25 11:11:00,O2020-2,PRIMER
E134,RA9,RA9,68.0,2026-06-25 11:11:00,O2020-2,PRIMER
E135,RA1,RA1,74.71428571428571,2026-06-25 11:11:00,O2020-2,PRIMER
E135,RA10,RA10,79.0,2026-06-25 11:11:00,O2020-2,PRIMER
E135,RA11,RA11,84.0,2026-06-25 11:11:00,O2020-2,PRIMER
E135,RA12,RA12,74.85714285714286,2026-06-25 11:11:00,O2020-2,PRIMER
E135,RA2,RA2,75.6,2026-06-25 11:11:00,O2020-2,PRIMER
E135,RA3,RA3,76.0,2026-06-25 11:11:00,O2020-2,PRIMER
E135,RA4,RA4,73.0,2026-06-25 11:11:00,O2020-2,PRIMER
E135,RA5,RA5,69.0,2026-06-25 11:11:00,O2020-2,PRIMER
E135,RA6,RA6,74.0,2026-06-25 11:11:00,O2020-2,PRIMER
E135,RA7,RA7,73.7,2026-06-25 11:11:00,O2020-2,PRIMER
E135,RA9,RA9,75.16666666666667,2026-06-25 11:11:00,O2020-2,PRIMER
E136,RA1,RA1,64.5,2026-06-25 11:11:00,O2020-2,PRIMER
E136,RA2,RA2,71.0,2026-06-25 11:11:00,O2020-2,PRIMER
E136,RA5,RA5,72.0,2026-06-25 11:11:00,O2020-2,PRIMER
E136,RA6,RA6,91.0,2026-06-25 11:11:00,O2020-2,PRIMER
E136,RA9,RA9,68.5,2026-06-25 11:11:00,O2020-2,PRIMER
E137,RA1,RA1,81.5,2026-06-25 11:11:00,O2020-2,PRIMER
E137,RA2,RA2,72.0,2026-06-25 11:11:00,O2020-2,PRIMER
E137,RA5,RA5,80.0,2026-06-25 11:11:00,O2020-2,PRIMER
E137,RA6,RA6,84.0,2026-06-25 11:11:00,O2020-2,PRIMER
E137,RA9,RA9,76.0,2026-06-25 11:11:00,O2020-2,PRIMER
E138,RA1,RA1,65.75,2026-06-25 11:11:00,O2020-2,PRIMER
E138,RA2,RA2,62.5,2026-06-25 11:11:00,O2020-2,PRIMER
E138,RA5,RA5,65.0,2026-06-25 11:11:00,O2020-2,PRIMER
E138,RA6,RA6,67.5,2026-06-25 11:11:00,O2020-2,PRIMER
E138,RA9,RA9,60.0,2026-06-25 11:11:00,O2020-2,PRIMER
E139,RA1,RA1,64.0,2026-06-25 11:11:00,O2020-2,PRIMER
E139,RA2,RA2,61.0,2026-06-25 11:11:00,O2020-2,PRIMER
E139,RA5,RA5,66.66666666666667,2026-06-25 11:11:00,O2020-2,PRIMER
E139,RA6,RA6,62.0,2026-06-25 11:11:00,O2020-2,PRIMER
E139,RA9,RA9,57.0,2026-06-25 11:11:00,O2020-2,PRIMER
E14,RA1,RA1,73.77777777777777,2026-06-25 11:11:00,O2018-1,PRIMER
E14,RA12,RA12,73.0,2026-06-25 11:11:00,O2018-1,PRIMER
E14,RA2,RA2,82.0,2026-06-25 11:11:00,O2018-1,PRIMER
E14,RA4,RA4,83.0,2026-06-25 11:11:00,O2018-1,PRIMER
E14,RA5,RA5,70.66666666666667,2026-06-25 11:11:00,O2018-1,PRIMER
E14,RA6,RA6,76.33333333333333,2026-06-25 11:11:00,O2018-1,PRIMER
E14,RA7,RA7,73.0,2026-06-25 11:11:00,O2018-1,PRIMER
E14,RA9,RA9,78.125,2026-06-25 11:11:00,O2018-1,PRIMER
E140,RA1,RA1,69.5,2026-06-25 11:11:00,O2020-2,PRIMER
E140,RA2,RA2,68.0,2026-06-25 11:11:00,O2020-2,PRIMER
E140,RA5,RA5,64.33333333333333,2026-06-25 11:11:00,O2020-2,PRIMER
E140,RA6,RA6,70.5,2026-06-25 11:11:00,O2020-2,PRIMER
E140,RA9,RA9,67.0,2026-06-25 11:11:00,O2020-2,PRIMER
E141,RA1,RA1,60.333333333333336,2026-06-25 11:11:00,O2020-2,PRIMER
E141,RA2,RA2,68.0,2026-06-25 11:11:00,O2020-2,PRIMER
E141,RA5,RA5,71.0,2026-06-25 11:11:00,O2020-2,PRIMER
E141,RA6,RA6,69.0,2026-06-25 11:11:00,O2020-2,PRIMER
E141,RA9,RA9,71.0,2026-06-25 11:11:00,O2020-2,PRIMER
E142,RA1,RA1,64.25,2026-06-25 11:11:00,O2020-2,PRIMER
E142,RA2,RA2,61.5,2026-06-25 11:11:00,O2020-2,PRIMER
E142,RA5,RA5,62.0,2026-06-25 11:11:00,O2020-2,PRIMER
E142,RA6,RA6,57.0,2026-06-25 11:11:00,O2020-2,PRIMER
E142,RA9,RA9,65.5,2026-06-25 11:11:00,O2020-2,PRIMER
E143,RA1,RA1,78.66666666666667,2026-06-25 11:11:00,O2020-2,PRIMER
E143,RA10,RA10,78.66666666666667,2026-06-25 11:11:00,O2020-2,PRIMER
E143,RA11,RA11,81.0,2026-06-25 11:11:00,O2020-2,PRIMER
E143,RA12,RA12,77.5,2026-06-25 11:11:00,O2020-2,PRIMER
E143,RA2,RA2,81.75,2026-06-25 11:11:00,O2020-2,PRIMER
E143,RA3,RA3,76.0,2026-06-25 11:11:00,O2020-2,PRIMER
E143,RA4,RA4,87.0,2026-06-25 11:11:00,O2020-2,PRIMER
E143,RA5,RA5,82.0,2026-06-25 11:11:00,O2020-2,PRIMER
E143,RA6,RA6,77.4,2026-06-25 11:11:00,O2020-2,PRIMER
E143,RA7,RA7,80.14285714285714,2026-06-25 11:11:00,O2020-2,PRIMER
E143,RA9,RA9,81.46666666666667,2026-06-25 11:11:00,O2020-2,PRIMER
E144,RA1,RA1,79.0,2026-06-25 11:11:00,O2020-2,PRIMER
E144,RA12,RA12,76.0,2026-06-25 11:11:00,O2020-2,PRIMER
E144,RA2,RA2,78.0,2026-06-25 11:11:00,O2020-2,PRIMER
E144,RA4,RA4,81.0,2026-06-25 11:11:00,O2020-2,PRIMER
E144,RA5,RA5,76.0,2026-06-25 11:11:00,O2020-2,PRIMER
E144,RA6,RA6,70.5,2026-06-25 11:11:00,O2020-2,PRIMER
E144,RA7,RA7,75.66666666666667,2026-06-25 11:11:00,O2020-2,PRIMER
E144,RA9,RA9,78.4,2026-06-25 11:11:00,O2020-2,PRIMER
E145,RA1,RA1,68.25,2026-06-25 11:11:00,O2020-2,PRIMER
E145,RA2,RA2,64.33333333333333,2026-06-25 11:11:00,O2020-2,PRIMER
E145,RA5,RA5,75.0,2026-06-25 11:11:00,O2020-2,PRIMER
E145,RA6,RA6,67.33333333333333,2026-06-25 11:11:00,O2020-2,PRIMER
E145,RA9,RA9,63.333333333333336,2026-06-25 11:11:00,O2020-2,PRIMER
E146,RA1,RA1,70.57142857142857,2026-06-25 11:11:00,O2020-2,PRIMER
E146,RA2,RA2,68.0,2026-06-25 11:11:00,O2020-2,PRIMER
E146,RA4,RA4,71.0,2026-06-25 11:11:00,O2020-2,PRIMER
E146,RA5,RA5,73.0,2026-06-25 11:11:00,O2020-2,PRIMER
E146,RA6,RA6,79.0,2026-06-25 11:11:00,O2020-2,PRIMER
E146,RA9,RA9,72.2,2026-06-25 11:11:00,O2020-2,PRIMER
E147,RA1,RA1,81.9090909090909,2026-06-25 11:11:00,O2020-2,PRIMER
E147,RA10,RA10,89.33333333333333,2026-06-25 11:11:00,O2020-2,PRIMER
E147,RA11,RA11,82.0,2026-06-25 11:11:00,O2020-2,PRIMER
E147,RA12,RA12,82.66666666666667,2026-06-25 11:11:00,O2020-2,PRIMER
E147,RA2,RA2,79.75,2026-06-25 11:11:00,O2020-2,PRIMER
E147,RA3,RA3,79.5,2026-06-25 11:11:00,O2020-2,PRIMER
E147,RA4,RA4,93.0,2026-06-25 11:11:00,O2020-2,PRIMER
E147,RA5,RA5,95.0,2026-06-25 11:11:00,O2020-2,PRIMER
E147,RA6,RA6,78.0,2026-06-25 11:11:00,O2020-2,PRIMER
E147,RA7,RA7,77.875,2026-06-25 11:11:00,O2020-2,PRIMER
E147,RA9,RA9,78.72222222222223,2026-06-25 11:11:00,O2020-2,PRIMER
E148,RA1,RA1,82.9090909090909,2026-06-25 11:11:00,O2020-2,PRIMER
E148,RA10,RA10,83.33333333333333,2026-06-25 11:11:00,O2020-2,PRIMER
E148,RA11,RA11,81.0,2026-06-25 11:11:00,O2020-2,PRIMER
E148,RA12,RA12,80.83333333333333,2026-06-25 11:11:00,O2020-2,PRIMER
E148,RA2,RA2,84.5,2026-06-25 11:11:00,O2020-2,PRIMER
E148,RA3,RA3,87.5,2026-06-25 11:11:00,O2020-2,PRIMER
E148,RA4,RA4,81.0,2026-06-25 11:11:00,O2020-2,PRIMER
E148,RA5,RA5,83.0,2026-06-25 11:11:00,O2020-2,PRIMER
E148,RA6,RA6,84.25,2026-06-25 11:11:00,O2020-2,PRIMER
E148,RA7,RA7,84.14285714285714,2026-06-25 11:11:00,O2020-2,PRIMER
E148,RA9,RA9,82.4,2026-06-25 11:11:00,O2020-2,PRIMER
E149,RA1,RA1,65.75,2026-06-25 11:11:00,O2020-2,PRIMER
E149,RA2,RA2,70.0,2026-06-25 11:11:00,O2020-2,PRIMER
E149,RA5,RA5,72.0,2026-06-25 11:11:00,O2020-2,PRIMER
E149,RA6,RA6,71.0,2026-06-25 11:11:00,O2020-2,PRIMER
E149,RA9,RA9,66.33333333333333,2026-06-25 11:11:00,O2020-2,PRIMER
E15,RA1,RA1,59.0,2026-06-25 11:11:00,O2018-1,PRIMER
E15,RA2,RA2,63.5,2026-06-25 11:11:00,O2018-1,PRIMER
E15,RA5,RA5,60.666666666666664,2026-06-25 11:11:00,O2018-1,PRIMER
E15,RA6,RA6,57.5,2026-06-25 11:11:00,O2018-1,PRIMER
E15,RA9,RA9,54.5,2026-06-25 11:11:00,O2018-1,PRIMER
E150,RA1,RA1,73.33333333333333,2026-06-25 11:11:00,O2020-2,PRIMER
E150,RA2,RA2,68.16666666666667,2026-06-25 11:11:00,O2020-2,PRIMER
E150,RA5,RA5,72.0,2026-06-25 11:11:00,O2020-2,PRIMER
E150,RA6,RA6,73.0,2026-06-25 11:11:00,O2020-2,PRIMER
E150,RA9,RA9,74.0,2026-06-25 11:11:00,O2020-2,PRIMER
E151,RA1,RA1,77.18181818181819,2026-06-25 11:11:00,O2021-1,PRIMER
E151,RA10,RA10,79.33333333333333,2026-06-25 11:11:00,O2021-1,PRIMER
E151,RA11,RA11,83.0,2026-06-25 11:11:00,O2021-1,PRIMER
E151,RA12,RA12,83.66666666666667,2026-06-25 11:11:00,O2021-1,PRIMER
E151,RA2,RA2,82.75,2026-06-25 11:11:00,O2021-1,PRIMER
E151,RA3,RA3,74.66666666666667,2026-06-25 11:11:00,O2021-1,PRIMER
E151,RA4,RA4,88.0,2026-06-25 11:11:00,O2021-1,PRIMER
E151,RA5,RA5,86.0,2026-06-25 11:11:00,O2021-1,PRIMER
E151,RA6,RA6,82.5,2026-06-25 11:11:00,O2021-1,PRIMER
E151,RA7,RA7,82.71428571428571,2026-06-25 11:11:00,O2021-1,PRIMER
E151,RA9,RA9,81.88235294117646,2026-06-25 11:11:00,O2021-1,PRIMER
E152,RA1,RA1,80.5,2026-06-25 11:11:00,O2021-1,PRIMER
E152,RA10,RA10,78.0,2026-06-25 11:11:00,O2021-1,PRIMER
E152,RA11,RA11,83.0,2026-06-25 11:11:00,O2021-1,PRIMER
E152,RA12,RA12,80.5,2026-06-25 11:11:00,O2021-1,PRIMER
E152,RA2,RA2,80.5,2026-06-25 11:11:00,O2021-1,PRIMER
E152,RA3,RA3,84.0,2026-06-25 11:11:00,O2021-1,PRIMER
E152,RA4,RA4,83.0,2026-06-25 11:11:00,O2021-1,PRIMER
E152,RA5,RA5,87.0,2026-06-25 11:11:00,O2021-1,PRIMER
E152,RA6,RA6,79.6,2026-06-25 11:11:00,O2021-1,PRIMER
E152,RA7,RA7,82.28571428571429,2026-06-25 11:11:00,O2021-1,PRIMER
E152,RA9,RA9,82.86666666666666,2026-06-25 11:11:00,O2021-1,PRIMER
E153,RA1,RA1,84.28571428571429,2026-06-25 11:11:00,O2021-1,PRIMER
E153,RA12,RA12,84.0,2026-06-25 11:11:00,O2021-1,PRIMER
E153,RA2,RA2,83.66666666666667,2026-06-25 11:11:00,O2021-1,PRIMER
E153,RA4,RA4,80.0,2026-06-25 11:11:00,O2021-1,PRIMER
E153,RA5,RA5,78.0,2026-06-25 11:11:00,O2021-1,PRIMER
E153,RA6,RA6,77.0,2026-06-25 11:11:00,O2021-1,PRIMER
E153,RA7,RA7,75.0,2026-06-25 11:11:00,O2021-1,PRIMER
E153,RA9,RA9,85.5,2026-06-25 11:11:00,O2021-1,PRIMER
E154,RA1,RA1,68.5,2026-06-25 11:11:00,O2021-1,PRIMER
E154,RA2,RA2,66.5,2026-06-25 11:11:00,O2021-1,PRIMER
E154,RA5,RA5,77.0,2026-06-25 11:11:00,O2021-1,PRIMER
E154,RA6,RA6,68.5,2026-06-25 11:11:00,O2021-1,PRIMER
E154,RA9,RA9,69.5,2026-06-25 11:11:00,O2021-1,PRIMER
E155,RA1,RA1,75.25,2026-06-25 11:11:00,O2021-1,PRIMER
E155,RA12,RA12,83.0,2026-06-25 11:11:00,O2021-1,PRIMER
E155,RA2,RA2,66.66666666666667,2026-06-25 11:11:00,O2021-1,PRIMER
E155,RA4,RA4,65.5,2026-06-25 11:11:00,O2021-1,PRIMER
E155,RA5,RA5,72.0,2026-06-25 11:11:00,O2021-1,PRIMER
E155,RA6,RA6,69.0,2026-06-25 11:11:00,O2021-1,PRIMER
E155,RA9,RA9,70.375,2026-06-25 11:11:00,O2021-1,PRIMER
E156,RA1,RA1,66.9090909090909,2026-06-25 11:11:00,O2021-1,PRIMER
E156,RA12,RA12,71.0,2026-06-25 11:11:00,O2021-1,PRIMER
E156,RA2,RA2,71.5,2026-06-25 11:11:00,O2021-1,PRIMER
E156,RA4,RA4,66.33333333333333,2026-06-25 11:11:00,O2021-1,PRIMER
E156,RA5,RA5,68.0,2026-06-25 11:11:00,O2021-1,PRIMER
E156,RA6,RA6,76.0,2026-06-25 11:11:00,O2021-1,PRIMER
E156,RA9,RA9,70.25,2026-06-25 11:11:00,O2021-1,PRIMER
E157,RA1,RA1,65.0,2026-06-25 11:11:00,O2021-1,PRIMER
E157,RA2,RA2,67.0,2026-06-25 11:11:00,O2021-1,PRIMER
E157,RA5,RA5,64.0,2026-06-25 11:11:00,O2021-1,PRIMER
E157,RA6,RA6,66.5,2026-06-25 11:11:00,O2021-1,PRIMER
E157,RA9,RA9,67.0,2026-06-25 11:11:00,O2021-1,PRIMER
E158,RA1,RA1,77.75,2026-06-25 11:11:00,O2021-1,PRIMER
E158,RA10,RA10,76.0,2026-06-25 11:11:00,O2021-1,PRIMER
E158,RA11,RA11,87.0,2026-06-25 11:11:00,O2021-1,PRIMER
E158,RA12,RA12,83.83333333333333,2026-06-25 11:11:00,O2021-1,PRIMER
E158,RA2,RA2,74.25,2026-06-25 11:11:00,O2021-1,PRIMER
E158,RA3,RA3,79.5,2026-06-25 11:11:00,O2021-1,PRIMER
E158,RA4,RA4,78.0,2026-06-25 11:11:00,O2021-1,PRIMER
E158,RA5,RA5,76.5,2026-06-25 11:11:00,O2021-1,PRIMER
E158,RA6,RA6,80.0,2026-06-25 11:11:00,O2021-1,PRIMER
E158,RA7,RA7,84.28571428571429,2026-06-25 11:11:00,O2021-1,PRIMER
E158,RA9,RA9,80.4,2026-06-25 11:11:00,O2021-1,PRIMER
E159,RA1,RA1,67.2,2026-06-25 11:11:00,O2021-1,PRIMER
E159,RA2,RA2,65.0,2026-06-25 11:11:00,O2021-1,PRIMER
E159,RA5,RA5,71.0,2026-06-25 11:11:00,O2021-1,PRIMER
E159,RA6,RA6,72.0,2026-06-25 11:11:00,O2021-1,PRIMER
E159,RA9,RA9,73.5,2026-06-25 11:11:00,O2021-1,PRIMER
E16,RA1,RA1,64.75,2026-06-25 11:11:00,O2018-1,PRIMER
E16,RA2,RA2,56.0,2026-06-25 11:11:00,O2018-1,PRIMER
E16,RA5,RA5,61.333333333333336,2026-06-25 11:11:00,O2018-1,PRIMER
E16,RA6,RA6,67.5,2026-06-25 11:11:00,O2018-1,PRIMER
E16,RA9,RA9,62.0,2026-06-25 11:11:00,O2018-1,PRIMER
E160,RA1,RA1,76.5,2026-06-25 11:11:00,O2021-1,PRIMER
E160,RA2,RA2,80.0,2026-06-25 11:11:00,O2021-1,PRIMER
E160,RA5,RA5,81.0,2026-06-25 11:11:00,O2021-1,PRIMER
E160,RA6,RA6,76.0,2026-06-25 11:11:00,O2021-1,PRIMER
E160,RA9,RA9,79.0,2026-06-25 11:11:00,O2021-1,PRIMER
E161,RA1,RA1,80.72727272727273,2026-06-25 11:11:00,O2021-1,PRIMER
E161,RA10,RA10,80.0,2026-06-25 11:11:00,O2021-1,PRIMER
E161,RA11,RA11,81.0,2026-06-25 11:11:00,O2021-1,PRIMER
E161,RA12,RA12,80.83333333333333,2026-06-25 11:11:00,O2021-1,PRIMER
E161,RA2,RA2,80.0,2026-06-25 11:11:00,O2021-1,PRIMER
E161,RA3,RA3,79.0,2026-06-25 11:11:00,O2021-1,PRIMER
E161,RA4,RA4,87.0,2026-06-25 11:11:00,O2021-1,PRIMER
E161,RA5,RA5,80.0,2026-06-25 11:11:00,O2021-1,PRIMER
E161,RA6,RA6,82.0,2026-06-25 11:11:00,O2021-1,PRIMER
E161,RA7,RA7,79.0,2026-06-25 11:11:00,O2021-1,PRIMER
E161,RA9,RA9,80.53333333333333,2026-06-25 11:11:00,O2021-1,PRIMER
E162,RA1,RA1,75.86666666666666,2026-06-25 11:11:00,O2021-1,PRIMER
E162,RA10,RA10,81.0,2026-06-25 11:11:00,O2021-1,PRIMER
E162,RA11,RA11,85.0,2026-06-25 11:11:00,O2021-1,PRIMER
E162,RA12,RA12,72.42857142857143,2026-06-25 11:11:00,O2021-1,PRIMER
E162,RA2,RA2,77.8,2026-06-25 11:11:00,O2021-1,PRIMER
E162,RA3,RA3,69.66666666666667,2026-06-25 11:11:00,O2021-1,PRIMER
E162,RA4,RA4,70.0,2026-06-25 11:11:00,O2021-1,PRIMER
E162,RA5,RA5,76.0,2026-06-25 11:11:00,O2021-1,PRIMER
E162,RA6,RA6,72.125,2026-06-25 11:11:00,O2021-1,PRIMER
E162,RA7,RA7,76.28571428571429,2026-06-25 11:11:00,O2021-1,PRIMER
E162,RA9,RA9,71.95238095238095,2026-06-25 11:11:00,O2021-1,PRIMER
E163,RA1,RA1,76.75,2026-06-25 11:11:00,O2021-1,PRIMER
E163,RA10,RA10,75.6,2026-06-25 11:11:00,O2021-1,PRIMER
E163,RA11,RA11,80.0,2026-06-25 11:11:00,O2021-1,PRIMER
E163,RA12,RA12,77.5,2026-06-25 11:11:00,O2021-1,PRIMER
E163,RA2,RA2,80.25,2026-06-25 11:11:00,O2021-1,PRIMER
E163,RA3,RA3,78.0,2026-06-25 11:11:00,O2021-1,PRIMER
E163,RA4,RA4,79.0,2026-06-25 11:11:00,O2021-1,PRIMER
E163,RA5,RA5,81.0,2026-06-25 11:11:00,O2021-1,PRIMER
E163,RA6,RA6,77.5,2026-06-25 11:11:00,O2021-1,PRIMER
E163,RA7,RA7,78.57142857142857,2026-06-25 11:11:00,O2021-1,PRIMER
E163,RA9,RA9,77.93333333333334,2026-06-25 11:11:00,O2021-1,PRIMER
E164,RA1,RA1,78.25,2026-06-25 11:11:00,O2021-1,PRIMER
E164,RA12,RA12,79.0,2026-06-25 11:11:00,O2021-1,PRIMER
E164,RA2,RA2,77.5,2026-06-25 11:11:00,O2021-1,PRIMER
E164,RA4,RA4,78.0,2026-06-25 11:11:00,O2021-1,PRIMER
E164,RA5,RA5,79.0,2026-06-25 11:11:00,O2021-1,PRIMER
E164,RA6,RA6,71.5,2026-06-25 11:11:00,O2021-1,PRIMER
E164,RA7,RA7,73.5,2026-06-25 11:11:00,O2021-1,PRIMER
E164,RA9,RA9,78.3,2026-06-25 11:11:00,O2021-1,PRIMER
E165,RA1,RA1,79.5,2026-06-25 11:11:00,O2021-1,PRIMER
E165,RA2,RA2,80.0,2026-06-25 11:11:00,O2021-1,PRIMER
E165,RA5,RA5,84.0,2026-06-25 11:11:00,O2021-1,PRIMER
E165,RA6,RA6,82.0,2026-06-25 11:11:00,O2021-1,PRIMER
E165,RA9,RA9,85.0,2026-06-25 11:11:00,O2021-1,PRIMER
E166,RA1,RA1,73.1875,2026-06-25 11:11:00,O2021-1,PRIMER
E166,RA10,RA10,75.33333333333333,2026-06-25 11:11:00,O2021-1,PRIMER
E166,RA11,RA11,74.0,2026-06-25 11:11:00,O2021-1,PRIMER
E166,RA12,RA12,76.83333333333333,2026-06-25 11:11:00,O2021-1,PRIMER
E166,RA2,RA2,78.25,2026-06-25 11:11:00,O2021-1,PRIMER
E166,RA3,RA3,69.0,2026-06-25 11:11:00,O2021-1,PRIMER
E166,RA4,RA4,70.0,2026-06-25 11:11:00,O2021-1,PRIMER
E166,RA5,RA5,85.0,2026-06-25 11:11:00,O2021-1,PRIMER
E166,RA6,RA6,76.8,2026-06-25 11:11:00,O2021-1,PRIMER
E166,RA7,RA7,76.0,2026-06-25 11:11:00,O2021-1,PRIMER
E166,RA9,RA9,76.25,2026-06-25 11:11:00,O2021-1,PRIMER
E167,RA1,RA1,62.0,2026-06-25 11:11:00,O2021-1,PRIMER
E167,RA2,RA2,65.0,2026-06-25 11:11:00,O2021-1,PRIMER
E167,RA5,RA5,70.0,2026-06-25 11:11:00,O2021-1,PRIMER
E167,RA6,RA6,61.666666666666664,2026-06-25 11:11:00,O2021-1,PRIMER
E167,RA9,RA9,67.0,2026-06-25 11:11:00,O2021-1,PRIMER
E168,RA1,RA1,60.0,2026-06-25 11:11:00,O2021-1,PRIMER
E168,RA2,RA2,64.0,2026-06-25 11:11:00,O2021-1,PRIMER
E168,RA5,RA5,53.666666666666664,2026-06-25 11:11:00,O2021-1,PRIMER
E168,RA6,RA6,62.0,2026-06-25 11:11:00,O2021-1,PRIMER
E168,RA9,RA9,58.0,2026-06-25 11:11:00,O2021-1,PRIMER
E169,RA1,RA1,66.33333333333333,2026-06-25 11:11:00,O2021-1,PRIMER
E169,RA2,RA2,58.666666666666664,2026-06-25 11:11:00,O2021-1,PRIMER
E169,RA5,RA5,56.666666666666664,2026-06-25 11:11:00,O2021-1,PRIMER
E169,RA6,RA6,62.5,2026-06-25 11:11:00,O2021-1,PRIMER
E169,RA9,RA9,66.0,2026-06-25 11:11:00,O2021-1,PRIMER
E17,RA1,RA1,64.5,2026-06-25 11:11:00,O2018-1,PRIMER
E17,RA2,RA2,66.33333333333333,2026-06-25 11:11:00,O2018-1,PRIMER
E17,RA5,RA5,68.5,2026-06-25 11:11:00,O2018-1,PRIMER
E17,RA6,RA6,71.5,2026-06-25 11:11:00,O2018-1,PRIMER
E17,RA9,RA9,68.33333333333333,2026-06-25 11:11:00,O2018-1,PRIMER
E170,RA1,RA1,81.63636363636364,2026-06-25 11:11:00,O2021-1,PRIMER
E170,RA10,RA10,84.33333333333333,2026-06-25 11:11:00,O2021-1,PRIMER
E170,RA11,RA11,81.0,2026-06-25 11:11:00,O2021-1,PRIMER
E170,RA12,RA12,81.66666666666667,2026-06-25 11:11:00,O2021-1,PRIMER
E170,RA2,RA2,81.75,2026-06-25 11:11:00,O2021-1,PRIMER
E170,RA3,RA3,80.5,2026-06-25 11:11:00,O2021-1,PRIMER
E170,RA4,RA4,71.0,2026-06-25 11:11:00,O2021-1,PRIMER
E170,RA5,RA5,72.0,2026-06-25 11:11:00,O2021-1,PRIMER
E170,RA6,RA6,83.0,2026-06-25 11:11:00,O2021-1,PRIMER
E170,RA7,RA7,81.57142857142857,2026-06-25 11:11:00,O2021-1,PRIMER
E170,RA9,RA9,80.26666666666667,2026-06-25 11:11:00,O2021-1,PRIMER
E171,RA1,RA1,62.25,2026-06-25 11:11:00,O2021-1,PRIMER
E171,RA2,RA2,60.0,2026-06-25 11:11:00,O2021-1,PRIMER
E171,RA5,RA5,70.0,2026-06-25 11:11:00,O2021-1,PRIMER
E171,RA6,RA6,66.0,2026-06-25 11:11:00,O2021-1,PRIMER
E171,RA9,RA9,72.0,2026-06-25 11:11:00,O2021-1,PRIMER
E172,RA1,RA1,65.5,2026-06-25 11:11:00,O2021-1,PRIMER
E172,RA2,RA2,57.0,2026-06-25 11:11:00,O2021-1,PRIMER
E172,RA5,RA5,58.333333333333336,2026-06-25 11:11:00,O2021-1,PRIMER
E172,RA6,RA6,67.0,2026-06-25 11:11:00,O2021-1,PRIMER
E172,RA9,RA9,62.0,2026-06-25 11:11:00,O2021-1,PRIMER
E173,RA1,RA1,75.16666666666667,2026-06-25 11:11:00,O2021-1,PRIMER
E173,RA10,RA10,73.25,2026-06-25 11:11:00,O2021-1,PRIMER
E173,RA11,RA11,73.0,2026-06-25 11:11:00,O2021-1,PRIMER
E173,RA12,RA12,75.0,2026-06-25 11:11:00,O2021-1,PRIMER
E173,RA2,RA2,74.2,2026-06-25 11:11:00,O2021-1,PRIMER
E173,RA3,RA3,79.0,2026-06-25 11:11:00,O2021-1,PRIMER
E173,RA4,RA4,73.0,2026-06-25 11:11:00,O2021-1,PRIMER
E173,RA5,RA5,72.0,2026-06-25 11:11:00,O2021-1,PRIMER
E173,RA6,RA6,76.5,2026-06-25 11:11:00,O2021-1,PRIMER
E173,RA7,RA7,78.85714285714286,2026-06-25 11:11:00,O2021-1,PRIMER
E173,RA9,RA9,73.38095238095238,2026-06-25 11:11:00,O2021-1,PRIMER
E174,RA1,RA1,85.0,2026-06-25 11:11:00,O2021-1,PRIMER
E174,RA2,RA2,72.0,2026-06-25 11:11:00,O2021-1,PRIMER
E174,RA5,RA5,91.0,2026-06-25 11:11:00,O2021-1,PRIMER
E174,RA6,RA6,91.0,2026-06-25 11:11:00,O2021-1,PRIMER
E174,RA9,RA9,86.0,2026-06-25 11:11:00,O2021-1,PRIMER
E175,RA1,RA1,71.8,2026-06-25 11:11:00,O2021-1,PRIMER
E175,RA12,RA12,74.0,2026-06-25 11:11:00,O2021-1,PRIMER
E175,RA2,RA2,74.0,2026-06-25 11:11:00,O2021-1,PRIMER
E175,RA4,RA4,72.0,2026-06-25 11:11:00,O2021-1,PRIMER
E175,RA5,RA5,72.5,2026-06-25 11:11:00,O2021-1,PRIMER
E175,RA6,RA6,70.33333333333333,2026-06-25 11:11:00,O2021-1,PRIMER
E175,RA7,RA7,70.0,2026-06-25 11:11:00,O2021-1,PRIMER
E175,RA9,RA9,70.66666666666667,2026-06-25 11:11:00,O2021-1,PRIMER
E176,RA1,RA1,88.5,2026-06-25 11:11:00,O2021-2,PRIMER
E176,RA2,RA2,71.0,2026-06-25 11:11:00,O2021-2,PRIMER
E176,RA5,RA5,89.0,2026-06-25 11:11:00,O2021-2,PRIMER
E176,RA6,RA6,94.0,2026-06-25 11:11:00,O2021-2,PRIMER
E176,RA9,RA9,74.0,2026-06-25 11:11:00,O2021-2,PRIMER
E177,RA1,RA1,70.58823529411765,2026-06-25 11:11:00,O2021-2,PRIMER
E177,RA10,RA10,67.0,2026-06-25 11:11:00,O2021-2,PRIMER
E177,RA12,RA12,66.28571428571429,2026-06-25 11:11:00,O2021-2,PRIMER
E177,RA2,RA2,74.66666666666667,2026-06-25 11:11:00,O2021-2,PRIMER
E177,RA3,RA3,72.5,2026-06-25 11:11:00,O2021-2,PRIMER
E177,RA4,RA4,68.5,2026-06-25 11:11:00,O2021-2,PRIMER
E177,RA5,RA5,73.0,2026-06-25 11:11:00,O2021-2,PRIMER
E177,RA6,RA6,73.4,2026-06-25 11:11:00,O2021-2,PRIMER
E177,RA7,RA7,70.375,2026-06-25 11:11:00,O2021-2,PRIMER
E177,RA9,RA9,71.75,2026-06-25 11:11:00,O2021-2,PRIMER
E178,RA1,RA1,83.0,2026-06-25 11:11:00,O2021-2,PRIMER
E178,RA2,RA2,70.0,2026-06-25 11:11:00,O2021-2,PRIMER
E178,RA5,RA5,86.0,2026-06-25 11:11:00,O2021-2,PRIMER
E178,RA6,RA6,74.0,2026-06-25 11:11:00,O2021-2,PRIMER
E178,RA9,RA9,77.0,2026-06-25 11:11:00,O2021-2,PRIMER
E179,RA1,RA1,60.6,2026-06-25 11:11:00,O2021-2,PRIMER
E179,RA2,RA2,62.0,2026-06-25 11:11:00,O2021-2,PRIMER
E179,RA5,RA5,73.0,2026-06-25 11:11:00,O2021-2,PRIMER
E179,RA6,RA6,71.0,2026-06-25 11:11:00,O2021-2,PRIMER
E179,RA9,RA9,67.0,2026-06-25 11:11:00,O2021-2,PRIMER
E18,RA1,RA1,70.2,2026-06-25 11:11:00,O2018-1,PRIMER
E18,RA2,RA2,70.5,2026-06-25 11:11:00,O2018-1,PRIMER
E18,RA5,RA5,64.66666666666667,2026-06-25 11:11:00,O2018-1,PRIMER
E18,RA6,RA6,80.0,2026-06-25 11:11:00,O2018-1,PRIMER
E18,RA9,RA9,75.0,2026-06-25 11:11:00,O2018-1,PRIMER
E180,RA1,RA1,56.75,2026-06-25 11:11:00,O2021-2,PRIMER
E180,RA2,RA2,63.0,2026-06-25 11:11:00,O2021-2,PRIMER
E180,RA5,RA5,60.333333333333336,2026-06-25 11:11:00,O2021-2,PRIMER
E180,RA6,RA6,62.0,2026-06-25 11:11:00,O2021-2,PRIMER
E180,RA9,RA9,73.0,2026-06-25 11:11:00,O2021-2,PRIMER
E181,RA1,RA1,66.2,2026-06-25 11:11:00,O2021-2,PRIMER
E181,RA2,RA2,60.75,2026-06-25 11:11:00,O2021-2,PRIMER
E181,RA5,RA5,71.0,2026-06-25 11:11:00,O2021-2,PRIMER
E181,RA6,RA6,71.0,2026-06-25 11:11:00,O2021-2,PRIMER
E181,RA9,RA9,69.5,2026-06-25 11:11:00,O2021-2,PRIMER
E182,RA1,RA1,69.75,2026-06-25 11:11:00,O2021-2,PRIMER
E182,RA2,RA2,67.66666666666667,2026-06-25 11:11:00,O2021-2,PRIMER
E182,RA5,RA5,62.666666666666664,2026-06-25 11:11:00,O2021-2,PRIMER
E182,RA6,RA6,73.0,2026-06-25 11:11:00,O2021-2,PRIMER
E182,RA9,RA9,64.0,2026-06-25 11:11:00,O2021-2,PRIMER
E183,RA1,RA1,62.0,2026-06-25 11:11:00,O2021-2,PRIMER
E183,RA2,RA2,55.0,2026-06-25 11:11:00,O2021-2,PRIMER
E183,RA5,RA5,64.66666666666667,2026-06-25 11:11:00,O2021-2,PRIMER
E183,RA6,RA6,56.5,2026-06-25 11:11:00,O2021-2,PRIMER
E183,RA9,RA9,60.5,2026-06-25 11:11:00,O2021-2,PRIMER
E184,RA1,RA1,81.0,2026-06-25 11:11:00,O2021-2,PRIMER
E184,RA10,RA10,78.33333333333333,2026-06-25 11:11:00,O2021-2,PRIMER
E184,RA11,RA11,79.0,2026-06-25 11:11:00,O2021-2,PRIMER
E184,RA12,RA12,75.125,2026-06-25 11:11:00,O2021-2,PRIMER
E184,RA2,RA2,78.25,2026-06-25 11:11:00,O2021-2,PRIMER
E184,RA3,RA3,71.0,2026-06-25 11:11:00,O2021-2,PRIMER
E184,RA4,RA4,68.5,2026-06-25 11:11:00,O2021-2,PRIMER
E184,RA5,RA5,81.0,2026-06-25 11:11:00,O2021-2,PRIMER
E184,RA6,RA6,80.75,2026-06-25 11:11:00,O2021-2,PRIMER
E184,RA7,RA7,77.71428571428571,2026-06-25 11:11:00,O2021-2,PRIMER
E184,RA9,RA9,78.86666666666666,2026-06-25 11:11:00,O2021-2,PRIMER
E185,RA1,RA1,86.0909090909091,2026-06-25 11:11:00,O2021-2,PRIMER
E185,RA10,RA10,80.0,2026-06-25 11:11:00,O2021-2,PRIMER
E185,RA11,RA11,84.0,2026-06-25 11:11:00,O2021-2,PRIMER
E185,RA12,RA12,80.71428571428571,2026-06-25 11:11:00,O2021-2,PRIMER
E185,RA2,RA2,81.25,2026-06-25 11:11:00,O2021-2,PRIMER
E185,RA3,RA3,79.5,2026-06-25 11:11:00,O2021-2,PRIMER
E185,RA4,RA4,72.0,2026-06-25 11:11:00,O2021-2,PRIMER
E185,RA5,RA5,74.0,2026-06-25 11:11:00,O2021-2,PRIMER
E185,RA6,RA6,82.5,2026-06-25 11:11:00,O2021-2,PRIMER
E185,RA7,RA7,82.0,2026-06-25 11:11:00,O2021-2,PRIMER
E185,RA9,RA9,81.4,2026-06-25 11:11:00,O2021-2,PRIMER
E186,RA1,RA1,78.0,2026-06-25 11:11:00,O2021-2,PRIMER
E186,RA2,RA2,78.0,2026-06-25 11:11:00,O2021-2,PRIMER
E186,RA5,RA5,82.0,2026-06-25 11:11:00,O2021-2,PRIMER
E186,RA6,RA6,83.0,2026-06-25 11:11:00,O2021-2,PRIMER
E186,RA9,RA9,76.5,2026-06-25 11:11:00,O2021-2,PRIMER
E187,RA1,RA1,59.0,2026-06-25 11:11:00,O2021-2,PRIMER
E187,RA2,RA2,67.0,2026-06-25 11:11:00,O2021-2,PRIMER
E187,RA5,RA5,63.333333333333336,2026-06-25 11:11:00,O2021-2,PRIMER
E187,RA6,RA6,62.5,2026-06-25 11:11:00,O2021-2,PRIMER
E187,RA9,RA9,74.0,2026-06-25 11:11:00,O2021-2,PRIMER
E188,RA1,RA1,83.41666666666667,2026-06-25 11:11:00,O2021-2,PRIMER
E188,RA10,RA10,86.66666666666667,2026-06-25 11:11:00,O2021-2,PRIMER
E188,RA11,RA11,82.0,2026-06-25 11:11:00,O2021-2,PRIMER
E188,RA12,RA12,81.5,2026-06-25 11:11:00,O2021-2,PRIMER
E188,RA2,RA2,81.25,2026-06-25 11:11:00,O2021-2,PRIMER
E188,RA3,RA3,87.0,2026-06-25 11:11:00,O2021-2,PRIMER
E188,RA4,RA4,85.0,2026-06-25 11:11:00,O2021-2,PRIMER
E188,RA5,RA5,74.0,2026-06-25 11:11:00,O2021-2,PRIMER
E188,RA6,RA6,81.25,2026-06-25 11:11:00,O2021-2,PRIMER
E188,RA7,RA7,81.42857142857143,2026-06-25 11:11:00,O2021-2,PRIMER
E188,RA9,RA9,81.8,2026-06-25 11:11:00,O2021-2,PRIMER
E189,RA1,RA1,85.9090909090909,2026-06-25 11:11:00,O2021-2,PRIMER
E189,RA10,RA10,82.0,2026-06-25 11:11:00,O2021-2,PRIMER
E189,RA11,RA11,87.0,2026-06-25 11:11:00,O2021-2,PRIMER
E189,RA12,RA12,87.66666666666667,2026-06-25 11:11:00,O2021-2,PRIMER
E189,RA2,RA2,80.0,2026-06-25 11:11:00,O2021-2,PRIMER
E189,RA3,RA3,89.0,2026-06-25 11:11:00,O2021-2,PRIMER
E189,RA4,RA4,78.0,2026-06-25 11:11:00,O2021-2,PRIMER
E189,RA5,RA5,82.0,2026-06-25 11:11:00,O2021-2,PRIMER
E189,RA6,RA6,82.0,2026-06-25 11:11:00,O2021-2,PRIMER
E189,RA7,RA7,80.75,2026-06-25 11:11:00,O2021-2,PRIMER
E189,RA9,RA9,86.73333333333333,2026-06-25 11:11:00,O2021-2,PRIMER
E19,RA1,RA1,78.46153846153847,2026-06-25 11:11:00,O2018-1,PRIMER
E19,RA10,RA10,79.66666666666667,2026-06-25 11:11:00,O2018-1,PRIMER
E19,RA11,RA11,75.0,2026-06-25 11:11:00,O2018-1,PRIMER
E19,RA12,RA12,77.57142857142857,2026-06-25 11:11:00,O2018-1,PRIMER
E19,RA2,RA2,78.2,2026-06-25 11:11:00,O2018-1,PRIMER
E19,RA3,RA3,81.0,2026-06-25 11:11:00,O2018-1,PRIMER
E19,RA4,RA4,86.0,2026-06-25 11:11:00,O2018-1,PRIMER
E19,RA5,RA5,74.0,2026-06-25 11:11:00,O2018-1,PRIMER
E19,RA6,RA6,76.25,2026-06-25 11:11:00,O2018-1,PRIMER
E19,RA7,RA7,78.42857142857143,2026-06-25 11:11:00,O2018-1,PRIMER
E19,RA9,RA9,77.6875,2026-06-25 11:11:00,O2018-1,PRIMER
E190,RA1,RA1,73.0,2026-06-25 11:11:00,O2021-2,PRIMER
E190,RA10,RA10,82.0,2026-06-25 11:11:00,O2021-2,PRIMER
E190,RA11,RA11,80.0,2026-06-25 11:11:00,O2021-2,PRIMER
E190,RA12,RA12,74.57142857142857,2026-06-25 11:11:00,O2021-2,PRIMER
E190,RA2,RA2,73.83333333333333,2026-06-25 11:11:00,O2021-2,PRIMER
E190,RA3,RA3,92.0,2026-06-25 11:11:00,O2021-2,PRIMER
E190,RA4,RA4,70.5,2026-06-25 11:11:00,O2021-2,PRIMER
E190,RA5,RA5,75.0,2026-06-25 11:11:00,O2021-2,PRIMER
E190,RA6,RA6,73.25,2026-06-25 11:11:00,O2021-2,PRIMER
E190,RA7,RA7,75.0,2026-06-25 11:11:00,O2021-2,PRIMER
E190,RA9,RA9,72.95454545454545,2026-06-25 11:11:00,O2021-2,PRIMER
E191,RA1,RA1,81.81818181818181,2026-06-25 11:11:00,O2021-2,PRIMER
E191,RA10,RA10,81.33333333333333,2026-06-25 11:11:00,O2021-2,PRIMER
E191,RA11,RA11,73.0,2026-06-25 11:11:00,O2021-2,PRIMER
E191,RA12,RA12,81.5,2026-06-25 11:11:00,O2021-2,PRIMER
E191,RA2,RA2,82.5,2026-06-25 11:11:00,O2021-2,PRIMER
E191,RA3,RA3,83.0,2026-06-25 11:11:00,O2021-2,PRIMER
E191,RA4,RA4,86.0,2026-06-25 11:11:00,O2021-2,PRIMER
E191,RA5,RA5,80.0,2026-06-25 11:11:00,O2021-2,PRIMER
E191,RA6,RA6,81.5,2026-06-25 11:11:00,O2021-2,PRIMER
E191,RA7,RA7,83.42857142857143,2026-06-25 11:11:00,O2021-2,PRIMER
E191,RA9,RA9,80.1875,2026-06-25 11:11:00,O2021-2,PRIMER
E192,RA1,RA1,70.0,2026-06-25 11:11:00,O2021-2,PRIMER
E192,RA12,RA12,71.0,2026-06-25 11:11:00,O2021-2,PRIMER
E192,RA2,RA2,66.2,2026-06-25 11:11:00,O2021-2,PRIMER
E192,RA3,RA3,75.0,2026-06-25 11:11:00,O2021-2,PRIMER
E192,RA4,RA4,77.0,2026-06-25 11:11:00,O2021-2,PRIMER
E192,RA5,RA5,70.0,2026-06-25 11:11:00,O2021-2,PRIMER
E192,RA6,RA6,75.0,2026-06-25 11:11:00,O2021-2,PRIMER
E192,RA7,RA7,72.75,2026-06-25 11:11:00,O2021-2,PRIMER
E192,RA9,RA9,71.25,2026-06-25 11:11:00,O2021-2,PRIMER
E193,RA1,RA1,67.0,2026-06-25 11:11:00,O2021-2,PRIMER
E193,RA2,RA2,69.5,2026-06-25 11:11:00,O2021-2,PRIMER
E193,RA5,RA5,66.66666666666667,2026-06-25 11:11:00,O2021-2,PRIMER
E193,RA6,RA6,63.0,2026-06-25 11:11:00,O2021-2,PRIMER
E193,RA9,RA9,71.5,2026-06-25 11:11:00,O2021-2,PRIMER
E194,RA1,RA1,60.25,2026-06-25 11:11:00,O2021-2,PRIMER
E194,RA2,RA2,64.5,2026-06-25 11:11:00,O2021-2,PRIMER
E194,RA5,RA5,61.333333333333336,2026-06-25 11:11:00,O2021-2,PRIMER
E194,RA6,RA6,64.0,2026-06-25 11:11:00,O2021-2,PRIMER
E194,RA9,RA9,48.0,2026-06-25 11:11:00,O2021-2,PRIMER
E195,RA1,RA1,63.25,2026-06-25 11:11:00,O2021-2,PRIMER
E195,RA2,RA2,64.66666666666667,2026-06-25 11:11:00,O2021-2,PRIMER
E195,RA5,RA5,67.0,2026-06-25 11:11:00,O2021-2,PRIMER
E195,RA6,RA6,70.0,2026-06-25 11:11:00,O2021-2,PRIMER
E195,RA9,RA9,66.5,2026-06-25 11:11:00,O2021-2,PRIMER
E196,RA1,RA1,85.27272727272727,2026-06-25 11:11:00,O2021-2,PRIMER
E196,RA10,RA10,85.33333333333333,2026-06-25 11:11:00,O2021-2,PRIMER
E196,RA11,RA11,89.0,2026-06-25 11:11:00,O2021-2,PRIMER
E196,RA12,RA12,82.33333333333333,2026-06-25 11:11:00,O2021-2,PRIMER
E196,RA2,RA2,80.75,2026-06-25 11:11:00,O2021-2,PRIMER
E196,RA3,RA3,80.5,2026-06-25 11:11:00,O2021-2,PRIMER
E196,RA4,RA4,84.0,2026-06-25 11:11:00,O2021-2,PRIMER
E196,RA5,RA5,80.0,2026-06-25 11:11:00,O2021-2,PRIMER
E196,RA6,RA6,81.75,2026-06-25 11:11:00,O2021-2,PRIMER
E196,RA7,RA7,85.85714285714286,2026-06-25 11:11:00,O2021-2,PRIMER
E196,RA9,RA9,80.70588235294117,2026-06-25 11:11:00,O2021-2,PRIMER
E197,RA1,RA1,61.25,2026-06-25 11:11:00,O2021-2,PRIMER
E197,RA2,RA2,62.5,2026-06-25 11:11:00,O2021-2,PRIMER
E197,RA5,RA5,54.333333333333336,2026-06-25 11:11:00,O2021-2,PRIMER
E197,RA6,RA6,66.0,2026-06-25 11:11:00,O2021-2,PRIMER
E197,RA9,RA9,62.0,2026-06-25 11:11:00,O2021-2,PRIMER
E198,RA1,RA1,77.83333333333333,2026-06-25 11:11:00,O2021-2,PRIMER
E198,RA10,RA10,81.66666666666667,2026-06-25 11:11:00,O2021-2,PRIMER
E198,RA11,RA11,74.0,2026-06-25 11:11:00,O2021-2,PRIMER
E198,RA12,RA12,79.85714285714286,2026-06-25 11:11:00,O2021-2,PRIMER
E198,RA2,RA2,74.0,2026-06-25 11:11:00,O2021-2,PRIMER
E198,RA3,RA3,84.5,2026-06-25 11:11:00,O2021-2,PRIMER
E198,RA4,RA4,78.0,2026-06-25 11:11:00,O2021-2,PRIMER
E198,RA5,RA5,73.0,2026-06-25 11:11:00,O2021-2,PRIMER
E198,RA6,RA6,84.0,2026-06-25 11:11:00,O2021-2,PRIMER
E198,RA7,RA7,78.85714285714286,2026-06-25 11:11:00,O2021-2,PRIMER
E198,RA9,RA9,80.8,2026-06-25 11:11:00,O2021-2,PRIMER
E199,RA1,RA1,77.125,2026-06-25 11:11:00,O2021-2,PRIMER
E199,RA12,RA12,88.0,2026-06-25 11:11:00,O2021-2,PRIMER
E199,RA2,RA2,78.33333333333333,2026-06-25 11:11:00,O2021-2,PRIMER
E199,RA4,RA4,75.0,2026-06-25 11:11:00,O2021-2,PRIMER
E199,RA5,RA5,73.0,2026-06-25 11:11:00,O2021-2,PRIMER
E199,RA6,RA6,78.0,2026-06-25 11:11:00,O2021-2,PRIMER
E199,RA7,RA7,70.0,2026-06-25 11:11:00,O2021-2,PRIMER
E199,RA9,RA9,74.45454545454545,2026-06-25 11:11:00,O2021-2,PRIMER
E2,RA1,RA1,81.0,2026-06-25 11:11:00,O2018-1,PRIMER
E2,RA2,RA2,76.0,2026-06-25 11:11:00,O2018-1,PRIMER
E2,RA5,RA5,92.0,2026-06-25 11:11:00,O2018-1,PRIMER
E2,RA6,RA6,72.0,2026-06-25 11:11:00,O2018-1,PRIMER
E2,RA9,RA9,84.0,2026-06-25 11:11:00,O2018-1,PRIMER
E20,RA1,RA1,62.0,2026-06-25 11:11:00,O2018-1,PRIMER
E20,RA2,RA2,61.333333333333336,2026-06-25 11:11:00,O2018-1,PRIMER
E20,RA5,RA5,62.333333333333336,2026-06-25 11:11:00,O2018-1,PRIMER
E20,RA6,RA6,71.0,2026-06-25 11:11:00,O2018-1,PRIMER
E20,RA9,RA9,66.0,2026-06-25 11:11:00,O2018-1,PRIMER
E200,RA1,RA1,81.9090909090909,2026-06-25 11:11:00,O2021-2,PRIMER
E200,RA10,RA10,82.0,2026-06-25 11:11:00,O2021-2,PRIMER
E200,RA11,RA11,81.0,2026-06-25 11:11:00,O2021-2,PRIMER
E200,RA12,RA12,83.83333333333333,2026-06-25 11:11:00,O2021-2,PRIMER
E200,RA2,RA2,81.0,2026-06-25 11:11:00,O2021-2,PRIMER
E200,RA3,RA3,80.0,2026-06-25 11:11:00,O2021-2,PRIMER
E200,RA4,RA4,90.0,2026-06-25 11:11:00,O2021-2,PRIMER
E200,RA5,RA5,77.0,2026-06-25 11:11:00,O2021-2,PRIMER
E200,RA6,RA6,83.75,2026-06-25 11:11:00,O2021-2,PRIMER
E200,RA7,RA7,83.85714285714286,2026-06-25 11:11:00,O2021-2,PRIMER
E200,RA9,RA9,82.125,2026-06-25 11:11:00,O2021-2,PRIMER
E201,RA1,RA1,72.66666666666667,2026-06-25 11:11:00,O2022-1,PRIMER
E201,RA10,RA10,73.5,2026-06-25 11:11:00,O2022-1,PRIMER
E201,RA11,RA11,72.0,2026-06-25 11:11:00,O2022-1,PRIMER
E201,RA12,RA12,73.8,2026-06-25 11:11:00,O2022-1,PRIMER
E201,RA2,RA2,73.66666666666667,2026-06-25 11:11:00,O2022-1,PRIMER
E201,RA3,RA3,72.0,2026-06-25 11:11:00,O2022-1,PRIMER
E201,RA4,RA4,70.0,2026-06-25 11:11:00,O2022-1,PRIMER
E201,RA5,RA5,71.0,2026-06-25 11:11:00,O2022-1,PRIMER
E201,RA6,RA6,70.2,2026-06-25 11:11:00,O2022-1,PRIMER
E201,RA7,RA7,74.25,2026-06-25 11:11:00,O2022-1,PRIMER
E201,RA9,RA9,73.52941176470588,2026-06-25 11:11:00,O2022-1,PRIMER
E202,RA1,RA1,71.72222222222223,2026-06-25 11:11:00,O2022-1,PRIMER
E202,RA12,RA12,76.33333333333333,2026-06-25 11:11:00,O2022-1,PRIMER
E202,RA2,RA2,78.33333333333333,2026-06-25 11:11:00,O2022-1,PRIMER
E202,RA3,RA3,78.0,2026-06-25 11:11:00,O2022-1,PRIMER
E202,RA4,RA4,67.0,2026-06-25 11:11:00,O2022-1,PRIMER
E202,RA5,RA5,71.5,2026-06-25 11:11:00,O2022-1,PRIMER
E202,RA6,RA6,73.66666666666667,2026-06-25 11:11:00,O2022-1,PRIMER
E202,RA7,RA7,71.2,2026-06-25 11:11:00,O2022-1,PRIMER
E202,RA9,RA9,73.77777777777777,2026-06-25 11:11:00,O2022-1,PRIMER
E203,RA1,RA1,70.5,2026-06-25 11:11:00,O2022-1,PRIMER
E203,RA2,RA2,74.0,2026-06-25 11:11:00,O2022-1,PRIMER
E203,RA5,RA5,81.0,2026-06-25 11:11:00,O2022-1,PRIMER
E203,RA6,RA6,78.0,2026-06-25 11:11:00,O2022-1,PRIMER
E203,RA9,RA9,81.0,2026-06-25 11:11:00,O2022-1,PRIMER
E204,RA1,RA1,59.0,2026-06-25 11:11:00,O2022-1,PRIMER
E204,RA2,RA2,60.5,2026-06-25 11:11:00,O2022-1,PRIMER
E204,RA5,RA5,69.5,2026-06-25 11:11:00,O2022-1,PRIMER
E204,RA6,RA6,60.333333333333336,2026-06-25 11:11:00,O2022-1,PRIMER
E204,RA9,RA9,66.0,2026-06-25 11:11:00,O2022-1,PRIMER
E205,RA1,RA1,80.71428571428571,2026-06-25 11:11:00,O2022-1,PRIMER
E205,RA12,RA12,83.0,2026-06-25 11:11:00,O2022-1,PRIMER
E205,RA2,RA2,80.0,2026-06-25 11:11:00,O2022-1,PRIMER
E205,RA4,RA4,81.0,2026-06-25 11:11:00,O2022-1,PRIMER
E205,RA5,RA5,88.0,2026-06-25 11:11:00,O2022-1,PRIMER
E205,RA6,RA6,83.0,2026-06-25 11:11:00,O2022-1,PRIMER
E205,RA7,RA7,84.0,2026-06-25 11:11:00,O2022-1,PRIMER
E205,RA9,RA9,87.375,2026-06-25 11:11:00,O2022-1,PRIMER
E206,RA1,RA1,70.53846153846153,2026-06-25 11:11:00,O2022-1,PRIMER
E206,RA12,RA12,82.0,2026-06-25 11:11:00,O2022-1,PRIMER
E206,RA2,RA2,73.75,2026-06-25 11:11:00,O2022-1,PRIMER
E206,RA4,RA4,78.0,2026-06-25 11:11:00,O2022-1,PRIMER
E206,RA5,RA5,70.0,2026-06-25 11:11:00,O2022-1,PRIMER
E206,RA6,RA6,77.0,2026-06-25 11:11:00,O2022-1,PRIMER
E206,RA7,RA7,69.0,2026-06-25 11:11:00,O2022-1,PRIMER
E206,RA9,RA9,68.72222222222223,2026-06-25 11:11:00,O2022-1,PRIMER
E207,RA1,RA1,70.76923076923077,2026-06-25 11:11:00,O2022-1,PRIMER
E207,RA12,RA12,70.0,2026-06-25 11:11:00,O2022-1,PRIMER
E207,RA2,RA2,71.85714285714286,2026-06-25 11:11:00,O2022-1,PRIMER
E207,RA4,RA4,76.0,2026-06-25 11:11:00,O2022-1,PRIMER
E207,RA5,RA5,69.5,2026-06-25 11:11:00,O2022-1,PRIMER
E207,RA6,RA6,68.0,2026-06-25 11:11:00,O2022-1,PRIMER
E207,RA7,RA7,73.0,2026-06-25 11:11:00,O2022-1,PRIMER
E207,RA9,RA9,74.25,2026-06-25 11:11:00,O2022-1,PRIMER
E208,RA1,RA1,72.29411764705883,2026-06-25 11:11:00,O2022-1,PRIMER
E208,RA10,RA10,86.0,2026-06-25 11:11:00,O2022-1,PRIMER
E208,RA12,RA12,79.0,2026-06-25 11:11:00,O2022-1,PRIMER
E208,RA2,RA2,74.75,2026-06-25 11:11:00,O2022-1,PRIMER
E208,RA3,RA3,79.0,2026-06-25 11:11:00,O2022-1,PRIMER
E208,RA4,RA4,71.0,2026-06-25 11:11:00,O2022-1,PRIMER
E208,RA5,RA5,75.0,2026-06-25 11:11:00,O2022-1,PRIMER
E208,RA6,RA6,76.5,2026-06-25 11:11:00,O2022-1,PRIMER
E208,RA7,RA7,76.57142857142857,2026-06-25 11:11:00,O2022-1,PRIMER
E208,RA9,RA9,74.83333333333333,2026-06-25 11:11:00,O2022-1,PRIMER
E209,RA1,RA1,78.5,2026-06-25 11:11:00,O2022-1,PRIMER
E209,RA10,RA10,70.0,2026-06-25 11:11:00,O2022-1,PRIMER
E209,RA11,RA11,79.0,2026-06-25 11:11:00,O2022-1,PRIMER
E209,RA12,RA12,75.83333333333333,2026-06-25 11:11:00,O2022-1,PRIMER
E209,RA2,RA2,80.25,2026-06-25 11:11:00,O2022-1,PRIMER
E209,RA3,RA3,73.5,2026-06-25 11:11:00,O2022-1,PRIMER
E209,RA4,RA4,74.0,2026-06-25 11:11:00,O2022-1,PRIMER
E209,RA5,RA5,74.0,2026-06-25 11:11:00,O2022-1,PRIMER
E209,RA6,RA6,77.0,2026-06-25 11:11:00,O2022-1,PRIMER
E209,RA7,RA7,77.375,2026-06-25 11:11:00,O2022-1,PRIMER
E209,RA9,RA9,74.88235294117646,2026-06-25 11:11:00,O2022-1,PRIMER
E21,RA1,RA1,81.875,2026-06-25 11:11:00,O2018-1,PRIMER
E21,RA12,RA12,90.0,2026-06-25 11:11:00,O2018-1,PRIMER
E21,RA2,RA2,80.0,2026-06-25 11:11:00,O2018-1,PRIMER
E21,RA4,RA4,74.0,2026-06-25 11:11:00,O2018-1,PRIMER
E21,RA5,RA5,75.0,2026-06-25 11:11:00,O2018-1,PRIMER
E21,RA6,RA6,78.5,2026-06-25 11:11:00,O2018-1,PRIMER
E21,RA7,RA7,75.66666666666667,2026-06-25 11:11:00,O2018-1,PRIMER
E21,RA9,RA9,79.7,2026-06-25 11:11:00,O2018-1,PRIMER
E210,RA1,RA1,78.5,2026-06-25 11:11:00,O2022-1,PRIMER
E210,RA10,RA10,84.33333333333333,2026-06-25 11:11:00,O2022-1,PRIMER
E210,RA11,RA11,72.5,2026-06-25 11:11:00,O2022-1,PRIMER
E210,RA12,RA12,80.33333333333333,2026-06-25 11:11:00,O2022-1,PRIMER
E210,RA2,RA2,77.75,2026-06-25 11:11:00,O2022-1,PRIMER
E210,RA3,RA3,79.5,2026-06-25 11:11:00,O2022-1,PRIMER
E210,RA4,RA4,77.0,2026-06-25 11:11:00,O2022-1,PRIMER
E210,RA5,RA5,75.0,2026-06-25 11:11:00,O2022-1,PRIMER
E210,RA6,RA6,81.2,2026-06-25 11:11:00,O2022-1,PRIMER
E210,RA7,RA7,78.71428571428571,2026-06-25 11:11:00,O2022-1,PRIMER
E210,RA9,RA9,78.47058823529412,2026-06-25 11:11:00,O2022-1,PRIMER
E211,RA1,RA1,81.54545454545455,2026-06-25 11:11:00,O2022-1,PRIMER
E211,RA10,RA10,79.66666666666667,2026-06-25 11:11:00,O2022-1,PRIMER
E211,RA11,RA11,89.0,2026-06-25 11:11:00,O2022-1,PRIMER
E211,RA12,RA12,83.5,2026-06-25 11:11:00,O2022-1,PRIMER
E211,RA2,RA2,79.75,2026-06-25 11:11:00,O2022-1,PRIMER
E211,RA3,RA3,85.0,2026-06-25 11:11:00,O2022-1,PRIMER
E211,RA4,RA4,96.0,2026-06-25 11:11:00,O2022-1,PRIMER
E211,RA5,RA5,82.0,2026-06-25 11:11:00,O2022-1,PRIMER
E211,RA6,RA6,84.5,2026-06-25 11:11:00,O2022-1,PRIMER
E211,RA7,RA7,79.42857142857143,2026-06-25 11:11:00,O2022-1,PRIMER
E211,RA9,RA9,83.8,2026-06-25 11:11:00,O2022-1,PRIMER
E212,RA1,RA1,72.0,2026-06-25 11:11:00,O2022-1,PRIMER
E212,RA2,RA2,69.0,2026-06-25 11:11:00,O2022-1,PRIMER
E212,RA5,RA5,70.5,2026-06-25 11:11:00,O2022-1,PRIMER
E212,RA6,RA6,70.0,2026-06-25 11:11:00,O2022-1,PRIMER
E212,RA9,RA9,68.0,2026-06-25 11:11:00,O2022-1,PRIMER
E213,RA1,RA1,73.71428571428571,2026-06-25 11:11:00,O2022-1,PRIMER
E213,RA10,RA10,70.5,2026-06-25 11:11:00,O2022-1,PRIMER
E213,RA12,RA12,72.8,2026-06-25 11:11:00,O2022-1,PRIMER
E213,RA2,RA2,79.0,2026-06-25 11:11:00,O2022-1,PRIMER
E213,RA3,RA3,75.0,2026-06-25 11:11:00,O2022-1,PRIMER
E213,RA4,RA4,75.0,2026-06-25 11:11:00,O2022-1,PRIMER
E213,RA5,RA5,84.0,2026-06-25 11:11:00,O2022-1,PRIMER
E213,RA6,RA6,76.5,2026-06-25 11:11:00,O2022-1,PRIMER
E213,RA7,RA7,72.85714285714286,2026-06-25 11:11:00,O2022-1,PRIMER
E213,RA9,RA9,73.33333333333333,2026-06-25 11:11:00,O2022-1,PRIMER
E214,RA1,RA1,67.0,2026-06-25 11:11:00,O2022-1,PRIMER
E214,RA2,RA2,60.666666666666664,2026-06-25 11:11:00,O2022-1,PRIMER
E214,RA5,RA5,66.5,2026-06-25 11:11:00,O2022-1,PRIMER
E214,RA6,RA6,63.333333333333336,2026-06-25 11:11:00,O2022-1,PRIMER
E214,RA9,RA9,65.5,2026-06-25 11:11:00,O2022-1,PRIMER
E215,RA1,RA1,68.75,2026-06-25 11:11:00,O2022-1,PRIMER
E215,RA2,RA2,63.666666666666664,2026-06-25 11:11:00,O2022-1,PRIMER
E215,RA5,RA5,72.0,2026-06-25 11:11:00,O2022-1,PRIMER
E215,RA6,RA6,69.0,2026-06-25 11:11:00,O2022-1,PRIMER
E215,RA9,RA9,60.0,2026-06-25 11:11:00,O2022-1,PRIMER
E216,RA1,RA1,63.0,2026-06-25 11:11:00,O2022-1,PRIMER
E216,RA2,RA2,66.5,2026-06-25 11:11:00,O2022-1,PRIMER
E216,RA5,RA5,71.0,2026-06-25 11:11:00,O2022-1,PRIMER
E216,RA6,RA6,67.0,2026-06-25 11:11:00,O2022-1,PRIMER
E216,RA9,RA9,60.5,2026-06-25 11:11:00,O2022-1,PRIMER
E217,RA1,RA1,72.66666666666667,2026-06-25 11:11:00,O2022-1,PRIMER
E217,RA2,RA2,70.33333333333333,2026-06-25 11:11:00,O2022-1,PRIMER
E217,RA5,RA5,71.0,2026-06-25 11:11:00,O2022-1,PRIMER
E217,RA6,RA6,64.66666666666667,2026-06-25 11:11:00,O2022-1,PRIMER
E217,RA9,RA9,74.0,2026-06-25 11:11:00,O2022-1,PRIMER
E218,RA1,RA1,74.61538461538461,2026-06-25 11:11:00,O2022-1,PRIMER
E218,RA10,RA10,80.0,2026-06-25 11:11:00,O2022-1,PRIMER
E218,RA12,RA12,73.0,2026-06-25 11:11:00,O2022-1,PRIMER
E218,RA2,RA2,71.4,2026-06-25 11:11:00,O2022-1,PRIMER
E218,RA3,RA3,70.0,2026-06-25 11:11:00,O2022-1,PRIMER
E218,RA4,RA4,73.0,2026-06-25 11:11:00,O2022-1,PRIMER
E218,RA5,RA5,79.0,2026-06-25 11:11:00,O2022-1,PRIMER
E218,RA6,RA6,75.16666666666667,2026-06-25 11:11:00,O2022-1,PRIMER
E218,RA7,RA7,77.875,2026-06-25 11:11:00,O2022-1,PRIMER
E218,RA9,RA9,76.29411764705883,2026-06-25 11:11:00,O2022-1,PRIMER
E219,RA1,RA1,59.75,2026-06-25 11:11:00,O2022-1,PRIMER
E219,RA2,RA2,63.0,2026-06-25 11:11:00,O2022-1,PRIMER
E219,RA5,RA5,58.333333333333336,2026-06-25 11:11:00,O2022-1,PRIMER
E219,RA6,RA6,65.0,2026-06-25 11:11:00,O2022-1,PRIMER
E219,RA9,RA9,61.5,2026-06-25 11:11:00,O2022-1,PRIMER
E22,RA1,RA1,66.75,2026-06-25 11:11:00,O2018-1,PRIMER
E22,RA2,RA2,55.5,2026-06-25 11:11:00,O2018-1,PRIMER
E22,RA5,RA5,59.666666666666664,2026-06-25 11:11:00,O2018-1,PRIMER
E22,RA6,RA6,55.0,2026-06-25 11:11:00,O2018-1,PRIMER
E22,RA9,RA9,66.5,2026-06-25 11:11:00,O2018-1,PRIMER
E220,RA1,RA1,69.66666666666667,2026-06-25 11:11:00,O2022-1,PRIMER
E220,RA2,RA2,59.333333333333336,2026-06-25 11:11:00,O2022-1,PRIMER
E220,RA5,RA5,62.666666666666664,2026-06-25 11:11:00,O2022-1,PRIMER
E220,RA6,RA6,70.0,2026-06-25 11:11:00,O2022-1,PRIMER
E220,RA9,RA9,67.5,2026-06-25 11:11:00,O2022-1,PRIMER
E221,RA1,RA1,58.5,2026-06-25 11:11:00,O2022-1,PRIMER
E221,RA2,RA2,58.333333333333336,2026-06-25 11:11:00,O2022-1,PRIMER
E221,RA5,RA5,65.33333333333333,2026-06-25 11:11:00,O2022-1,PRIMER
E221,RA6,RA6,66.0,2026-06-25 11:11:00,O2022-1,PRIMER
E221,RA9,RA9,72.0,2026-06-25 11:11:00,O2022-1,PRIMER
E222,RA1,RA1,77.85714285714286,2026-06-25 11:11:00,O2022-1,PRIMER
E222,RA12,RA12,91.0,2026-06-25 11:11:00,O2022-1,PRIMER
E222,RA2,RA2,82.0,2026-06-25 11:11:00,O2022-1,PRIMER
E222,RA4,RA4,80.0,2026-06-25 11:11:00,O2022-1,PRIMER
E222,RA5,RA5,81.0,2026-06-25 11:11:00,O2022-1,PRIMER
E222,RA6,RA6,74.0,2026-06-25 11:11:00,O2022-1,PRIMER
E222,RA7,RA7,74.0,2026-06-25 11:11:00,O2022-1,PRIMER
E222,RA9,RA9,81.5,2026-06-25 11:11:00,O2022-1,PRIMER
E223,RA1,RA1,83.9090909090909,2026-06-25 11:11:00,O2022-1,PRIMER
E223,RA10,RA10,83.33333333333333,2026-06-25 11:11:00,O2022-1,PRIMER
E223,RA11,RA11,83.0,2026-06-25 11:11:00,O2022-1,PRIMER
E223,RA12,RA12,77.83333333333333,2026-06-25 11:11:00,O2022-1,PRIMER
E223,RA2,RA2,81.75,2026-06-25 11:11:00,O2022-1,PRIMER
E223,RA3,RA3,86.0,2026-06-25 11:11:00,O2022-1,PRIMER
E223,RA4,RA4,88.0,2026-06-25 11:11:00,O2022-1,PRIMER
E223,RA5,RA5,87.0,2026-06-25 11:11:00,O2022-1,PRIMER
E223,RA6,RA6,86.0,2026-06-25 11:11:00,O2022-1,PRIMER
E223,RA7,RA7,81.14285714285714,2026-06-25 11:11:00,O2022-1,PRIMER
E223,RA9,RA9,84.2,2026-06-25 11:11:00,O2022-1,PRIMER
E224,RA1,RA1,60.0,2026-06-25 11:11:00,O2022-1,PRIMER
E224,RA2,RA2,64.33333333333333,2026-06-25 11:11:00,O2022-1,PRIMER
E224,RA5,RA5,63.0,2026-06-25 11:11:00,O2022-1,PRIMER
E224,RA6,RA6,74.0,2026-06-25 11:11:00,O2022-1,PRIMER
E224,RA9,RA9,64.0,2026-06-25 11:11:00,O2022-1,PRIMER
E225,RA1,RA1,73.5,2026-06-25 11:11:00,O2022-1,PRIMER
E225,RA2,RA2,65.6,2026-06-25 11:11:00,O2022-1,PRIMER
E225,RA5,RA5,77.0,2026-06-25 11:11:00,O2022-1,PRIMER
E225,RA6,RA6,77.0,2026-06-25 11:11:00,O2022-1,PRIMER
E225,RA9,RA9,71.83333333333333,2026-06-25 11:11:00,O2022-1,PRIMER
E226,RA1,RA1,78.9090909090909,2026-06-25 11:11:00,O2022-2,PRIMER
E226,RA10,RA10,76.5,2026-06-25 11:11:00,O2022-2,PRIMER
E226,RA11,RA11,81.0,2026-06-25 11:11:00,O2022-2,PRIMER
E226,RA12,RA12,81.5,2026-06-25 11:11:00,O2022-2,PRIMER
E226,RA2,RA2,74.75,2026-06-25 11:11:00,O2022-2,PRIMER
E226,RA3,RA3,75.5,2026-06-25 11:11:00,O2022-2,PRIMER
E226,RA4,RA4,88.0,2026-06-25 11:11:00,O2022-2,PRIMER
E226,RA5,RA5,88.0,2026-06-25 11:11:00,O2022-2,PRIMER
E226,RA6,RA6,80.25,2026-06-25 11:11:00,O2022-2,PRIMER
E226,RA7,RA7,80.85714285714286,2026-06-25 11:11:00,O2022-2,PRIMER
E226,RA9,RA9,79.06666666666666,2026-06-25 11:11:00,O2022-2,PRIMER
E227,RA1,RA1,66.75,2026-06-25 11:11:00,O2022-2,PRIMER
E227,RA2,RA2,65.0,2026-06-25 11:11:00,O2022-2,PRIMER
E227,RA5,RA5,72.0,2026-06-25 11:11:00,O2022-2,PRIMER
E227,RA6,RA6,62.666666666666664,2026-06-25 11:11:00,O2022-2,PRIMER
E227,RA9,RA9,63.0,2026-06-25 11:11:00,O2022-2,PRIMER
E228,RA1,RA1,72.88235294117646,2026-06-25 11:11:00,O2022-2,PRIMER
E228,RA12,RA12,71.33333333333333,2026-06-25 11:11:00,O2022-2,PRIMER
E228,RA2,RA2,72.6,2026-06-25 11:11:00,O2022-2,PRIMER
E228,RA3,RA3,71.0,2026-06-25 11:11:00,O2022-2,PRIMER
E228,RA4,RA4,71.5,2026-06-25 11:11:00,O2022-2,PRIMER
E228,RA5,RA5,78.0,2026-06-25 11:11:00,O2022-2,PRIMER
E228,RA6,RA6,74.5,2026-06-25 11:11:00,O2022-2,PRIMER
E228,RA7,RA7,72.125,2026-06-25 11:11:00,O2022-2,PRIMER
E228,RA9,RA9,73.71428571428571,2026-06-25 11:11:00,O2022-2,PRIMER
E229,RA1,RA1,77.07692307692308,2026-06-25 11:11:00,O2022-2,PRIMER
E229,RA10,RA10,78.0,2026-06-25 11:11:00,O2022-2,PRIMER
E229,RA12,RA12,82.2,2026-06-25 11:11:00,O2022-2,PRIMER
E229,RA2,RA2,78.66666666666667,2026-06-25 11:11:00,O2022-2,PRIMER
E229,RA3,RA3,79.0,2026-06-25 11:11:00,O2022-2,PRIMER
E229,RA4,RA4,72.0,2026-06-25 11:11:00,O2022-2,PRIMER
E229,RA5,RA5,66.5,2026-06-25 11:11:00,O2022-2,PRIMER
E229,RA6,RA6,77.75,2026-06-25 11:11:00,O2022-2,PRIMER
E229,RA7,RA7,76.0,2026-06-25 11:11:00,O2022-2,PRIMER
E229,RA9,RA9,73.94117647058823,2026-06-25 11:11:00,O2022-2,PRIMER
E23,RA1,RA1,77.25,2026-06-25 11:11:00,O2018-1,PRIMER
E23,RA10,RA10,78.0,2026-06-25 11:11:00,O2018-1,PRIMER
E23,RA11,RA11,79.0,2026-06-25 11:11:00,O2018-1,PRIMER
E23,RA12,RA12,77.33333333333333,2026-06-25 11:11:00,O2018-1,PRIMER
E23,RA2,RA2,85.0,2026-06-25 11:11:00,O2018-1,PRIMER
E23,RA3,RA3,88.0,2026-06-25 11:11:00,O2018-1,PRIMER
E23,RA4,RA4,78.0,2026-06-25 11:11:00,O2018-1,PRIMER
E23,RA5,RA5,85.0,2026-06-25 11:11:00,O2018-1,PRIMER
E23,RA6,RA6,78.75,2026-06-25 11:11:00,O2018-1,PRIMER
E23,RA7,RA7,81.42857142857143,2026-06-25 11:11:00,O2018-1,PRIMER
E23,RA9,RA9,79.73333333333333,2026-06-25 11:11:00,O2018-1,PRIMER
E230,RA1,RA1,80.33333333333333,2026-06-25 11:11:00,O2022-2,PRIMER
E230,RA10,RA10,84.5,2026-06-25 11:11:00,O2022-2,PRIMER
E230,RA11,RA11,83.0,2026-06-25 11:11:00,O2022-2,PRIMER
E230,RA12,RA12,77.0,2026-06-25 11:11:00,O2022-2,PRIMER
E230,RA2,RA2,76.5,2026-06-25 11:11:00,O2022-2,PRIMER
E230,RA3,RA3,81.0,2026-06-25 11:11:00,O2022-2,PRIMER
E230,RA4,RA4,86.0,2026-06-25 11:11:00,O2022-2,PRIMER
E230,RA5,RA5,88.0,2026-06-25 11:11:00,O2022-2,PRIMER
E230,RA6,RA6,77.6,2026-06-25 11:11:00,O2022-2,PRIMER
E230,RA7,RA7,81.0,2026-06-25 11:11:00,O2022-2,PRIMER
E230,RA9,RA9,81.5,2026-06-25 11:11:00,O2022-2,PRIMER
E231,RA1,RA1,82.45454545454545,2026-06-25 11:11:00,O2022-2,PRIMER
E231,RA10,RA10,84.0,2026-06-25 11:11:00,O2022-2,PRIMER
E231,RA11,RA11,82.0,2026-06-25 11:11:00,O2022-2,PRIMER
E231,RA12,RA12,85.66666666666667,2026-06-25 11:11:00,O2022-2,PRIMER
E231,RA2,RA2,84.0,2026-06-25 11:11:00,O2022-2,PRIMER
E231,RA3,RA3,84.0,2026-06-25 11:11:00,O2022-2,PRIMER
E231,RA4,RA4,78.0,2026-06-25 11:11:00,O2022-2,PRIMER
E231,RA5,RA5,82.0,2026-06-25 11:11:00,O2022-2,PRIMER
E231,RA6,RA6,82.5,2026-06-25 11:11:00,O2022-2,PRIMER
E231,RA7,RA7,81.71428571428571,2026-06-25 11:11:00,O2022-2,PRIMER
E231,RA9,RA9,81.33333333333333,2026-06-25 11:11:00,O2022-2,PRIMER
E232,RA1,RA1,83.45454545454545,2026-06-25 11:11:00,O2022-2,PRIMER
E232,RA10,RA10,88.5,2026-06-25 11:11:00,O2022-2,PRIMER
E232,RA11,RA11,81.0,2026-06-25 11:11:00,O2022-2,PRIMER
E232,RA12,RA12,85.33333333333333,2026-06-25 11:11:00,O2022-2,PRIMER
E232,RA2,RA2,85.0,2026-06-25 11:11:00,O2022-2,PRIMER
E232,RA3,RA3,84.0,2026-06-25 11:11:00,O2022-2,PRIMER
E232,RA4,RA4,81.0,2026-06-25 11:11:00,O2022-2,PRIMER
E232,RA5,RA5,86.0,2026-06-25 11:11:00,O2022-2,PRIMER
E232,RA6,RA6,83.75,2026-06-25 11:11:00,O2022-2,PRIMER
E232,RA7,RA7,83.0,2026-06-25 11:11:00,O2022-2,PRIMER
E232,RA9,RA9,82.93333333333334,2026-06-25 11:11:00,O2022-2,PRIMER
E233,RA1,RA1,81.63636363636364,2026-06-25 11:11:00,O2022-2,PRIMER
E233,RA10,RA10,78.5,2026-06-25 11:11:00,O2022-2,PRIMER
E233,RA11,RA11,71.0,2026-06-25 11:11:00,O2022-2,PRIMER
E233,RA12,RA12,82.6,2026-06-25 11:11:00,O2022-2,PRIMER
E233,RA2,RA2,81.0,2026-06-25 11:11:00,O2022-2,PRIMER
E233,RA3,RA3,82.5,2026-06-25 11:11:00,O2022-2,PRIMER
E233,RA4,RA4,77.0,2026-06-25 11:11:00,O2022-2,PRIMER
E233,RA5,RA5,76.0,2026-06-25 11:11:00,O2022-2,PRIMER
E233,RA6,RA6,79.2,2026-06-25 11:11:00,O2022-2,PRIMER
E233,RA7,RA7,80.16666666666667,2026-06-25 11:11:00,O2022-2,PRIMER
E233,RA9,RA9,81.53333333333333,2026-06-25 11:11:00,O2022-2,PRIMER
E234,RA1,RA1,58.0,2026-06-25 11:11:00,O2022-2,PRIMER
E234,RA2,RA2,62.666666666666664,2026-06-25 11:11:00,O2022-2,PRIMER
E234,RA5,RA5,71.0,2026-06-25 11:11:00,O2022-2,PRIMER
E234,RA6,RA6,55.0,2026-06-25 11:11:00,O2022-2,PRIMER
E234,RA9,RA9,50.5,2026-06-25 11:11:00,O2022-2,PRIMER
E235,RA1,RA1,75.9090909090909,2026-06-25 11:11:00,O2022-2,PRIMER
E235,RA10,RA10,74.0,2026-06-25 11:11:00,O2022-2,PRIMER
E235,RA11,RA11,63.0,2026-06-25 11:11:00,O2022-2,PRIMER
E235,RA12,RA12,81.0,2026-06-25 11:11:00,O2022-2,PRIMER
E235,RA2,RA2,80.0,2026-06-25 11:11:00,O2022-2,PRIMER
E235,RA3,RA3,77.5,2026-06-25 11:11:00,O2022-2,PRIMER
E235,RA4,RA4,82.0,2026-06-25 11:11:00,O2022-2,PRIMER
E235,RA5,RA5,82.0,2026-06-25 11:11:00,O2022-2,PRIMER
E235,RA6,RA6,76.0,2026-06-25 11:11:00,O2022-2,PRIMER
E235,RA7,RA7,77.33333333333333,2026-06-25 11:11:00,O2022-2,PRIMER
E235,RA9,RA9,80.33333333333333,2026-06-25 11:11:00,O2022-2,PRIMER
E236,RA1,RA1,63.75,2026-06-25 11:11:00,O2022-2,PRIMER
E236,RA2,RA2,66.5,2026-06-25 11:11:00,O2022-2,PRIMER
E236,RA5,RA5,65.0,2026-06-25 11:11:00,O2022-2,PRIMER
E236,RA6,RA6,64.66666666666667,2026-06-25 11:11:00,O2022-2,PRIMER
E236,RA9,RA9,67.0,2026-06-25 11:11:00,O2022-2,PRIMER
E237,RA1,RA1,69.58333333333333,2026-06-25 11:11:00,O2022-2,PRIMER
E237,RA12,RA12,68.5,2026-06-25 11:11:00,O2022-2,PRIMER
E237,RA2,RA2,72.0,2026-06-25 11:11:00,O2022-2,PRIMER
E237,RA4,RA4,70.0,2026-06-25 11:11:00,O2022-2,PRIMER
E237,RA5,RA5,71.0,2026-06-25 11:11:00,O2022-2,PRIMER
E237,RA6,RA6,68.5,2026-06-25 11:11:00,O2022-2,PRIMER
E237,RA7,RA7,63.666666666666664,2026-06-25 11:11:00,O2022-2,PRIMER
E237,RA9,RA9,67.36363636363636,2026-06-25 11:11:00,O2022-2,PRIMER
E238,RA1,RA1,72.88888888888889,2026-06-25 11:11:00,O2022-2,PRIMER
E238,RA2,RA2,68.0,2026-06-25 11:11:00,O2022-2,PRIMER
E238,RA4,RA4,63.5,2026-06-25 11:11:00,O2022-2,PRIMER
E238,RA5,RA5,71.0,2026-06-25 11:11:00,O2022-2,PRIMER
E238,RA6,RA6,73.0,2026-06-25 11:11:00,O2022-2,PRIMER
E238,RA9,RA9,64.75,2026-06-25 11:11:00,O2022-2,PRIMER
E239,RA1,RA1,65.75,2026-06-25 11:11:00,O2022-2,PRIMER
E239,RA2,RA2,65.33333333333333,2026-06-25 11:11:00,O2022-2,PRIMER
E239,RA5,RA5,70.0,2026-06-25 11:11:00,O2022-2,PRIMER
E239,RA6,RA6,68.66666666666667,2026-06-25 11:11:00,O2022-2,PRIMER
E239,RA9,RA9,61.333333333333336,2026-06-25 11:11:00,O2022-2,PRIMER
E24,RA1,RA1,77.54545454545455,2026-06-25 11:11:00,O2018-1,PRIMER
E24,RA10,RA10,73.33333333333333,2026-06-25 11:11:00,O2018-1,PRIMER
E24,RA11,RA11,75.0,2026-06-25 11:11:00,O2018-1,PRIMER
E24,RA12,RA12,76.83333333333333,2026-06-25 11:11:00,O2018-1,PRIMER
E24,RA2,RA2,74.5,2026-06-25 11:11:00,O2018-1,PRIMER
E24,RA3,RA3,76.0,2026-06-25 11:11:00,O2018-1,PRIMER
E24,RA4,RA4,73.0,2026-06-25 11:11:00,O2018-1,PRIMER
E24,RA5,RA5,80.0,2026-06-25 11:11:00,O2018-1,PRIMER
E24,RA6,RA6,74.0,2026-06-25 11:11:00,O2018-1,PRIMER
E24,RA7,RA7,78.5,2026-06-25 11:11:00,O2018-1,PRIMER
E24,RA9,RA9,75.76470588235294,2026-06-25 11:11:00,O2018-1,PRIMER
E240,RA1,RA1,77.16666666666667,2026-06-25 11:11:00,O2022-2,PRIMER
E240,RA10,RA10,77.0,2026-06-25 11:11:00,O2022-2,PRIMER
E240,RA11,RA11,77.0,2026-06-25 11:11:00,O2022-2,PRIMER
E240,RA12,RA12,81.0,2026-06-25 11:11:00,O2022-2,PRIMER
E240,RA2,RA2,82.75,2026-06-25 11:11:00,O2022-2,PRIMER
E240,RA3,RA3,76.5,2026-06-25 11:11:00,O2022-2,PRIMER
E240,RA4,RA4,85.0,2026-06-25 11:11:00,O2022-2,PRIMER
E240,RA5,RA5,76.0,2026-06-25 11:11:00,O2022-2,PRIMER
E240,RA6,RA6,77.0,2026-06-25 11:11:00,O2022-2,PRIMER
E240,RA7,RA7,78.42857142857143,2026-06-25 11:11:00,O2022-2,PRIMER
E240,RA9,RA9,80.66666666666667,2026-06-25 11:11:00,O2022-2,PRIMER
E241,RA1,RA1,76.92307692307692,2026-06-25 11:11:00,O2022-2,PRIMER
E241,RA10,RA10,85.5,2026-06-25 11:11:00,O2022-2,PRIMER
E241,RA11,RA11,76.0,2026-06-25 11:11:00,O2022-2,PRIMER
E241,RA12,RA12,84.8,2026-06-25 11:11:00,O2022-2,PRIMER
E241,RA2,RA2,84.75,2026-06-25 11:11:00,O2022-2,PRIMER
E241,RA3,RA3,84.5,2026-06-25 11:11:00,O2022-2,PRIMER
E241,RA4,RA4,77.0,2026-06-25 11:11:00,O2022-2,PRIMER
E241,RA5,RA5,90.0,2026-06-25 11:11:00,O2022-2,PRIMER
E241,RA6,RA6,80.25,2026-06-25 11:11:00,O2022-2,PRIMER
E241,RA7,RA7,83.0,2026-06-25 11:11:00,O2022-2,PRIMER
E241,RA9,RA9,82.2,2026-06-25 11:11:00,O2022-2,PRIMER
E242,RA1,RA1,71.6,2026-06-25 11:11:00,O2022-2,PRIMER
E242,RA2,RA2,63.5,2026-06-25 11:11:00,O2022-2,PRIMER
E242,RA5,RA5,79.0,2026-06-25 11:11:00,O2022-2,PRIMER
E242,RA6,RA6,70.0,2026-06-25 11:11:00,O2022-2,PRIMER
E242,RA9,RA9,66.5,2026-06-25 11:11:00,O2022-2,PRIMER
E243,RA1,RA1,76.66666666666667,2026-06-25 11:11:00,O2022-2,PRIMER
E243,RA2,RA2,75.5,2026-06-25 11:11:00,O2022-2,PRIMER
E243,RA4,RA4,67.0,2026-06-25 11:11:00,O2022-2,PRIMER
E243,RA5,RA5,82.0,2026-06-25 11:11:00,O2022-2,PRIMER
E243,RA6,RA6,81.0,2026-06-25 11:11:00,O2022-2,PRIMER
E243,RA9,RA9,70.875,2026-06-25 11:11:00,O2022-2,PRIMER
E244,RA1,RA1,81.72727272727273,2026-06-25 11:11:00,O2022-2,PRIMER
E244,RA10,RA10,78.5,2026-06-25 11:11:00,O2022-2,PRIMER
E244,RA11,RA11,82.0,2026-06-25 11:11:00,O2022-2,PRIMER
E244,RA12,RA12,81.83333333333333,2026-06-25 11:11:00,O2022-2,PRIMER
E244,RA2,RA2,81.0,2026-06-25 11:11:00,O2022-2,PRIMER
E244,RA3,RA3,82.0,2026-06-25 11:11:00,O2022-2,PRIMER
E244,RA4,RA4,90.0,2026-06-25 11:11:00,O2022-2,PRIMER
E244,RA5,RA5,86.0,2026-06-25 11:11:00,O2022-2,PRIMER
E244,RA6,RA6,80.25,2026-06-25 11:11:00,O2022-2,PRIMER
E244,RA7,RA7,81.57142857142857,2026-06-25 11:11:00,O2022-2,PRIMER
E244,RA9,RA9,81.26666666666667,2026-06-25 11:11:00,O2022-2,PRIMER
E245,RA1,RA1,76.66666666666667,2026-06-25 11:11:00,O2022-2,PRIMER
E245,RA10,RA10,76.0,2026-06-25 11:11:00,O2022-2,PRIMER
E245,RA11,RA11,86.0,2026-06-25 11:11:00,O2022-2,PRIMER
E245,RA12,RA12,79.66666666666667,2026-06-25 11:11:00,O2022-2,PRIMER
E245,RA2,RA2,77.6,2026-06-25 11:11:00,O2022-2,PRIMER
E245,RA3,RA3,84.0,2026-06-25 11:11:00,O2022-2,PRIMER
E245,RA4,RA4,73.0,2026-06-25 11:11:00,O2022-2,PRIMER
E245,RA5,RA5,81.0,2026-06-25 11:11:00,O2022-2,PRIMER
E245,RA6,RA6,78.75,2026-06-25 11:11:00,O2022-2,PRIMER
E245,RA7,RA7,80.5,2026-06-25 11:11:00,O2022-2,PRIMER
E245,RA9,RA9,81.06666666666666,2026-06-25 11:11:00,O2022-2,PRIMER
E246,RA1,RA1,67.25,2026-06-25 11:11:00,O2022-2,PRIMER
E246,RA2,RA2,71.66666666666667,2026-06-25 11:11:00,O2022-2,PRIMER
E246,RA5,RA5,65.0,2026-06-25 11:11:00,O2022-2,PRIMER
E246,RA6,RA6,74.0,2026-06-25 11:11:00,O2022-2,PRIMER
E246,RA9,RA9,69.0,2026-06-25 11:11:00,O2022-2,PRIMER
E247,RA1,RA1,72.5,2026-06-25 11:11:00,O2022-2,PRIMER
E247,RA12,RA12,69.66666666666667,2026-06-25 11:11:00,O2022-2,PRIMER
E247,RA2,RA2,76.5,2026-06-25 11:11:00,O2022-2,PRIMER
E247,RA3,RA3,72.0,2026-06-25 11:11:00,O2022-2,PRIMER
E247,RA4,RA4,79.0,2026-06-25 11:11:00,O2022-2,PRIMER
E247,RA5,RA5,76.0,2026-06-25 11:11:00,O2022-2,PRIMER
E247,RA6,RA6,74.0,2026-06-25 11:11:00,O2022-2,PRIMER
E247,RA7,RA7,74.28571428571429,2026-06-25 11:11:00,O2022-2,PRIMER
E247,RA9,RA9,71.83333333333333,2026-06-25 11:11:00,O2022-2,PRIMER
E248,RA1,RA1,74.6,2026-06-25 11:11:00,O2022-2,PRIMER
E248,RA2,RA2,71.25,2026-06-25 11:11:00,O2022-2,PRIMER
E248,RA4,RA4,68.0,2026-06-25 11:11:00,O2022-2,PRIMER
E248,RA5,RA5,70.5,2026-06-25 11:11:00,O2022-2,PRIMER
E248,RA6,RA6,81.0,2026-06-25 11:11:00,O2022-2,PRIMER
E248,RA9,RA9,69.14285714285714,2026-06-25 11:11:00,O2022-2,PRIMER
E249,RA1,RA1,73.58333333333333,2026-06-25 11:11:00,O2022-2,PRIMER
E249,RA10,RA10,69.0,2026-06-25 11:11:00,O2022-2,PRIMER
E249,RA12,RA12,73.75,2026-06-25 11:11:00,O2022-2,PRIMER
E249,RA2,RA2,72.75,2026-06-25 11:11:00,O2022-2,PRIMER
E249,RA3,RA3,80.0,2026-06-25 11:11:00,O2022-2,PRIMER
E249,RA4,RA4,75.0,2026-06-25 11:11:00,O2022-2,PRIMER
E249,RA5,RA5,76.0,2026-06-25 11:11:00,O2022-2,PRIMER
E249,RA6,RA6,73.6,2026-06-25 11:11:00,O2022-2,PRIMER
E249,RA7,RA7,76.5,2026-06-25 11:11:00,O2022-2,PRIMER
E249,RA9,RA9,73.57894736842105,2026-06-25 11:11:00,O2022-2,PRIMER
E25,RA1,RA1,85.0,2026-06-25 11:11:00,O2018-1,PRIMER
E25,RA2,RA2,93.0,2026-06-25 11:11:00,O2018-1,PRIMER
E25,RA5,RA5,88.0,2026-06-25 11:11:00,O2018-1,PRIMER
E25,RA6,RA6,87.0,2026-06-25 11:11:00,O2018-1,PRIMER
E25,RA9,RA9,81.0,2026-06-25 11:11:00,O2018-1,PRIMER
E250,RA1,RA1,63.5,2026-06-25 11:11:00,O2022-2,PRIMER
E250,RA2,RA2,63.75,2026-06-25 11:11:00,O2022-2,PRIMER
E250,RA5,RA5,72.0,2026-06-25 11:11:00,O2022-2,PRIMER
E250,RA6,RA6,69.5,2026-06-25 11:11:00,O2022-2,PRIMER
E250,RA9,RA9,66.5,2026-06-25 11:11:00,O2022-2,PRIMER
E251,RA1,RA1,76.0,2026-06-25 11:11:00,O2023-1,PRIMER
E251,RA10,RA10,72.0,2026-06-25 11:11:00,O2023-1,PRIMER
E251,RA12,RA12,77.4,2026-06-25 11:11:00,O2023-1,PRIMER
E251,RA2,RA2,80.0,2026-06-25 11:11:00,O2023-1,PRIMER
E251,RA3,RA3,86.0,2026-06-25 11:11:00,O2023-1,PRIMER
E251,RA4,RA4,79.0,2026-06-25 11:11:00,O2023-1,PRIMER
E251,RA5,RA5,83.0,2026-06-25 11:11:00,O2023-1,PRIMER
E251,RA6,RA6,83.0,2026-06-25 11:11:00,O2023-1,PRIMER
E251,RA7,RA7,76.16666666666667,2026-06-25 11:11:00,O2023-1,PRIMER
E251,RA9,RA9,78.93333333333334,2026-06-25 11:11:00,O2023-1,PRIMER
E252,RA1,RA1,82.63636363636364,2026-06-25 11:11:00,O2023-1,PRIMER
E252,RA10,RA10,74.0,2026-06-25 11:11:00,O2023-1,PRIMER
E252,RA12,RA12,87.0,2026-06-25 11:11:00,O2023-1,PRIMER
E252,RA2,RA2,78.66666666666667,2026-06-25 11:11:00,O2023-1,PRIMER
E252,RA3,RA3,72.0,2026-06-25 11:11:00,O2023-1,PRIMER
E252,RA4,RA4,92.0,2026-06-25 11:11:00,O2023-1,PRIMER
E252,RA5,RA5,84.0,2026-06-25 11:11:00,O2023-1,PRIMER
E252,RA6,RA6,78.4,2026-06-25 11:11:00,O2023-1,PRIMER
E252,RA7,RA7,81.16666666666667,2026-06-25 11:11:00,O2023-1,PRIMER
E252,RA9,RA9,83.6,2026-06-25 11:11:00,O2023-1,PRIMER
E253,RA1,RA1,74.83333333333333,2026-06-25 11:11:00,O2023-1,PRIMER
E253,RA12,RA12,72.66666666666667,2026-06-25 11:11:00,O2023-1,PRIMER
E253,RA2,RA2,82.33333333333333,2026-06-25 11:11:00,O2023-1,PRIMER
E253,RA3,RA3,75.0,2026-06-25 11:11:00,O2023-1,PRIMER
E253,RA4,RA4,72.5,2026-06-25 11:11:00,O2023-1,PRIMER
E253,RA5,RA5,72.5,2026-06-25 11:11:00,O2023-1,PRIMER
E253,RA6,RA6,74.0,2026-06-25 11:11:00,O2023-1,PRIMER
E253,RA7,RA7,74.42857142857143,2026-06-25 11:11:00,O2023-1,PRIMER
E253,RA9,RA9,74.53846153846153,2026-06-25 11:11:00,O2023-1,PRIMER
E254,RA1,RA1,79.63636363636364,2026-06-25 11:11:00,O2023-1,PRIMER
E254,RA10,RA10,72.0,2026-06-25 11:11:00,O2023-1,PRIMER
E254,RA12,RA12,89.0,2026-06-25 11:11:00,O2023-1,PRIMER
E254,RA2,RA2,80.33333333333333,2026-06-25 11:11:00,O2023-1,PRIMER
E254,RA3,RA3,77.0,2026-06-25 11:11:00,O2023-1,PRIMER
E254,RA4,RA4,76.0,2026-06-25 11:11:00,O2023-1,PRIMER
E254,RA5,RA5,79.5,2026-06-25 11:11:00,O2023-1,PRIMER
E254,RA6,RA6,80.0,2026-06-25 11:11:00,O2023-1,PRIMER
E254,RA7,RA7,75.71428571428571,2026-06-25 11:11:00,O2023-1,PRIMER
E254,RA9,RA9,81.5,2026-06-25 11:11:00,O2023-1,PRIMER
E255,RA1,RA1,87.9090909090909,2026-06-25 11:11:00,O2023-1,PRIMER
E255,RA10,RA10,85.0,2026-06-25 11:11:00,O2023-1,PRIMER
E255,RA12,RA12,86.4,2026-06-25 11:11:00,O2023-1,PRIMER
E255,RA2,RA2,85.33333333333333,2026-06-25 11:11:00,O2023-1,PRIMER
E255,RA3,RA3,90.0,2026-06-25 11:11:00,O2023-1,PRIMER
E255,RA4,RA4,84.0,2026-06-25 11:11:00,O2023-1,PRIMER
E255,RA5,RA5,82.0,2026-06-25 11:11:00,O2023-1,PRIMER
E255,RA6,RA6,85.5,2026-06-25 11:11:00,O2023-1,PRIMER
E255,RA7,RA7,79.66666666666667,2026-06-25 11:11:00,O2023-1,PRIMER
E255,RA9,RA9,82.66666666666667,2026-06-25 11:11:00,O2023-1,PRIMER
E256,RA1,RA1,65.0,2026-06-25 11:11:00,O2023-1,PRIMER
E256,RA2,RA2,66.5,2026-06-25 11:11:00,O2023-1,PRIMER
E256,RA5,RA5,68.33333333333333,2026-06-25 11:11:00,O2023-1,PRIMER
E256,RA6,RA6,63.333333333333336,2026-06-25 11:11:00,O2023-1,PRIMER
E256,RA9,RA9,70.5,2026-06-25 11:11:00,O2023-1,PRIMER
E257,RA1,RA1,77.0,2026-06-25 11:11:00,O2023-1,PRIMER
E257,RA12,RA12,75.66666666666667,2026-06-25 11:11:00,O2023-1,PRIMER
E257,RA2,RA2,77.75,2026-06-25 11:11:00,O2023-1,PRIMER
E257,RA3,RA3,84.0,2026-06-25 11:11:00,O2023-1,PRIMER
E257,RA4,RA4,75.0,2026-06-25 11:11:00,O2023-1,PRIMER
E257,RA5,RA5,84.0,2026-06-25 11:11:00,O2023-1,PRIMER
E257,RA6,RA6,81.4,2026-06-25 11:11:00,O2023-1,PRIMER
E257,RA7,RA7,74.42857142857143,2026-06-25 11:11:00,O2023-1,PRIMER
E257,RA9,RA9,83.0,2026-06-25 11:11:00,O2023-1,PRIMER
E258,RA1,RA1,59.6,2026-06-25 11:11:00,O2023-1,PRIMER
E258,RA2,RA2,70.0,2026-06-25 11:11:00,O2023-1,PRIMER
E258,RA5,RA5,76.0,2026-06-25 11:11:00,O2023-1,PRIMER
E258,RA6,RA6,63.333333333333336,2026-06-25 11:11:00,O2023-1,PRIMER
E258,RA9,RA9,58.0,2026-06-25 11:11:00,O2023-1,PRIMER
E259,RA1,RA1,68.0,2026-06-25 11:11:00,O2023-1,PRIMER
E259,RA2,RA2,79.5,2026-06-25 11:11:00,O2023-1,PRIMER
E259,RA5,RA5,71.0,2026-06-25 11:11:00,O2023-1,PRIMER
E259,RA6,RA6,69.5,2026-06-25 11:11:00,O2023-1,PRIMER
E259,RA9,RA9,70.0,2026-06-25 11:11:00,O2023-1,PRIMER
E26,RA1,RA1,62.0,2026-06-25 11:11:00,O2018-2,PRIMER
E26,RA2,RA2,57.5,2026-06-25 11:11:00,O2018-2,PRIMER
E26,RA5,RA5,59.0,2026-06-25 11:11:00,O2018-2,PRIMER
E26,RA6,RA6,58.0,2026-06-25 11:11:00,O2018-2,PRIMER
E26,RA9,RA9,53.0,2026-06-25 11:11:00,O2018-2,PRIMER
E260,RA1,RA1,72.625,2026-06-25 11:11:00,O2023-1,PRIMER
E260,RA12,RA12,82.5,2026-06-25 11:11:00,O2023-1,PRIMER
E260,RA2,RA2,78.66666666666667,2026-06-25 11:11:00,O2023-1,PRIMER
E260,RA3,RA3,77.0,2026-06-25 11:11:00,O2023-1,PRIMER
E260,RA4,RA4,81.0,2026-06-25 11:11:00,O2023-1,PRIMER
E260,RA5,RA5,68.5,2026-06-25 11:11:00,O2023-1,PRIMER
E260,RA6,RA6,71.2,2026-06-25 11:11:00,O2023-1,PRIMER
E260,RA7,RA7,76.66666666666667,2026-06-25 11:11:00,O2023-1,PRIMER
E260,RA9,RA9,80.5,2026-06-25 11:11:00,O2023-1,PRIMER
E261,RA1,RA1,63.0,2026-06-25 11:11:00,O2023-1,PRIMER
E261,RA2,RA2,63.0,2026-06-25 11:11:00,O2023-1,PRIMER
E261,RA5,RA5,63.0,2026-06-25 11:11:00,O2023-1,PRIMER
E261,RA6,RA6,54.5,2026-06-25 11:11:00,O2023-1,PRIMER
E261,RA9,RA9,60.0,2026-06-25 11:11:00,O2023-1,PRIMER
E262,RA1,RA1,74.375,2026-06-25 11:11:00,O2023-1,PRIMER
E262,RA2,RA2,70.25,2026-06-25 11:11:00,O2023-1,PRIMER
E262,RA4,RA4,73.0,2026-06-25 11:11:00,O2023-1,PRIMER
E262,RA5,RA5,72.0,2026-06-25 11:11:00,O2023-1,PRIMER
E262,RA6,RA6,67.33333333333333,2026-06-25 11:11:00,O2023-1,PRIMER
E262,RA9,RA9,69.75,2026-06-25 11:11:00,O2023-1,PRIMER
E263,RA1,RA1,61.75,2026-06-25 11:11:00,O2023-1,PRIMER
E263,RA2,RA2,63.5,2026-06-25 11:11:00,O2023-1,PRIMER
E263,RA5,RA5,59.333333333333336,2026-06-25 11:11:00,O2023-1,PRIMER
E263,RA6,RA6,66.0,2026-06-25 11:11:00,O2023-1,PRIMER
E263,RA9,RA9,66.5,2026-06-25 11:11:00,O2023-1,PRIMER
E264,RA1,RA1,86.5,2026-06-25 11:11:00,O2023-1,PRIMER
E264,RA2,RA2,96.0,2026-06-25 11:11:00,O2023-1,PRIMER
E264,RA5,RA5,84.0,2026-06-25 11:11:00,O2023-1,PRIMER
E264,RA6,RA6,82.0,2026-06-25 11:11:00,O2023-1,PRIMER
E264,RA9,RA9,79.0,2026-06-25 11:11:00,O2023-1,PRIMER
E265,RA1,RA1,68.83333333333333,2026-06-25 11:11:00,O2023-1,PRIMER
E265,RA2,RA2,71.66666666666667,2026-06-25 11:11:00,O2023-1,PRIMER
E265,RA4,RA4,70.0,2026-06-25 11:11:00,O2023-1,PRIMER
E265,RA5,RA5,70.5,2026-06-25 11:11:00,O2023-1,PRIMER
E265,RA6,RA6,71.0,2026-06-25 11:11:00,O2023-1,PRIMER
E265,RA9,RA9,66.72727272727273,2026-06-25 11:11:00,O2023-1,PRIMER
E266,RA1,RA1,61.5,2026-06-25 11:11:00,O2023-1,PRIMER
E266,RA2,RA2,68.0,2026-06-25 11:11:00,O2023-1,PRIMER
E266,RA5,RA5,68.5,2026-06-25 11:11:00,O2023-1,PRIMER
E266,RA6,RA6,64.66666666666667,2026-06-25 11:11:00,O2023-1,PRIMER
E266,RA9,RA9,66.5,2026-06-25 11:11:00,O2023-1,PRIMER
E267,RA1,RA1,71.375,2026-06-25 11:11:00,O2023-1,PRIMER
E267,RA12,RA12,56.0,2026-06-25 11:11:00,O2023-1,PRIMER
E267,RA2,RA2,79.5,2026-06-25 11:11:00,O2023-1,PRIMER
E267,RA4,RA4,67.5,2026-06-25 11:11:00,O2023-1,PRIMER
E267,RA5,RA5,70.0,2026-06-25 11:11:00,O2023-1,PRIMER
E267,RA6,RA6,75.0,2026-06-25 11:11:00,O2023-1,PRIMER
E267,RA9,RA9,69.0,2026-06-25 11:11:00,O2023-1,PRIMER
E268,RA1,RA1,71.21428571428571,2026-06-25 11:11:00,O2023-1,PRIMER
E268,RA12,RA12,71.0,2026-06-25 11:11:00,O2023-1,PRIMER
E268,RA2,RA2,69.8,2026-06-25 11:11:00,O2023-1,PRIMER
E268,RA4,RA4,73.0,2026-06-25 11:11:00,O2023-1,PRIMER
E268,RA5,RA5,68.33333333333333,2026-06-25 11:11:00,O2023-1,PRIMER
E268,RA6,RA6,64.66666666666667,2026-06-25 11:11:00,O2023-1,PRIMER
E268,RA7,RA7,71.0,2026-06-25 11:11:00,O2023-1,PRIMER
E268,RA9,RA9,72.81818181818181,2026-06-25 11:11:00,O2023-1,PRIMER
E269,RA1,RA1,79.0,2026-06-25 11:11:00,O2023-1,PRIMER
E269,RA12,RA12,78.33333333333333,2026-06-25 11:11:00,O2023-1,PRIMER
E269,RA2,RA2,71.25,2026-06-25 11:11:00,O2023-1,PRIMER
E269,RA3,RA3,82.0,2026-06-25 11:11:00,O2023-1,PRIMER
E269,RA4,RA4,76.0,2026-06-25 11:11:00,O2023-1,PRIMER
E269,RA5,RA5,83.0,2026-06-25 11:11:00,O2023-1,PRIMER
E269,RA6,RA6,79.75,2026-06-25 11:11:00,O2023-1,PRIMER
E269,RA7,RA7,74.16666666666667,2026-06-25 11:11:00,O2023-1,PRIMER
E269,RA9,RA9,75.17647058823529,2026-06-25 11:11:00,O2023-1,PRIMER
E27,RA1,RA1,64.0,2026-06-25 11:11:00,O2018-2,PRIMER
E27,RA2,RA2,62.5,2026-06-25 11:11:00,O2018-2,PRIMER
E27,RA5,RA5,60.666666666666664,2026-06-25 11:11:00,O2018-2,PRIMER
E27,RA6,RA6,64.5,2026-06-25 11:11:00,O2018-2,PRIMER
E27,RA9,RA9,59.5,2026-06-25 11:11:00,O2018-2,PRIMER
E270,RA1,RA1,80.0,2026-06-25 11:11:00,O2023-1,PRIMER
E270,RA2,RA2,84.0,2026-06-25 11:11:00,O2023-1,PRIMER
E270,RA5,RA5,75.0,2026-06-25 11:11:00,O2023-1,PRIMER
E270,RA6,RA6,76.0,2026-06-25 11:11:00,O2023-1,PRIMER
E270,RA9,RA9,80.0,2026-06-25 11:11:00,O2023-1,PRIMER
E271,RA1,RA1,79.5,2026-06-25 11:11:00,O2023-1,PRIMER
E271,RA2,RA2,88.0,2026-06-25 11:11:00,O2023-1,PRIMER
E271,RA5,RA5,83.0,2026-06-25 11:11:00,O2023-1,PRIMER
E271,RA6,RA6,86.0,2026-06-25 11:11:00,O2023-1,PRIMER
E271,RA9,RA9,78.0,2026-06-25 11:11:00,O2023-1,PRIMER
E272,RA1,RA1,84.41666666666667,2026-06-25 11:11:00,O2023-1,PRIMER
E272,RA10,RA10,86.0,2026-06-25 11:11:00,O2023-1,PRIMER
E272,RA12,RA12,86.5,2026-06-25 11:11:00,O2023-1,PRIMER
E272,RA2,RA2,80.0,2026-06-25 11:11:00,O2023-1,PRIMER
E272,RA3,RA3,83.0,2026-06-25 11:11:00,O2023-1,PRIMER
E272,RA4,RA4,89.0,2026-06-25 11:11:00,O2023-1,PRIMER
E272,RA5,RA5,83.0,2026-06-25 11:11:00,O2023-1,PRIMER
E272,RA6,RA6,83.5,2026-06-25 11:11:00,O2023-1,PRIMER
E272,RA7,RA7,83.83333333333333,2026-06-25 11:11:00,O2023-1,PRIMER
E272,RA9,RA9,84.2,2026-06-25 11:11:00,O2023-1,PRIMER
E273,RA1,RA1,74.0,2026-06-25 11:11:00,O2023-1,PRIMER
E273,RA2,RA2,78.0,2026-06-25 11:11:00,O2023-1,PRIMER
E273,RA5,RA5,79.0,2026-06-25 11:11:00,O2023-1,PRIMER
E273,RA6,RA6,76.0,2026-06-25 11:11:00,O2023-1,PRIMER
E273,RA9,RA9,82.0,2026-06-25 11:11:00,O2023-1,PRIMER
E274,RA1,RA1,69.88888888888889,2026-06-25 11:11:00,O2023-1,PRIMER
E274,RA12,RA12,72.0,2026-06-25 11:11:00,O2023-1,PRIMER
E274,RA2,RA2,71.33333333333333,2026-06-25 11:11:00,O2023-1,PRIMER
E274,RA4,RA4,69.0,2026-06-25 11:11:00,O2023-1,PRIMER
E274,RA5,RA5,79.0,2026-06-25 11:11:00,O2023-1,PRIMER
E274,RA6,RA6,74.0,2026-06-25 11:11:00,O2023-1,PRIMER
E274,RA9,RA9,71.66666666666667,2026-06-25 11:11:00,O2023-1,PRIMER
E275,RA1,RA1,78.0909090909091,2026-06-25 11:11:00,O2023-1,PRIMER
E275,RA12,RA12,75.0,2026-06-25 11:11:00,O2023-1,PRIMER
E275,RA2,RA2,83.0,2026-06-25 11:11:00,O2023-1,PRIMER
E275,RA3,RA3,75.0,2026-06-25 11:11:00,O2023-1,PRIMER
E275,RA4,RA4,72.0,2026-06-25 11:11:00,O2023-1,PRIMER
E275,RA5,RA5,75.0,2026-06-25 11:11:00,O2023-1,PRIMER
E275,RA6,RA6,81.75,2026-06-25 11:11:00,O2023-1,PRIMER
E275,RA7,RA7,78.66666666666667,2026-06-25 11:11:00,O2023-1,PRIMER
E275,RA9,RA9,77.4375,2026-06-25 11:11:00,O2023-1,PRIMER
E276,RA1,RA1,71.625,2026-06-25 11:11:00,O2023-2,PRIMER
E276,RA2,RA2,72.0,2026-06-25 11:11:00,O2023-2,PRIMER
E276,RA5,RA5,75.0,2026-06-25 11:11:00,O2023-2,PRIMER
E276,RA6,RA6,74.0,2026-06-25 11:11:00,O2023-2,PRIMER
E276,RA9,RA9,68.2,2026-06-25 11:11:00,O2023-2,PRIMER
E277,RA1,RA1,69.75,2026-06-25 11:11:00,O2023-2,PRIMER
E277,RA2,RA2,70.0,2026-06-25 11:11:00,O2023-2,PRIMER
E277,RA5,RA5,69.0,2026-06-25 11:11:00,O2023-2,PRIMER
E277,RA6,RA6,66.66666666666667,2026-06-25 11:11:00,O2023-2,PRIMER
E277,RA9,RA9,57.5,2026-06-25 11:11:00,O2023-2,PRIMER
E278,RA1,RA1,73.5,2026-06-25 11:11:00,O2023-2,PRIMER
E278,RA2,RA2,75.0,2026-06-25 11:11:00,O2023-2,PRIMER
E278,RA5,RA5,70.0,2026-06-25 11:11:00,O2023-2,PRIMER
E278,RA6,RA6,75.0,2026-06-25 11:11:00,O2023-2,PRIMER
E278,RA9,RA9,79.0,2026-06-25 11:11:00,O2023-2,PRIMER
E279,RA1,RA1,83.0,2026-06-25 11:11:00,O2023-2,PRIMER
E279,RA12,RA12,84.0,2026-06-25 11:11:00,O2023-2,PRIMER
E279,RA2,RA2,78.0,2026-06-25 11:11:00,O2023-2,PRIMER
E279,RA3,RA3,91.0,2026-06-25 11:11:00,O2023-2,PRIMER
E279,RA4,RA4,78.0,2026-06-25 11:11:00,O2023-2,PRIMER
E279,RA5,RA5,76.0,2026-06-25 11:11:00,O2023-2,PRIMER
E279,RA6,RA6,81.5,2026-06-25 11:11:00,O2023-2,PRIMER
E279,RA7,RA7,83.2,2026-06-25 11:11:00,O2023-2,PRIMER
E279,RA9,RA9,82.3076923076923,2026-06-25 11:11:00,O2023-2,PRIMER
E28,RA1,RA1,71.75,2026-06-25 11:11:00,O2018-2,PRIMER
E28,RA2,RA2,76.0,2026-06-25 11:11:00,O2018-2,PRIMER
E28,RA5,RA5,69.5,2026-06-25 11:11:00,O2018-2,PRIMER
E28,RA6,RA6,75.0,2026-06-25 11:11:00,O2018-2,PRIMER
E28,RA9,RA9,69.75,2026-06-25 11:11:00,O2018-2,PRIMER
E280,RA1,RA1,72.0,2026-06-25 11:11:00,O2023-2,PRIMER
E280,RA2,RA2,77.0,2026-06-25 11:11:00,O2023-2,PRIMER
E280,RA5,RA5,76.0,2026-06-25 11:11:00,O2023-2,PRIMER
E280,RA6,RA6,73.0,2026-06-25 11:11:00,O2023-2,PRIMER
E280,RA9,RA9,76.33333333333333,2026-06-25 11:11:00,O2023-2,PRIMER
E281,RA1,RA1,71.72727272727273,2026-06-25 11:11:00,O2023-2,PRIMER
E281,RA12,RA12,73.0,2026-06-25 11:11:00,O2023-2,PRIMER
E281,RA2,RA2,74.33333333333333,2026-06-25 11:11:00,O2023-2,PRIMER
E281,RA3,RA3,74.0,2026-06-25 11:11:00,O2023-2,PRIMER
E281,RA4,RA4,82.0,2026-06-25 11:11:00,O2023-2,PRIMER
E281,RA5,RA5,77.0,2026-06-25 11:11:00,O2023-2,PRIMER
E281,RA6,RA6,70.0,2026-06-25 11:11:00,O2023-2,PRIMER
E281,RA7,RA7,70.5,2026-06-25 11:11:00,O2023-2,PRIMER
E281,RA9,RA9,73.85714285714286,2026-06-25 11:11:00,O2023-2,PRIMER
E282,RA1,RA1,76.38461538461539,2026-06-25 11:11:00,O2023-2,PRIMER
E282,RA12,RA12,81.5,2026-06-25 11:11:00,O2023-2,PRIMER
E282,RA2,RA2,74.0,2026-06-25 11:11:00,O2023-2,PRIMER
E282,RA3,RA3,65.0,2026-06-25 11:11:00,O2023-2,PRIMER
E282,RA4,RA4,76.0,2026-06-25 11:11:00,O2023-2,PRIMER
E282,RA5,RA5,78.0,2026-06-25 11:11:00,O2023-2,PRIMER
E282,RA6,RA6,78.5,2026-06-25 11:11:00,O2023-2,PRIMER
E282,RA7,RA7,75.75,2026-06-25 11:11:00,O2023-2,PRIMER
E282,RA9,RA9,74.4,2026-06-25 11:11:00,O2023-2,PRIMER
E283,RA1,RA1,77.9090909090909,2026-06-25 11:11:00,O2023-2,PRIMER
E283,RA12,RA12,75.0,2026-06-25 11:11:00,O2023-2,PRIMER
E283,RA2,RA2,71.6,2026-06-25 11:11:00,O2023-2,PRIMER
E283,RA3,RA3,84.0,2026-06-25 11:11:00,O2023-2,PRIMER
E283,RA4,RA4,72.0,2026-06-25 11:11:00,O2023-2,PRIMER
E283,RA5,RA5,75.0,2026-06-25 11:11:00,O2023-2,PRIMER
E283,RA6,RA6,77.5,2026-06-25 11:11:00,O2023-2,PRIMER
E283,RA7,RA7,73.8,2026-06-25 11:11:00,O2023-2,PRIMER
E283,RA9,RA9,73.42857142857143,2026-06-25 11:11:00,O2023-2,PRIMER
E284,RA1,RA1,68.25,2026-06-25 11:11:00,O2023-2,PRIMER
E284,RA2,RA2,66.0,2026-06-25 11:11:00,O2023-2,PRIMER
E284,RA5,RA5,65.66666666666667,2026-06-25 11:11:00,O2023-2,PRIMER
E284,RA6,RA6,77.0,2026-06-25 11:11:00,O2023-2,PRIMER
E284,RA9,RA9,64.33333333333333,2026-06-25 11:11:00,O2023-2,PRIMER
E285,RA1,RA1,64.14285714285714,2026-06-25 11:11:00,O2023-2,PRIMER
E285,RA2,RA2,67.66666666666667,2026-06-25 11:11:00,O2023-2,PRIMER
E285,RA5,RA5,73.0,2026-06-25 11:11:00,O2023-2,PRIMER
E285,RA6,RA6,68.0,2026-06-25 11:11:00,O2023-2,PRIMER
E285,RA9,RA9,71.25,2026-06-25 11:11:00,O2023-2,PRIMER
E286,RA1,RA1,64.75,2026-06-25 11:11:00,O2023-2,PRIMER
E286,RA2,RA2,60.666666666666664,2026-06-25 11:11:00,O2023-2,PRIMER
E286,RA5,RA5,66.0,2026-06-25 11:11:00,O2023-2,PRIMER
E286,RA6,RA6,72.0,2026-06-25 11:11:00,O2023-2,PRIMER
E286,RA9,RA9,67.0,2026-06-25 11:11:00,O2023-2,PRIMER
E287,RA1,RA1,80.07692307692308,2026-06-25 11:11:00,O2023-2,PRIMER
E287,RA12,RA12,81.5,2026-06-25 11:11:00,O2023-2,PRIMER
E287,RA2,RA2,77.33333333333333,2026-06-25 11:11:00,O2023-2,PRIMER
E287,RA3,RA3,73.0,2026-06-25 11:11:00,O2023-2,PRIMER
E287,RA4,RA4,77.0,2026-06-25 11:11:00,O2023-2,PRIMER
E287,RA5,RA5,78.0,2026-06-25 11:11:00,O2023-2,PRIMER
E287,RA6,RA6,82.0,2026-06-25 11:11:00,O2023-2,PRIMER
E287,RA7,RA7,81.4,2026-06-25 11:11:00,O2023-2,PRIMER
E287,RA9,RA9,83.58333333333333,2026-06-25 11:11:00,O2023-2,PRIMER
E288,RA1,RA1,84.14285714285714,2026-06-25 11:11:00,O2023-2,PRIMER
E288,RA12,RA12,91.0,2026-06-25 11:11:00,O2023-2,PRIMER
E288,RA2,RA2,84.0,2026-06-25 11:11:00,O2023-2,PRIMER
E288,RA4,RA4,86.0,2026-06-25 11:11:00,O2023-2,PRIMER
E288,RA5,RA5,90.0,2026-06-25 11:11:00,O2023-2,PRIMER
E288,RA6,RA6,85.5,2026-06-25 11:11:00,O2023-2,PRIMER
E288,RA7,RA7,72.0,2026-06-25 11:11:00,O2023-2,PRIMER
E288,RA9,RA9,86.375,2026-06-25 11:11:00,O2023-2,PRIMER
E289,RA1,RA1,83.0909090909091,2026-06-25 11:11:00,O2023-2,PRIMER
E289,RA12,RA12,87.33333333333333,2026-06-25 11:11:00,O2023-2,PRIMER
E289,RA2,RA2,86.0,2026-06-25 11:11:00,O2023-2,PRIMER
E289,RA3,RA3,79.0,2026-06-25 11:11:00,O2023-2,PRIMER
E289,RA4,RA4,86.0,2026-06-25 11:11:00,O2023-2,PRIMER
E289,RA5,RA5,76.0,2026-06-25 11:11:00,O2023-2,PRIMER
E289,RA6,RA6,80.25,2026-06-25 11:11:00,O2023-2,PRIMER
E289,RA7,RA7,80.6,2026-06-25 11:11:00,O2023-2,PRIMER
E289,RA9,RA9,82.3076923076923,2026-06-25 11:11:00,O2023-2,PRIMER
E29,RA1,RA1,91.0,2026-06-25 11:11:00,O2018-2,PRIMER
E29,RA2,RA2,80.0,2026-06-25 11:11:00,O2018-2,PRIMER
E29,RA5,RA5,86.0,2026-06-25 11:11:00,O2018-2,PRIMER
E29,RA6,RA6,84.0,2026-06-25 11:11:00,O2018-2,PRIMER
E29,RA9,RA9,89.0,2026-06-25 11:11:00,O2018-2,PRIMER
E290,RA1,RA1,65.75,2026-06-25 11:11:00,O2023-2,PRIMER
E290,RA2,RA2,66.0,2026-06-25 11:11:00,O2023-2,PRIMER
E290,RA5,RA5,62.0,2026-06-25 11:11:00,O2023-2,PRIMER
E290,RA6,RA6,62.0,2026-06-25 11:11:00,O2023-2,PRIMER
E290,RA9,RA9,63.5,2026-06-25 11:11:00,O2023-2,PRIMER
E291,RA1,RA1,61.6,2026-06-25 11:11:00,O2023-2,PRIMER
E291,RA2,RA2,72.5,2026-06-25 11:11:00,O2023-2,PRIMER
E291,RA5,RA5,65.66666666666667,2026-06-25 11:11:00,O2023-2,PRIMER
E291,RA6,RA6,72.0,2026-06-25 11:11:00,O2023-2,PRIMER
E291,RA9,RA9,65.33333333333333,2026-06-25 11:11:00,O2023-2,PRIMER
E292,RA1,RA1,86.81818181818181,2026-06-25 11:11:00,O2023-2,PRIMER
E292,RA12,RA12,85.0,2026-06-25 11:11:00,O2023-2,PRIMER
E292,RA2,RA2,82.66666666666667,2026-06-25 11:11:00,O2023-2,PRIMER
E292,RA3,RA3,82.0,2026-06-25 11:11:00,O2023-2,PRIMER
E292,RA4,RA4,86.0,2026-06-25 11:11:00,O2023-2,PRIMER
E292,RA5,RA5,72.0,2026-06-25 11:11:00,O2023-2,PRIMER
E292,RA6,RA6,82.0,2026-06-25 11:11:00,O2023-2,PRIMER
E292,RA7,RA7,84.8,2026-06-25 11:11:00,O2023-2,PRIMER
E292,RA9,RA9,84.07692307692308,2026-06-25 11:11:00,O2023-2,PRIMER
E293,RA1,RA1,64.0,2026-06-25 11:11:00,O2023-2,PRIMER
E293,RA2,RA2,64.66666666666667,2026-06-25 11:11:00,O2023-2,PRIMER
E293,RA5,RA5,62.666666666666664,2026-06-25 11:11:00,O2023-2,PRIMER
E293,RA6,RA6,58.5,2026-06-25 11:11:00,O2023-2,PRIMER
E293,RA9,RA9,65.0,2026-06-25 11:11:00,O2023-2,PRIMER
E294,RA1,RA1,81.0,2026-06-25 11:11:00,O2023-2,PRIMER
E294,RA12,RA12,71.0,2026-06-25 11:11:00,O2023-2,PRIMER
E294,RA2,RA2,77.33333333333333,2026-06-25 11:11:00,O2023-2,PRIMER
E294,RA4,RA4,72.0,2026-06-25 11:11:00,O2023-2,PRIMER
E294,RA5,RA5,77.0,2026-06-25 11:11:00,O2023-2,PRIMER
E294,RA6,RA6,77.0,2026-06-25 11:11:00,O2023-2,PRIMER
E294,RA7,RA7,79.0,2026-06-25 11:11:00,O2023-2,PRIMER
E294,RA9,RA9,80.625,2026-06-25 11:11:00,O2023-2,PRIMER
E295,RA1,RA1,71.5,2026-06-25 11:11:00,O2023-2,PRIMER
E295,RA2,RA2,65.33333333333333,2026-06-25 11:11:00,O2023-2,PRIMER
E295,RA5,RA5,65.66666666666667,2026-06-25 11:11:00,O2023-2,PRIMER
E295,RA6,RA6,75.0,2026-06-25 11:11:00,O2023-2,PRIMER
E295,RA9,RA9,67.5,2026-06-25 11:11:00,O2023-2,PRIMER
E296,RA1,RA1,83.27272727272727,2026-06-25 11:11:00,O2023-2,PRIMER
E296,RA12,RA12,85.66666666666667,2026-06-25 11:11:00,O2023-2,PRIMER
E296,RA2,RA2,89.0,2026-06-25 11:11:00,O2023-2,PRIMER
E296,RA3,RA3,94.0,2026-06-25 11:11:00,O2023-2,PRIMER
E296,RA4,RA4,82.0,2026-06-25 11:11:00,O2023-2,PRIMER
E296,RA5,RA5,85.0,2026-06-25 11:11:00,O2023-2,PRIMER
E296,RA6,RA6,83.25,2026-06-25 11:11:00,O2023-2,PRIMER
E296,RA7,RA7,83.6,2026-06-25 11:11:00,O2023-2,PRIMER
E296,RA9,RA9,85.07692307692308,2026-06-25 11:11:00,O2023-2,PRIMER
E297,RA1,RA1,86.63636363636364,2026-06-25 11:11:00,O2023-2,PRIMER
E297,RA12,RA12,77.0,2026-06-25 11:11:00,O2023-2,PRIMER
E297,RA2,RA2,84.66666666666667,2026-06-25 11:11:00,O2023-2,PRIMER
E297,RA3,RA3,91.0,2026-06-25 11:11:00,O2023-2,PRIMER
E297,RA4,RA4,93.0,2026-06-25 11:11:00,O2023-2,PRIMER
E297,RA5,RA5,87.0,2026-06-25 11:11:00,O2023-2,PRIMER
E297,RA6,RA6,85.0,2026-06-25 11:11:00,O2023-2,PRIMER
E297,RA7,RA7,86.4,2026-06-25 11:11:00,O2023-2,PRIMER
E297,RA9,RA9,83.15384615384616,2026-06-25 11:11:00,O2023-2,PRIMER
E298,RA1,RA1,67.0,2026-06-25 11:11:00,O2023-2,PRIMER
E298,RA2,RA2,75.0,2026-06-25 11:11:00,O2023-2,PRIMER
E298,RA5,RA5,76.0,2026-06-25 11:11:00,O2023-2,PRIMER
E298,RA6,RA6,65.0,2026-06-25 11:11:00,O2023-2,PRIMER
E298,RA9,RA9,65.5,2026-06-25 11:11:00,O2023-2,PRIMER
E299,RA1,RA1,72.0,2026-06-25 11:11:00,O2023-2,PRIMER
E299,RA2,RA2,73.0,2026-06-25 11:11:00,O2023-2,PRIMER
E299,RA5,RA5,75.0,2026-06-25 11:11:00,O2023-2,PRIMER
E299,RA6,RA6,72.0,2026-06-25 11:11:00,O2023-2,PRIMER
E299,RA9,RA9,72.66666666666667,2026-06-25 11:11:00,O2023-2,PRIMER
E3,RA1,RA1,65.8,2026-06-25 11:11:00,O2018-1,PRIMER
E3,RA2,RA2,74.0,2026-06-25 11:11:00,O2018-1,PRIMER
E3,RA5,RA5,79.0,2026-06-25 11:11:00,O2018-1,PRIMER
E3,RA6,RA6,68.0,2026-06-25 11:11:00,O2018-1,PRIMER
E3,RA9,RA9,67.66666666666667,2026-06-25 11:11:00,O2018-1,PRIMER
E30,RA1,RA1,86.45454545454545,2026-06-25 11:11:00,O2018-2,PRIMER
E30,RA10,RA10,86.66666666666667,2026-06-25 11:11:00,O2018-2,PRIMER
E30,RA11,RA11,81.0,2026-06-25 11:11:00,O2018-2,PRIMER
E30,RA12,RA12,88.16666666666667,2026-06-25 11:11:00,O2018-2,PRIMER
E30,RA2,RA2,81.75,2026-06-25 11:11:00,O2018-2,PRIMER
E30,RA3,RA3,81.0,2026-06-25 11:11:00,O2018-2,PRIMER
E30,RA4,RA4,87.0,2026-06-25 11:11:00,O2018-2,PRIMER
E30,RA5,RA5,83.0,2026-06-25 11:11:00,O2018-2,PRIMER
E30,RA6,RA6,85.5,2026-06-25 11:11:00,O2018-2,PRIMER
E30,RA7,RA7,86.57142857142857,2026-06-25 11:11:00,O2018-2,PRIMER
E30,RA9,RA9,81.5625,2026-06-25 11:11:00,O2018-2,PRIMER
E300,RA1,RA1,81.25,2026-06-25 11:11:00,O2023-2,PRIMER
E300,RA2,RA2,75.0,2026-06-25 11:11:00,O2023-2,PRIMER
E300,RA5,RA5,89.0,2026-06-25 11:11:00,O2023-2,PRIMER
E300,RA6,RA6,78.5,2026-06-25 11:11:00,O2023-2,PRIMER
E300,RA9,RA9,77.66666666666667,2026-06-25 11:11:00,O2023-2,PRIMER
E301,RA1,RA1,71.83333333333333,2026-06-25 11:11:00,O2024-1,PRIMER
E301,RA12,RA12,76.0,2026-06-25 11:11:00,O2024-1,PRIMER
E301,RA2,RA2,73.33333333333333,2026-06-25 11:11:00,O2024-1,PRIMER
E301,RA4,RA4,68.33333333333333,2026-06-25 11:11:00,O2024-1,PRIMER
E301,RA5,RA5,80.0,2026-06-25 11:11:00,O2024-1,PRIMER
E301,RA6,RA6,68.0,2026-06-25 11:11:00,O2024-1,PRIMER
E301,RA7,RA7,76.5,2026-06-25 11:11:00,O2024-1,PRIMER
E301,RA9,RA9,70.9090909090909,2026-06-25 11:11:00,O2024-1,PRIMER
E302,RA1,RA1,66.07692307692308,2026-06-25 11:11:00,O2024-1,PRIMER
E302,RA12,RA12,58.0,2026-06-25 11:11:00,O2024-1,PRIMER
E302,RA2,RA2,67.8,2026-06-25 11:11:00,O2024-1,PRIMER
E302,RA4,RA4,67.66666666666667,2026-06-25 11:11:00,O2024-1,PRIMER
E302,RA5,RA5,70.0,2026-06-25 11:11:00,O2024-1,PRIMER
E302,RA6,RA6,64.66666666666667,2026-06-25 11:11:00,O2024-1,PRIMER
E302,RA9,RA9,67.85714285714286,2026-06-25 11:11:00,O2024-1,PRIMER
E303,RA1,RA1,69.85714285714286,2026-06-25 11:11:00,O2024-1,PRIMER
E303,RA2,RA2,69.66666666666667,2026-06-25 11:11:00,O2024-1,PRIMER
E303,RA4,RA4,71.0,2026-06-25 11:11:00,O2024-1,PRIMER
E303,RA5,RA5,85.0,2026-06-25 11:11:00,O2024-1,PRIMER
E303,RA6,RA6,77.0,2026-06-25 11:11:00,O2024-1,PRIMER
E303,RA9,RA9,75.8,2026-06-25 11:11:00,O2024-1,PRIMER
E304,RA1,RA1,66.0,2026-06-25 11:11:00,O2024-1,PRIMER
E304,RA2,RA2,70.0,2026-06-25 11:11:00,O2024-1,PRIMER
E304,RA5,RA5,61.333333333333336,2026-06-25 11:11:00,O2024-1,PRIMER
E304,RA6,RA6,67.0,2026-06-25 11:11:00,O2024-1,PRIMER
E304,RA9,RA9,62.0,2026-06-25 11:11:00,O2024-1,PRIMER
E305,RA1,RA1,67.66666666666667,2026-06-25 11:11:00,O2024-1,PRIMER
E305,RA2,RA2,55.0,2026-06-25 11:11:00,O2024-1,PRIMER
E305,RA5,RA5,55.333333333333336,2026-06-25 11:11:00,O2024-1,PRIMER
E305,RA6,RA6,65.5,2026-06-25 11:11:00,O2024-1,PRIMER
E305,RA9,RA9,64.5,2026-06-25 11:11:00,O2024-1,PRIMER
E306,RA1,RA1,70.11111111111111,2026-06-25 11:11:00,O2024-1,PRIMER
E306,RA2,RA2,69.5,2026-06-25 11:11:00,O2024-1,PRIMER
E306,RA4,RA4,69.5,2026-06-25 11:11:00,O2024-1,PRIMER
E306,RA5,RA5,72.0,2026-06-25 11:11:00,O2024-1,PRIMER
E306,RA6,RA6,76.0,2026-06-25 11:11:00,O2024-1,PRIMER
E306,RA9,RA9,70.5,2026-06-25 11:11:00,O2024-1,PRIMER
E307,RA1,RA1,60.0,2026-06-25 11:11:00,O2024-1,PRIMER
E307,RA2,RA2,65.5,2026-06-25 11:11:00,O2024-1,PRIMER
E307,RA5,RA5,63.666666666666664,2026-06-25 11:11:00,O2024-1,PRIMER
E307,RA6,RA6,52.5,2026-06-25 11:11:00,O2024-1,PRIMER
E307,RA9,RA9,59.0,2026-06-25 11:11:00,O2024-1,PRIMER
E308,RA1,RA1,79.6,2026-06-25 11:11:00,O2024-1,PRIMER
E308,RA12,RA12,78.5,2026-06-25 11:11:00,O2024-1,PRIMER
E308,RA2,RA2,79.0,2026-06-25 11:11:00,O2024-1,PRIMER
E308,RA3,RA3,76.0,2026-06-25 11:11:00,O2024-1,PRIMER
E308,RA4,RA4,88.0,2026-06-25 11:11:00,O2024-1,PRIMER
E308,RA5,RA5,70.5,2026-06-25 11:11:00,O2024-1,PRIMER
E308,RA6,RA6,77.5,2026-06-25 11:11:00,O2024-1,PRIMER
E308,RA7,RA7,85.66666666666667,2026-06-25 11:11:00,O2024-1,PRIMER
E308,RA9,RA9,79.66666666666667,2026-06-25 11:11:00,O2024-1,PRIMER
E309,RA1,RA1,75.5,2026-06-25 11:11:00,O2024-1,PRIMER
E309,RA2,RA2,74.66666666666667,2026-06-25 11:11:00,O2024-1,PRIMER
E309,RA5,RA5,67.5,2026-06-25 11:11:00,O2024-1,PRIMER
E309,RA6,RA6,74.0,2026-06-25 11:11:00,O2024-1,PRIMER
E309,RA9,RA9,74.0,2026-06-25 11:11:00,O2024-1,PRIMER
E31,RA1,RA1,65.4,2026-06-25 11:11:00,O2018-2,PRIMER
E31,RA2,RA2,71.5,2026-06-25 11:11:00,O2018-2,PRIMER
E31,RA5,RA5,73.0,2026-06-25 11:11:00,O2018-2,PRIMER
E31,RA6,RA6,66.5,2026-06-25 11:11:00,O2018-2,PRIMER
E31,RA9,RA9,63.666666666666664,2026-06-25 11:11:00,O2018-2,PRIMER
E310,RA1,RA1,65.75,2026-06-25 11:11:00,O2024-1,PRIMER
E310,RA2,RA2,67.5,2026-06-25 11:11:00,O2024-1,PRIMER
E310,RA5,RA5,71.0,2026-06-25 11:11:00,O2024-1,PRIMER
E310,RA6,RA6,73.0,2026-06-25 11:11:00,O2024-1,PRIMER
E310,RA9,RA9,74.0,2026-06-25 11:11:00,O2024-1,PRIMER
E311,RA1,RA1,60.75,2026-06-25 11:11:00,O2024-1,PRIMER
E311,RA2,RA2,58.0,2026-06-25 11:11:00,O2024-1,PRIMER
E311,RA5,RA5,64.33333333333333,2026-06-25 11:11:00,O2024-1,PRIMER
E311,RA6,RA6,65.5,2026-06-25 11:11:00,O2024-1,PRIMER
E311,RA9,RA9,53.5,2026-06-25 11:11:00,O2024-1,PRIMER
E312,RA1,RA1,63.75,2026-06-25 11:11:00,O2024-1,PRIMER
E312,RA2,RA2,62.0,2026-06-25 11:11:00,O2024-1,PRIMER
E312,RA5,RA5,64.66666666666667,2026-06-25 11:11:00,O2024-1,PRIMER
E312,RA6,RA6,64.66666666666667,2026-06-25 11:11:00,O2024-1,PRIMER
E312,RA9,RA9,62.0,2026-06-25 11:11:00,O2024-1,PRIMER
E313,RA1,RA1,62.25,2026-06-25 11:11:00,O2024-1,PRIMER
E313,RA2,RA2,61.5,2026-06-25 11:11:00,O2024-1,PRIMER
E313,RA5,RA5,66.33333333333333,2026-06-25 11:11:00,O2024-1,PRIMER
E313,RA6,RA6,61.333333333333336,2026-06-25 11:11:00,O2024-1,PRIMER
E313,RA9,RA9,66.0,2026-06-25 11:11:00,O2024-1,PRIMER
E314,RA1,RA1,65.5,2026-06-25 11:11:00,O2024-1,PRIMER
E314,RA2,RA2,60.0,2026-06-25 11:11:00,O2024-1,PRIMER
E314,RA5,RA5,66.0,2026-06-25 11:11:00,O2024-1,PRIMER
E314,RA6,RA6,63.666666666666664,2026-06-25 11:11:00,O2024-1,PRIMER
E314,RA9,RA9,61.5,2026-06-25 11:11:00,O2024-1,PRIMER
E315,RA1,RA1,63.4,2026-06-25 11:11:00,O2024-1,PRIMER
E315,RA2,RA2,70.5,2026-06-25 11:11:00,O2024-1,PRIMER
E315,RA5,RA5,70.0,2026-06-25 11:11:00,O2024-1,PRIMER
E315,RA6,RA6,77.0,2026-06-25 11:11:00,O2024-1,PRIMER
E315,RA9,RA9,66.5,2026-06-25 11:11:00,O2024-1,PRIMER
E316,RA1,RA1,71.3,2026-06-25 11:11:00,O2024-1,PRIMER
E316,RA12,RA12,75.5,2026-06-25 11:11:00,O2024-1,PRIMER
E316,RA2,RA2,72.0,2026-06-25 11:11:00,O2024-1,PRIMER
E316,RA4,RA4,70.0,2026-06-25 11:11:00,O2024-1,PRIMER
E316,RA5,RA5,87.0,2026-06-25 11:11:00,O2024-1,PRIMER
E316,RA6,RA6,72.66666666666667,2026-06-25 11:11:00,O2024-1,PRIMER
E316,RA7,RA7,70.0,2026-06-25 11:11:00,O2024-1,PRIMER
E316,RA9,RA9,72.33333333333333,2026-06-25 11:11:00,O2024-1,PRIMER
E317,RA1,RA1,78.45454545454545,2026-06-25 11:11:00,O2024-1,PRIMER
E317,RA12,RA12,74.0,2026-06-25 11:11:00,O2024-1,PRIMER
E317,RA2,RA2,73.5,2026-06-25 11:11:00,O2024-1,PRIMER
E317,RA3,RA3,79.0,2026-06-25 11:11:00,O2024-1,PRIMER
E317,RA4,RA4,72.0,2026-06-25 11:11:00,O2024-1,PRIMER
E317,RA5,RA5,80.0,2026-06-25 11:11:00,O2024-1,PRIMER
E317,RA6,RA6,79.5,2026-06-25 11:11:00,O2024-1,PRIMER
E317,RA7,RA7,80.0,2026-06-25 11:11:00,O2024-1,PRIMER
E317,RA9,RA9,79.0,2026-06-25 11:11:00,O2024-1,PRIMER
E318,RA1,RA1,62.75,2026-06-25 11:11:00,O2024-1,PRIMER
E318,RA2,RA2,62.666666666666664,2026-06-25 11:11:00,O2024-1,PRIMER
E318,RA5,RA5,61.666666666666664,2026-06-25 11:11:00,O2024-1,PRIMER
E318,RA6,RA6,82.0,2026-06-25 11:11:00,O2024-1,PRIMER
E318,RA9,RA9,62.0,2026-06-25 11:11:00,O2024-1,PRIMER
E319,RA1,RA1,75.27272727272727,2026-06-25 11:11:00,O2024-1,PRIMER
E319,RA12,RA12,77.0,2026-06-25 11:11:00,O2024-1,PRIMER
E319,RA2,RA2,74.66666666666667,2026-06-25 11:11:00,O2024-1,PRIMER
E319,RA4,RA4,75.0,2026-06-25 11:11:00,O2024-1,PRIMER
E319,RA5,RA5,70.66666666666667,2026-06-25 11:11:00,O2024-1,PRIMER
E319,RA6,RA6,73.5,2026-06-25 11:11:00,O2024-1,PRIMER
E319,RA7,RA7,75.66666666666667,2026-06-25 11:11:00,O2024-1,PRIMER
E319,RA9,RA9,74.91666666666667,2026-06-25 11:11:00,O2024-1,PRIMER
E32,RA1,RA1,75.35714285714286,2026-06-25 11:11:00,O2018-2,PRIMER
E32,RA10,RA10,73.33333333333333,2026-06-25 11:11:00,O2018-2,PRIMER
E32,RA11,RA11,79.0,2026-06-25 11:11:00,O2018-2,PRIMER
E32,RA12,RA12,76.83333333333333,2026-06-25 11:11:00,O2018-2,PRIMER
E32,RA2,RA2,75.25,2026-06-25 11:11:00,O2018-2,PRIMER
E32,RA3,RA3,72.75,2026-06-25 11:11:00,O2018-2,PRIMER
E32,RA4,RA4,84.0,2026-06-25 11:11:00,O2018-2,PRIMER
E32,RA5,RA5,79.0,2026-06-25 11:11:00,O2018-2,PRIMER
E32,RA6,RA6,73.33333333333333,2026-06-25 11:11:00,O2018-2,PRIMER
E32,RA7,RA7,74.44444444444444,2026-06-25 11:11:00,O2018-2,PRIMER
E32,RA9,RA9,77.41176470588235,2026-06-25 11:11:00,O2018-2,PRIMER
E320,RA1,RA1,73.33333333333333,2026-06-25 11:11:00,O2024-1,PRIMER
E320,RA12,RA12,72.0,2026-06-25 11:11:00,O2024-1,PRIMER
E320,RA2,RA2,71.0,2026-06-25 11:11:00,O2024-1,PRIMER
E320,RA4,RA4,82.0,2026-06-25 11:11:00,O2024-1,PRIMER
E320,RA5,RA5,71.0,2026-06-25 11:11:00,O2024-1,PRIMER
E320,RA6,RA6,81.5,2026-06-25 11:11:00,O2024-1,PRIMER
E320,RA7,RA7,71.6,2026-06-25 11:11:00,O2024-1,PRIMER
E320,RA9,RA9,76.45454545454545,2026-06-25 11:11:00,O2024-1,PRIMER
E321,RA1,RA1,63.75,2026-06-25 11:11:00,O2024-1,PRIMER
E321,RA2,RA2,61.0,2026-06-25 11:11:00,O2024-1,PRIMER
E321,RA5,RA5,61.666666666666664,2026-06-25 11:11:00,O2024-1,PRIMER
E321,RA6,RA6,63.5,2026-06-25 11:11:00,O2024-1,PRIMER
E321,RA9,RA9,70.0,2026-06-25 11:11:00,O2024-1,PRIMER
E322,RA1,RA1,82.2,2026-06-25 11:11:00,O2024-1,PRIMER
E322,RA12,RA12,86.5,2026-06-25 11:11:00,O2024-1,PRIMER
E322,RA2,RA2,87.33333333333333,2026-06-25 11:11:00,O2024-1,PRIMER
E322,RA3,RA3,80.0,2026-06-25 11:11:00,O2024-1,PRIMER
E322,RA4,RA4,83.0,2026-06-25 11:11:00,O2024-1,PRIMER
E322,RA5,RA5,77.0,2026-06-25 11:11:00,O2024-1,PRIMER
E322,RA6,RA6,80.5,2026-06-25 11:11:00,O2024-1,PRIMER
E322,RA7,RA7,82.5,2026-06-25 11:11:00,O2024-1,PRIMER
E322,RA9,RA9,81.91666666666667,2026-06-25 11:11:00,O2024-1,PRIMER
E323,RA1,RA1,76.3,2026-06-25 11:11:00,O2024-1,PRIMER
E323,RA12,RA12,80.0,2026-06-25 11:11:00,O2024-1,PRIMER
E323,RA2,RA2,73.0,2026-06-25 11:11:00,O2024-1,PRIMER
E323,RA4,RA4,87.0,2026-06-25 11:11:00,O2024-1,PRIMER
E323,RA5,RA5,74.0,2026-06-25 11:11:00,O2024-1,PRIMER
E323,RA6,RA6,71.33333333333333,2026-06-25 11:11:00,O2024-1,PRIMER
E323,RA7,RA7,73.5,2026-06-25 11:11:00,O2024-1,PRIMER
E323,RA9,RA9,77.36363636363636,2026-06-25 11:11:00,O2024-1,PRIMER
E324,RA1,RA1,76.81818181818181,2026-06-25 11:11:00,O2024-1,PRIMER
E324,RA12,RA12,74.0,2026-06-25 11:11:00,O2024-1,PRIMER
E324,RA2,RA2,79.0,2026-06-25 11:11:00,O2024-1,PRIMER
E324,RA4,RA4,75.0,2026-06-25 11:11:00,O2024-1,PRIMER
E324,RA5,RA5,69.5,2026-06-25 11:11:00,O2024-1,PRIMER
E324,RA6,RA6,81.5,2026-06-25 11:11:00,O2024-1,PRIMER
E324,RA7,RA7,72.25,2026-06-25 11:11:00,O2024-1,PRIMER
E324,RA9,RA9,73.83333333333333,2026-06-25 11:11:00,O2024-1,PRIMER
E325,RA1,RA1,72.72727272727273,2026-06-25 11:11:00,O2024-1,PRIMER
E325,RA12,RA12,71.0,2026-06-25 11:11:00,O2024-1,PRIMER
E325,RA2,RA2,69.4,2026-06-25 11:11:00,O2024-1,PRIMER
E325,RA4,RA4,70.0,2026-06-25 11:11:00,O2024-1,PRIMER
E325,RA5,RA5,75.0,2026-06-25 11:11:00,O2024-1,PRIMER
E325,RA6,RA6,77.0,2026-06-25 11:11:00,O2024-1,PRIMER
E325,RA7,RA7,76.0,2026-06-25 11:11:00,O2024-1,PRIMER
E325,RA9,RA9,71.25,2026-06-25 11:11:00,O2024-1,PRIMER
E326,RA1,RA1,73.7,2026-06-25 11:11:00,O2024-2,PRIMER
E326,RA12,RA12,84.0,2026-06-25 11:11:00,O2024-2,PRIMER
E326,RA2,RA2,74.5,2026-06-25 11:11:00,O2024-2,PRIMER
E326,RA4,RA4,90.0,2026-06-25 11:11:00,O2024-2,PRIMER
E326,RA5,RA5,84.0,2026-06-25 11:11:00,O2024-2,PRIMER
E326,RA6,RA6,75.5,2026-06-25 11:11:00,O2024-2,PRIMER
E326,RA7,RA7,77.5,2026-06-25 11:11:00,O2024-2,PRIMER
E326,RA9,RA9,78.11111111111111,2026-06-25 11:11:00,O2024-2,PRIMER
E327,RA1,RA1,57.75,2026-06-25 11:11:00,O2024-2,PRIMER
E327,RA2,RA2,57.5,2026-06-25 11:11:00,O2024-2,PRIMER
E327,RA5,RA5,61.0,2026-06-25 11:11:00,O2024-2,PRIMER
E327,RA6,RA6,66.5,2026-06-25 11:11:00,O2024-2,PRIMER
E327,RA9,RA9,56.0,2026-06-25 11:11:00,O2024-2,PRIMER
E328,RA1,RA1,76.5,2026-06-25 11:11:00,O2024-2,PRIMER
E328,RA12,RA12,72.0,2026-06-25 11:11:00,O2024-2,PRIMER
E328,RA2,RA2,85.33333333333333,2026-06-25 11:11:00,O2024-2,PRIMER
E328,RA4,RA4,97.0,2026-06-25 11:11:00,O2024-2,PRIMER
E328,RA5,RA5,87.0,2026-06-25 11:11:00,O2024-2,PRIMER
E328,RA6,RA6,77.5,2026-06-25 11:11:00,O2024-2,PRIMER
E328,RA7,RA7,69.5,2026-06-25 11:11:00,O2024-2,PRIMER
E328,RA9,RA9,78.2,2026-06-25 11:11:00,O2024-2,PRIMER
E329,RA1,RA1,72.16666666666667,2026-06-25 11:11:00,O2024-2,PRIMER
E329,RA12,RA12,69.0,2026-06-25 11:11:00,O2024-2,PRIMER
E329,RA2,RA2,75.5,2026-06-25 11:11:00,O2024-2,PRIMER
E329,RA4,RA4,70.0,2026-06-25 11:11:00,O2024-2,PRIMER
E329,RA5,RA5,65.5,2026-06-25 11:11:00,O2024-2,PRIMER
E329,RA6,RA6,79.0,2026-06-25 11:11:00,O2024-2,PRIMER
E329,RA9,RA9,76.8,2026-06-25 11:11:00,O2024-2,PRIMER
E33,RA1,RA1,63.75,2026-06-25 11:11:00,O2018-2,PRIMER
E33,RA2,RA2,66.5,2026-06-25 11:11:00,O2018-2,PRIMER
E33,RA5,RA5,64.33333333333333,2026-06-25 11:11:00,O2018-2,PRIMER
E33,RA6,RA6,70.0,2026-06-25 11:11:00,O2018-2,PRIMER
E33,RA9,RA9,70.5,2026-06-25 11:11:00,O2018-2,PRIMER
E330,RA1,RA1,64.25,2026-06-25 11:11:00,O2024-2,PRIMER
E330,RA2,RA2,60.333333333333336,2026-06-25 11:11:00,O2024-2,PRIMER
E330,RA5,RA5,70.0,2026-06-25 11:11:00,O2024-2,PRIMER
E330,RA6,RA6,63.333333333333336,2026-06-25 11:11:00,O2024-2,PRIMER
E330,RA9,RA9,69.5,2026-06-25 11:11:00,O2024-2,PRIMER
E331,RA1,RA1,82.5,2026-06-25 11:11:00,O2024-2,PRIMER
E331,RA2,RA2,87.0,2026-06-25 11:11:00,O2024-2,PRIMER
E331,RA5,RA5,89.0,2026-06-25 11:11:00,O2024-2,PRIMER
E331,RA6,RA6,81.0,2026-06-25 11:11:00,O2024-2,PRIMER
E331,RA9,RA9,76.0,2026-06-25 11:11:00,O2024-2,PRIMER
E332,RA1,RA1,64.75,2026-06-25 11:11:00,O2024-2,PRIMER
E332,RA2,RA2,62.666666666666664,2026-06-25 11:11:00,O2024-2,PRIMER
E332,RA5,RA5,71.0,2026-06-25 11:11:00,O2024-2,PRIMER
E332,RA6,RA6,62.0,2026-06-25 11:11:00,O2024-2,PRIMER
E332,RA9,RA9,61.0,2026-06-25 11:11:00,O2024-2,PRIMER
E333,RA1,RA1,79.77777777777777,2026-06-25 11:11:00,O2024-2,PRIMER
E333,RA12,RA12,80.0,2026-06-25 11:11:00,O2024-2,PRIMER
E333,RA2,RA2,82.0,2026-06-25 11:11:00,O2024-2,PRIMER
E333,RA4,RA4,77.0,2026-06-25 11:11:00,O2024-2,PRIMER
E333,RA5,RA5,72.0,2026-06-25 11:11:00,O2024-2,PRIMER
E333,RA6,RA6,75.0,2026-06-25 11:11:00,O2024-2,PRIMER
E333,RA7,RA7,87.0,2026-06-25 11:11:00,O2024-2,PRIMER
E333,RA9,RA9,77.3,2026-06-25 11:11:00,O2024-2,PRIMER
E334,RA1,RA1,70.8,2026-06-25 11:11:00,O2024-2,PRIMER
E334,RA12,RA12,81.0,2026-06-25 11:11:00,O2024-2,PRIMER
E334,RA2,RA2,79.5,2026-06-25 11:11:00,O2024-2,PRIMER
E334,RA4,RA4,78.0,2026-06-25 11:11:00,O2024-2,PRIMER
E334,RA5,RA5,83.0,2026-06-25 11:11:00,O2024-2,PRIMER
E334,RA6,RA6,78.5,2026-06-25 11:11:00,O2024-2,PRIMER
E334,RA9,RA9,74.75,2026-06-25 11:11:00,O2024-2,PRIMER
E335,RA1,RA1,69.25,2026-06-25 11:11:00,O2024-2,PRIMER
E335,RA2,RA2,74.5,2026-06-25 11:11:00,O2024-2,PRIMER
E335,RA5,RA5,63.0,2026-06-25 11:11:00,O2024-2,PRIMER
E335,RA6,RA6,66.5,2026-06-25 11:11:00,O2024-2,PRIMER
E335,RA9,RA9,60.0,2026-06-25 11:11:00,O2024-2,PRIMER
E336,RA1,RA1,87.75,2026-06-25 11:11:00,O2024-2,PRIMER
E336,RA12,RA12,82.0,2026-06-25 11:11:00,O2024-2,PRIMER
E336,RA2,RA2,87.66666666666667,2026-06-25 11:11:00,O2024-2,PRIMER
E336,RA4,RA4,81.0,2026-06-25 11:11:00,O2024-2,PRIMER
E336,RA5,RA5,86.0,2026-06-25 11:11:00,O2024-2,PRIMER
E336,RA6,RA6,79.66666666666667,2026-06-25 11:11:00,O2024-2,PRIMER
E336,RA7,RA7,79.0,2026-06-25 11:11:00,O2024-2,PRIMER
E336,RA9,RA9,79.54545454545455,2026-06-25 11:11:00,O2024-2,PRIMER
E337,RA1,RA1,68.0,2026-06-25 11:11:00,O2024-2,PRIMER
E337,RA2,RA2,75.0,2026-06-25 11:11:00,O2024-2,PRIMER
E337,RA5,RA5,72.5,2026-06-25 11:11:00,O2024-2,PRIMER
E337,RA6,RA6,69.66666666666667,2026-06-25 11:11:00,O2024-2,PRIMER
E337,RA9,RA9,66.6,2026-06-25 11:11:00,O2024-2,PRIMER
E338,RA1,RA1,79.77777777777777,2026-06-25 11:11:00,O2024-2,PRIMER
E338,RA12,RA12,95.0,2026-06-25 11:11:00,O2024-2,PRIMER
E338,RA2,RA2,82.0,2026-06-25 11:11:00,O2024-2,PRIMER
E338,RA4,RA4,85.0,2026-06-25 11:11:00,O2024-2,PRIMER
E338,RA5,RA5,79.0,2026-06-25 11:11:00,O2024-2,PRIMER
E338,RA6,RA6,77.0,2026-06-25 11:11:00,O2024-2,PRIMER
E338,RA7,RA7,78.33333333333333,2026-06-25 11:11:00,O2024-2,PRIMER
E338,RA9,RA9,82.2,2026-06-25 11:11:00,O2024-2,PRIMER
E339,RA1,RA1,75.75,2026-06-25 11:11:00,O2024-2,PRIMER
E339,RA12,RA12,75.0,2026-06-25 11:11:00,O2024-2,PRIMER
E339,RA2,RA2,73.33333333333333,2026-06-25 11:11:00,O2024-2,PRIMER
E339,RA4,RA4,84.0,2026-06-25 11:11:00,O2024-2,PRIMER
E339,RA5,RA5,80.0,2026-06-25 11:11:00,O2024-2,PRIMER
E339,RA6,RA6,76.5,2026-06-25 11:11:00,O2024-2,PRIMER
E339,RA7,RA7,71.0,2026-06-25 11:11:00,O2024-2,PRIMER
E339,RA9,RA9,73.45454545454545,2026-06-25 11:11:00,O2024-2,PRIMER
E34,RA1,RA1,78.33333333333333,2026-06-25 11:11:00,O2018-2,PRIMER
E34,RA10,RA10,83.33333333333333,2026-06-25 11:11:00,O2018-2,PRIMER
E34,RA11,RA11,81.0,2026-06-25 11:11:00,O2018-2,PRIMER
E34,RA12,RA12,74.85714285714286,2026-06-25 11:11:00,O2018-2,PRIMER
E34,RA2,RA2,81.25,2026-06-25 11:11:00,O2018-2,PRIMER
E34,RA3,RA3,73.0,2026-06-25 11:11:00,O2018-2,PRIMER
E34,RA4,RA4,71.0,2026-06-25 11:11:00,O2018-2,PRIMER
E34,RA5,RA5,72.0,2026-06-25 11:11:00,O2018-2,PRIMER
E34,RA6,RA6,77.0,2026-06-25 11:11:00,O2018-2,PRIMER
E34,RA7,RA7,77.57142857142857,2026-06-25 11:11:00,O2018-2,PRIMER
E34,RA9,RA9,75.66666666666667,2026-06-25 11:11:00,O2018-2,PRIMER
E340,RA1,RA1,83.5,2026-06-25 11:11:00,O2024-2,PRIMER
E340,RA12,RA12,71.0,2026-06-25 11:11:00,O2024-2,PRIMER
E340,RA2,RA2,81.0,2026-06-25 11:11:00,O2024-2,PRIMER
E340,RA4,RA4,83.0,2026-06-25 11:11:00,O2024-2,PRIMER
E340,RA5,RA5,78.0,2026-06-25 11:11:00,O2024-2,PRIMER
E340,RA6,RA6,85.0,2026-06-25 11:11:00,O2024-2,PRIMER
E340,RA7,RA7,87.66666666666667,2026-06-25 11:11:00,O2024-2,PRIMER
E340,RA9,RA9,84.1,2026-06-25 11:11:00,O2024-2,PRIMER
E341,RA1,RA1,76.88888888888889,2026-06-25 11:11:00,O2024-2,PRIMER
E341,RA12,RA12,76.0,2026-06-25 11:11:00,O2024-2,PRIMER
E341,RA2,RA2,74.75,2026-06-25 11:11:00,O2024-2,PRIMER
E341,RA4,RA4,74.0,2026-06-25 11:11:00,O2024-2,PRIMER
E341,RA5,RA5,72.0,2026-06-25 11:11:00,O2024-2,PRIMER
E341,RA6,RA6,80.5,2026-06-25 11:11:00,O2024-2,PRIMER
E341,RA7,RA7,81.0,2026-06-25 11:11:00,O2024-2,PRIMER
E341,RA9,RA9,75.2,2026-06-25 11:11:00,O2024-2,PRIMER
E342,RA1,RA1,74.875,2026-06-25 11:11:00,O2024-2,PRIMER
E342,RA12,RA12,78.0,2026-06-25 11:11:00,O2024-2,PRIMER
E342,RA2,RA2,72.6,2026-06-25 11:11:00,O2024-2,PRIMER
E342,RA4,RA4,70.0,2026-06-25 11:11:00,O2024-2,PRIMER
E342,RA5,RA5,72.0,2026-06-25 11:11:00,O2024-2,PRIMER
E342,RA6,RA6,69.0,2026-06-25 11:11:00,O2024-2,PRIMER
E342,RA7,RA7,77.0,2026-06-25 11:11:00,O2024-2,PRIMER
E342,RA9,RA9,71.8,2026-06-25 11:11:00,O2024-2,PRIMER
E343,RA1,RA1,81.22222222222223,2026-06-25 11:11:00,O2024-2,PRIMER
E343,RA12,RA12,86.0,2026-06-25 11:11:00,O2024-2,PRIMER
E343,RA2,RA2,80.66666666666667,2026-06-25 11:11:00,O2024-2,PRIMER
E343,RA4,RA4,86.0,2026-06-25 11:11:00,O2024-2,PRIMER
E343,RA5,RA5,90.0,2026-06-25 11:11:00,O2024-2,PRIMER
E343,RA6,RA6,86.0,2026-06-25 11:11:00,O2024-2,PRIMER
E343,RA7,RA7,79.66666666666667,2026-06-25 11:11:00,O2024-2,PRIMER
E343,RA9,RA9,79.7,2026-06-25 11:11:00,O2024-2,PRIMER
E344,RA1,RA1,71.55555555555556,2026-06-25 11:11:00,O2024-2,PRIMER
E344,RA12,RA12,68.5,2026-06-25 11:11:00,O2024-2,PRIMER
E344,RA2,RA2,82.0,2026-06-25 11:11:00,O2024-2,PRIMER
E344,RA4,RA4,70.5,2026-06-25 11:11:00,O2024-2,PRIMER
E344,RA5,RA5,72.0,2026-06-25 11:11:00,O2024-2,PRIMER
E344,RA6,RA6,70.5,2026-06-25 11:11:00,O2024-2,PRIMER
E344,RA7,RA7,66.0,2026-06-25 11:11:00,O2024-2,PRIMER
E344,RA9,RA9,71.9,2026-06-25 11:11:00,O2024-2,PRIMER
E345,RA1,RA1,68.5,2026-06-25 11:11:00,O2024-2,PRIMER
E345,RA2,RA2,68.66666666666667,2026-06-25 11:11:00,O2024-2,PRIMER
E345,RA5,RA5,72.0,2026-06-25 11:11:00,O2024-2,PRIMER
E345,RA6,RA6,85.0,2026-06-25 11:11:00,O2024-2,PRIMER
E345,RA9,RA9,60.333333333333336,2026-06-25 11:11:00,O2024-2,PRIMER
E346,RA1,RA1,81.22222222222223,2026-06-25 11:11:00,O2024-2,PRIMER
E346,RA12,RA12,79.0,2026-06-25 11:11:00,O2024-2,PRIMER
E346,RA2,RA2,84.33333333333333,2026-06-25 11:11:00,O2024-2,PRIMER
E346,RA4,RA4,93.0,2026-06-25 11:11:00,O2024-2,PRIMER
E346,RA5,RA5,90.0,2026-06-25 11:11:00,O2024-2,PRIMER
E346,RA6,RA6,78.5,2026-06-25 11:11:00,O2024-2,PRIMER
E346,RA7,RA7,80.66666666666667,2026-06-25 11:11:00,O2024-2,PRIMER
E346,RA9,RA9,82.3,2026-06-25 11:11:00,O2024-2,PRIMER
E347,RA1,RA1,71.72727272727273,2026-06-25 11:11:00,O2024-2,PRIMER
E347,RA12,RA12,78.0,2026-06-25 11:11:00,O2024-2,PRIMER
E347,RA2,RA2,71.33333333333333,2026-06-25 11:11:00,O2024-2,PRIMER
E347,RA4,RA4,80.0,2026-06-25 11:11:00,O2024-2,PRIMER
E347,RA5,RA5,70.0,2026-06-25 11:11:00,O2024-2,PRIMER
E347,RA6,RA6,73.5,2026-06-25 11:11:00,O2024-2,PRIMER
E347,RA7,RA7,81.0,2026-06-25 11:11:00,O2024-2,PRIMER
E347,RA9,RA9,76.625,2026-06-25 11:11:00,O2024-2,PRIMER
E348,RA1,RA1,74.125,2026-06-25 11:11:00,O2024-2,PRIMER
E348,RA12,RA12,73.0,2026-06-25 11:11:00,O2024-2,PRIMER
E348,RA2,RA2,77.33333333333333,2026-06-25 11:11:00,O2024-2,PRIMER
E348,RA4,RA4,70.0,2026-06-25 11:11:00,O2024-2,PRIMER
E348,RA5,RA5,75.0,2026-06-25 11:11:00,O2024-2,PRIMER
E348,RA6,RA6,71.0,2026-06-25 11:11:00,O2024-2,PRIMER
E348,RA7,RA7,69.5,2026-06-25 11:11:00,O2024-2,PRIMER
E348,RA9,RA9,74.9,2026-06-25 11:11:00,O2024-2,PRIMER
E349,RA1,RA1,80.25,2026-06-25 11:11:00,O2024-2,PRIMER
E349,RA12,RA12,80.0,2026-06-25 11:11:00,O2024-2,PRIMER
E349,RA2,RA2,75.0,2026-06-25 11:11:00,O2024-2,PRIMER
E349,RA4,RA4,84.0,2026-06-25 11:11:00,O2024-2,PRIMER
E349,RA5,RA5,75.0,2026-06-25 11:11:00,O2024-2,PRIMER
E349,RA6,RA6,79.5,2026-06-25 11:11:00,O2024-2,PRIMER
E349,RA7,RA7,80.0,2026-06-25 11:11:00,O2024-2,PRIMER
E349,RA9,RA9,76.63636363636364,2026-06-25 11:11:00,O2024-2,PRIMER
E35,RA1,RA1,66.4,2026-06-25 11:11:00,O2018-2,PRIMER
E35,RA2,RA2,71.33333333333333,2026-06-25 11:11:00,O2018-2,PRIMER
E35,RA5,RA5,67.0,2026-06-25 11:11:00,O2018-2,PRIMER
E35,RA6,RA6,70.0,2026-06-25 11:11:00,O2018-2,PRIMER
E35,RA9,RA9,71.0,2026-06-25 11:11:00,O2018-2,PRIMER
E350,RA1,RA1,80.0,2026-06-25 11:11:00,O2024-2,PRIMER
E350,RA12,RA12,78.0,2026-06-25 11:11:00,O2024-2,PRIMER
E350,RA2,RA2,81.33333333333333,2026-06-25 11:11:00,O2024-2,PRIMER
E350,RA4,RA4,78.0,2026-06-25 11:11:00,O2024-2,PRIMER
E350,RA5,RA5,85.0,2026-06-25 11:11:00,O2024-2,PRIMER
E350,RA6,RA6,88.5,2026-06-25 11:11:00,O2024-2,PRIMER
E350,RA7,RA7,84.66666666666667,2026-06-25 11:11:00,O2024-2,PRIMER
E350,RA9,RA9,85.0,2026-06-25 11:11:00,O2024-2,PRIMER
E351,RA1,RA1,67.25,2026-06-25 11:11:00,O2025-1,PRIMER
E351,RA2,RA2,56.0,2026-06-25 11:11:00,O2025-1,PRIMER
E351,RA5,RA5,62.333333333333336,2026-06-25 11:11:00,O2025-1,PRIMER
E351,RA6,RA6,71.0,2026-06-25 11:11:00,O2025-1,PRIMER
E351,RA9,RA9,63.5,2026-06-25 11:11:00,O2025-1,PRIMER
E352,RA1,RA1,79.57142857142857,2026-06-25 11:11:00,O2025-1,PRIMER
E352,RA12,RA12,81.0,2026-06-25 11:11:00,O2025-1,PRIMER
E352,RA2,RA2,84.33333333333333,2026-06-25 11:11:00,O2025-1,PRIMER
E352,RA4,RA4,82.0,2026-06-25 11:11:00,O2025-1,PRIMER
E352,RA5,RA5,79.0,2026-06-25 11:11:00,O2025-1,PRIMER
E352,RA6,RA6,82.5,2026-06-25 11:11:00,O2025-1,PRIMER
E352,RA7,RA7,78.0,2026-06-25 11:11:00,O2025-1,PRIMER
E352,RA9,RA9,81.25,2026-06-25 11:11:00,O2025-1,PRIMER
E353,RA1,RA1,63.25,2026-06-25 11:11:00,O2025-1,PRIMER
E353,RA2,RA2,65.0,2026-06-25 11:11:00,O2025-1,PRIMER
E353,RA5,RA5,64.0,2026-06-25 11:11:00,O2025-1,PRIMER
E353,RA6,RA6,66.33333333333333,2026-06-25 11:11:00,O2025-1,PRIMER
E353,RA9,RA9,56.0,2026-06-25 11:11:00,O2025-1,PRIMER
E354,RA1,RA1,69.8,2026-06-25 11:11:00,O2025-1,PRIMER
E354,RA2,RA2,70.66666666666667,2026-06-25 11:11:00,O2025-1,PRIMER
E354,RA5,RA5,74.0,2026-06-25 11:11:00,O2025-1,PRIMER
E354,RA6,RA6,69.0,2026-06-25 11:11:00,O2025-1,PRIMER
E354,RA9,RA9,65.5,2026-06-25 11:11:00,O2025-1,PRIMER
E355,RA1,RA1,79.0,2026-06-25 11:11:00,O2025-1,PRIMER
E355,RA12,RA12,78.0,2026-06-25 11:11:00,O2025-1,PRIMER
E355,RA2,RA2,78.0,2026-06-25 11:11:00,O2025-1,PRIMER
E355,RA4,RA4,80.0,2026-06-25 11:11:00,O2025-1,PRIMER
E355,RA5,RA5,88.0,2026-06-25 11:11:00,O2025-1,PRIMER
E355,RA6,RA6,79.5,2026-06-25 11:11:00,O2025-1,PRIMER
E355,RA7,RA7,82.0,2026-06-25 11:11:00,O2025-1,PRIMER
E355,RA9,RA9,78.5,2026-06-25 11:11:00,O2025-1,PRIMER
E356,RA1,RA1,71.85714285714286,2026-06-25 11:11:00,O2025-1,PRIMER
E356,RA2,RA2,65.6,2026-06-25 11:11:00,O2025-1,PRIMER
E356,RA5,RA5,71.5,2026-06-25 11:11:00,O2025-1,PRIMER
E356,RA6,RA6,71.0,2026-06-25 11:11:00,O2025-1,PRIMER
E356,RA9,RA9,70.0,2026-06-25 11:11:00,O2025-1,PRIMER
E357,RA1,RA1,71.75,2026-06-25 11:11:00,O2025-1,PRIMER
E357,RA12,RA12,70.0,2026-06-25 11:11:00,O2025-1,PRIMER
E357,RA2,RA2,78.66666666666667,2026-06-25 11:11:00,O2025-1,PRIMER
E357,RA4,RA4,70.0,2026-06-25 11:11:00,O2025-1,PRIMER
E357,RA5,RA5,72.0,2026-06-25 11:11:00,O2025-1,PRIMER
E357,RA6,RA6,71.33333333333333,2026-06-25 11:11:00,O2025-1,PRIMER
E357,RA7,RA7,75.0,2026-06-25 11:11:00,O2025-1,PRIMER
E357,RA9,RA9,73.0,2026-06-25 11:11:00,O2025-1,PRIMER
E358,RA1,RA1,70.25,2026-06-25 11:11:00,O2025-1,PRIMER
E358,RA2,RA2,72.5,2026-06-25 11:11:00,O2025-1,PRIMER
E358,RA5,RA5,66.66666666666667,2026-06-25 11:11:00,O2025-1,PRIMER
E358,RA6,RA6,72.0,2026-06-25 11:11:00,O2025-1,PRIMER
E358,RA9,RA9,68.0,2026-06-25 11:11:00,O2025-1,PRIMER
E359,RA1,RA1,63.75,2026-06-25 11:11:00,O2025-1,PRIMER
E359,RA2,RA2,70.0,2026-06-25 11:11:00,O2025-1,PRIMER
E359,RA5,RA5,60.333333333333336,2026-06-25 11:11:00,O2025-1,PRIMER
E359,RA6,RA6,73.0,2026-06-25 11:11:00,O2025-1,PRIMER
E359,RA9,RA9,56.0,2026-06-25 11:11:00,O2025-1,PRIMER
E36,RA1,RA1,67.33333333333333,2026-06-25 11:11:00,O2018-2,PRIMER
E36,RA2,RA2,61.333333333333336,2026-06-25 11:11:00,O2018-2,PRIMER
E36,RA5,RA5,66.66666666666667,2026-06-25 11:11:00,O2018-2,PRIMER
E36,RA6,RA6,63.333333333333336,2026-06-25 11:11:00,O2018-2,PRIMER
E36,RA9,RA9,61.0,2026-06-25 11:11:00,O2018-2,PRIMER
E360,RA1,RA1,78.125,2026-06-25 11:11:00,O2025-1,PRIMER
E360,RA12,RA12,68.0,2026-06-25 11:11:00,O2025-1,PRIMER
E360,RA2,RA2,70.5,2026-06-25 11:11:00,O2025-1,PRIMER
E360,RA4,RA4,76.0,2026-06-25 11:11:00,O2025-1,PRIMER
E360,RA5,RA5,78.0,2026-06-25 11:11:00,O2025-1,PRIMER
E360,RA6,RA6,75.0,2026-06-25 11:11:00,O2025-1,PRIMER
E360,RA7,RA7,79.0,2026-06-25 11:11:00,O2025-1,PRIMER
E360,RA9,RA9,74.33333333333333,2026-06-25 11:11:00,O2025-1,PRIMER
E361,RA1,RA1,78.5,2026-06-25 11:11:00,O2025-1,PRIMER
E361,RA2,RA2,74.0,2026-06-25 11:11:00,O2025-1,PRIMER
E361,RA5,RA5,93.0,2026-06-25 11:11:00,O2025-1,PRIMER
E361,RA6,RA6,88.0,2026-06-25 11:11:00,O2025-1,PRIMER
E361,RA9,RA9,79.0,2026-06-25 11:11:00,O2025-1,PRIMER
E362,RA1,RA1,73.0,2026-06-25 11:11:00,O2025-1,PRIMER
E362,RA12,RA12,69.0,2026-06-25 11:11:00,O2025-1,PRIMER
E362,RA2,RA2,72.0,2026-06-25 11:11:00,O2025-1,PRIMER
E362,RA4,RA4,70.0,2026-06-25 11:11:00,O2025-1,PRIMER
E362,RA5,RA5,78.0,2026-06-25 11:11:00,O2025-1,PRIMER
E362,RA6,RA6,72.0,2026-06-25 11:11:00,O2025-1,PRIMER
E362,RA7,RA7,66.0,2026-06-25 11:11:00,O2025-1,PRIMER
E362,RA9,RA9,74.4,2026-06-25 11:11:00,O2025-1,PRIMER
E363,RA1,RA1,64.5,2026-06-25 11:11:00,O2025-1,PRIMER
E363,RA2,RA2,63.0,2026-06-25 11:11:00,O2025-1,PRIMER
E363,RA5,RA5,69.5,2026-06-25 11:11:00,O2025-1,PRIMER
E363,RA6,RA6,71.0,2026-06-25 11:11:00,O2025-1,PRIMER
E363,RA9,RA9,65.33333333333333,2026-06-25 11:11:00,O2025-1,PRIMER
E364,RA1,RA1,69.0,2026-06-25 11:11:00,O2025-1,PRIMER
E364,RA2,RA2,64.0,2026-06-25 11:11:00,O2025-1,PRIMER
E364,RA5,RA5,62.0,2026-06-25 11:11:00,O2025-1,PRIMER
E364,RA6,RA6,65.5,2026-06-25 11:11:00,O2025-1,PRIMER
E364,RA9,RA9,70.0,2026-06-25 11:11:00,O2025-1,PRIMER
E365,RA1,RA1,68.83333333333333,2026-06-25 11:11:00,O2025-1,PRIMER
E365,RA2,RA2,74.0,2026-06-25 11:11:00,O2025-1,PRIMER
E365,RA5,RA5,66.33333333333333,2026-06-25 11:11:00,O2025-1,PRIMER
E365,RA6,RA6,73.0,2026-06-25 11:11:00,O2025-1,PRIMER
E365,RA9,RA9,75.0,2026-06-25 11:11:00,O2025-1,PRIMER
E366,RA1,RA1,72.5,2026-06-25 11:11:00,O2025-1,PRIMER
E366,RA2,RA2,63.75,2026-06-25 11:11:00,O2025-1,PRIMER
E366,RA5,RA5,73.0,2026-06-25 11:11:00,O2025-1,PRIMER
E366,RA6,RA6,68.0,2026-06-25 11:11:00,O2025-1,PRIMER
E366,RA9,RA9,69.5,2026-06-25 11:11:00,O2025-1,PRIMER
E367,RA1,RA1,69.5,2026-06-25 11:11:00,O2025-1,PRIMER
E367,RA2,RA2,72.5,2026-06-25 11:11:00,O2025-1,PRIMER
E367,RA5,RA5,64.0,2026-06-25 11:11:00,O2025-1,PRIMER
E367,RA6,RA6,71.5,2026-06-25 11:11:00,O2025-1,PRIMER
E367,RA9,RA9,69.5,2026-06-25 11:11:00,O2025-1,PRIMER
E368,RA1,RA1,74.5,2026-06-25 11:11:00,O2025-1,PRIMER
E368,RA2,RA2,79.0,2026-06-25 11:11:00,O2025-1,PRIMER
E368,RA5,RA5,77.0,2026-06-25 11:11:00,O2025-1,PRIMER
E368,RA6,RA6,81.0,2026-06-25 11:11:00,O2025-1,PRIMER
E368,RA9,RA9,71.75,2026-06-25 11:11:00,O2025-1,PRIMER
E369,RA1,RA1,82.71428571428571,2026-06-25 11:11:00,O2025-1,PRIMER
E369,RA12,RA12,85.0,2026-06-25 11:11:00,O2025-1,PRIMER
E369,RA2,RA2,79.33333333333333,2026-06-25 11:11:00,O2025-1,PRIMER
E369,RA4,RA4,70.0,2026-06-25 11:11:00,O2025-1,PRIMER
E369,RA5,RA5,73.0,2026-06-25 11:11:00,O2025-1,PRIMER
E369,RA6,RA6,80.5,2026-06-25 11:11:00,O2025-1,PRIMER
E369,RA7,RA7,76.0,2026-06-25 11:11:00,O2025-1,PRIMER
E369,RA9,RA9,80.125,2026-06-25 11:11:00,O2025-1,PRIMER
E37,RA1,RA1,75.15384615384616,2026-06-25 11:11:00,O2018-2,PRIMER
E37,RA10,RA10,72.0,2026-06-25 11:11:00,O2018-2,PRIMER
E37,RA11,RA11,72.0,2026-06-25 11:11:00,O2018-2,PRIMER
E37,RA12,RA12,75.71428571428571,2026-06-25 11:11:00,O2018-2,PRIMER
E37,RA2,RA2,77.0,2026-06-25 11:11:00,O2018-2,PRIMER
E37,RA3,RA3,72.66666666666667,2026-06-25 11:11:00,O2018-2,PRIMER
E37,RA4,RA4,70.0,2026-06-25 11:11:00,O2018-2,PRIMER
E37,RA5,RA5,75.0,2026-06-25 11:11:00,O2018-2,PRIMER
E37,RA6,RA6,73.42857142857143,2026-06-25 11:11:00,O2018-2,PRIMER
E37,RA7,RA7,75.875,2026-06-25 11:11:00,O2018-2,PRIMER
E37,RA9,RA9,73.81818181818181,2026-06-25 11:11:00,O2018-2,PRIMER
E370,RA1,RA1,77.125,2026-06-25 11:11:00,O2025-1,PRIMER
E370,RA12,RA12,74.0,2026-06-25 11:11:00,O2025-1,PRIMER
E370,RA2,RA2,76.0,2026-06-25 11:11:00,O2025-1,PRIMER
E370,RA4,RA4,76.0,2026-06-25 11:11:00,O2025-1,PRIMER
E370,RA5,RA5,79.0,2026-06-25 11:11:00,O2025-1,PRIMER
E370,RA6,RA6,80.5,2026-06-25 11:11:00,O2025-1,PRIMER
E370,RA7,RA7,88.0,2026-06-25 11:11:00,O2025-1,PRIMER
E370,RA9,RA9,80.16666666666667,2026-06-25 11:11:00,O2025-1,PRIMER
E371,RA1,RA1,67.75,2026-06-25 11:11:00,O2025-1,PRIMER
E371,RA2,RA2,64.66666666666667,2026-06-25 11:11:00,O2025-1,PRIMER
E371,RA5,RA5,64.33333333333333,2026-06-25 11:11:00,O2025-1,PRIMER
E371,RA6,RA6,65.0,2026-06-25 11:11:00,O2025-1,PRIMER
E371,RA9,RA9,72.0,2026-06-25 11:11:00,O2025-1,PRIMER
E372,RA1,RA1,60.5,2026-06-25 11:11:00,O2025-1,PRIMER
E372,RA2,RA2,57.333333333333336,2026-06-25 11:11:00,O2025-1,PRIMER
E372,RA5,RA5,71.0,2026-06-25 11:11:00,O2025-1,PRIMER
E372,RA6,RA6,62.666666666666664,2026-06-25 11:11:00,O2025-1,PRIMER
E372,RA9,RA9,60.333333333333336,2026-06-25 11:11:00,O2025-1,PRIMER
E373,RA1,RA1,80.0,2026-06-25 11:11:00,O2025-1,PRIMER
E373,RA12,RA12,83.0,2026-06-25 11:11:00,O2025-1,PRIMER
E373,RA2,RA2,78.33333333333333,2026-06-25 11:11:00,O2025-1,PRIMER
E373,RA4,RA4,79.0,2026-06-25 11:11:00,O2025-1,PRIMER
E373,RA5,RA5,68.5,2026-06-25 11:11:00,O2025-1,PRIMER
E373,RA6,RA6,73.0,2026-06-25 11:11:00,O2025-1,PRIMER
E373,RA7,RA7,88.0,2026-06-25 11:11:00,O2025-1,PRIMER
E373,RA9,RA9,76.28571428571429,2026-06-25 11:11:00,O2025-1,PRIMER
E374,RA1,RA1,83.625,2026-06-25 11:11:00,O2025-1,PRIMER
E374,RA12,RA12,84.0,2026-06-25 11:11:00,O2025-1,PRIMER
E374,RA2,RA2,79.0,2026-06-25 11:11:00,O2025-1,PRIMER
E374,RA4,RA4,85.0,2026-06-25 11:11:00,O2025-1,PRIMER
E374,RA5,RA5,82.0,2026-06-25 11:11:00,O2025-1,PRIMER
E374,RA6,RA6,80.5,2026-06-25 11:11:00,O2025-1,PRIMER
E374,RA7,RA7,77.0,2026-06-25 11:11:00,O2025-1,PRIMER
E374,RA9,RA9,80.0,2026-06-25 11:11:00,O2025-1,PRIMER
E375,RA1,RA1,81.14285714285714,2026-06-25 11:11:00,O2025-1,PRIMER
E375,RA12,RA12,94.0,2026-06-25 11:11:00,O2025-1,PRIMER
E375,RA2,RA2,76.0,2026-06-25 11:11:00,O2025-1,PRIMER
E375,RA4,RA4,76.0,2026-06-25 11:11:00,O2025-1,PRIMER
E375,RA5,RA5,80.0,2026-06-25 11:11:00,O2025-1,PRIMER
E375,RA6,RA6,81.0,2026-06-25 11:11:00,O2025-1,PRIMER
E375,RA7,RA7,81.0,2026-06-25 11:11:00,O2025-1,PRIMER
E375,RA9,RA9,81.14285714285714,2026-06-25 11:11:00,O2025-1,PRIMER
E376,RA1,RA1,72.33333333333333,2026-06-25 11:11:00,O2025-2,PRIMER
E376,RA2,RA2,69.66666666666667,2026-06-25 11:11:00,O2025-2,PRIMER
E376,RA4,RA4,81.0,2026-06-25 11:11:00,O2025-2,PRIMER
E376,RA5,RA5,83.0,2026-06-25 11:11:00,O2025-2,PRIMER
E376,RA6,RA6,80.0,2026-06-25 11:11:00,O2025-2,PRIMER
E376,RA9,RA9,71.66666666666667,2026-06-25 11:11:00,O2025-2,PRIMER
E377,RA1,RA1,80.28571428571429,2026-06-25 11:11:00,O2025-2,PRIMER
E377,RA12,RA12,85.0,2026-06-25 11:11:00,O2025-2,PRIMER
E377,RA2,RA2,87.0,2026-06-25 11:11:00,O2025-2,PRIMER
E377,RA4,RA4,84.0,2026-06-25 11:11:00,O2025-2,PRIMER
E377,RA5,RA5,73.0,2026-06-25 11:11:00,O2025-2,PRIMER
E377,RA6,RA6,72.0,2026-06-25 11:11:00,O2025-2,PRIMER
E377,RA9,RA9,79.2,2026-06-25 11:11:00,O2025-2,PRIMER
E378,RA1,RA1,78.42857142857143,2026-06-25 11:11:00,O2025-2,PRIMER
E378,RA2,RA2,76.0,2026-06-25 11:11:00,O2025-2,PRIMER
E378,RA4,RA4,87.0,2026-06-25 11:11:00,O2025-2,PRIMER
E378,RA5,RA5,78.0,2026-06-25 11:11:00,O2025-2,PRIMER
E378,RA6,RA6,75.0,2026-06-25 11:11:00,O2025-2,PRIMER
E378,RA9,RA9,77.16666666666667,2026-06-25 11:11:00,O2025-2,PRIMER
E379,RA1,RA1,77.85714285714286,2026-06-25 11:11:00,O2025-2,PRIMER
E379,RA12,RA12,87.0,2026-06-25 11:11:00,O2025-2,PRIMER
E379,RA2,RA2,80.5,2026-06-25 11:11:00,O2025-2,PRIMER
E379,RA4,RA4,79.0,2026-06-25 11:11:00,O2025-2,PRIMER
E379,RA5,RA5,89.0,2026-06-25 11:11:00,O2025-2,PRIMER
E379,RA6,RA6,79.0,2026-06-25 11:11:00,O2025-2,PRIMER
E379,RA9,RA9,77.2,2026-06-25 11:11:00,O2025-2,PRIMER
E38,RA1,RA1,80.28571428571429,2026-06-25 11:11:00,O2018-2,PRIMER
E38,RA12,RA12,89.0,2026-06-25 11:11:00,O2018-2,PRIMER
E38,RA2,RA2,82.0,2026-06-25 11:11:00,O2018-2,PRIMER
E38,RA4,RA4,81.0,2026-06-25 11:11:00,O2018-2,PRIMER
E38,RA5,RA5,76.0,2026-06-25 11:11:00,O2018-2,PRIMER
E38,RA6,RA6,77.0,2026-06-25 11:11:00,O2018-2,PRIMER
E38,RA7,RA7,70.0,2026-06-25 11:11:00,O2018-2,PRIMER
E38,RA9,RA9,76.875,2026-06-25 11:11:00,O2018-2,PRIMER
E380,RA1,RA1,70.57142857142857,2026-06-25 11:11:00,O2025-2,PRIMER
E380,RA12,RA12,84.0,2026-06-25 11:11:00,O2025-2,PRIMER
E380,RA2,RA2,78.5,2026-06-25 11:11:00,O2025-2,PRIMER
E380,RA4,RA4,71.0,2026-06-25 11:11:00,O2025-2,PRIMER
E380,RA5,RA5,74.0,2026-06-25 11:11:00,O2025-2,PRIMER
E380,RA6,RA6,76.0,2026-06-25 11:11:00,O2025-2,PRIMER
E380,RA9,RA9,73.8,2026-06-25 11:11:00,O2025-2,PRIMER
E381,RA1,RA1,81.42857142857143,2026-06-25 11:11:00,O2025-2,PRIMER
E381,RA2,RA2,74.33333333333333,2026-06-25 11:11:00,O2025-2,PRIMER
E381,RA4,RA4,92.0,2026-06-25 11:11:00,O2025-2,PRIMER
E381,RA5,RA5,85.0,2026-06-25 11:11:00,O2025-2,PRIMER
E381,RA6,RA6,77.0,2026-06-25 11:11:00,O2025-2,PRIMER
E381,RA9,RA9,81.6,2026-06-25 11:11:00,O2025-2,PRIMER
E382,RA1,RA1,66.25,2026-06-25 11:11:00,O2025-2,PRIMER
E382,RA2,RA2,63.333333333333336,2026-06-25 11:11:00,O2025-2,PRIMER
E382,RA5,RA5,70.0,2026-06-25 11:11:00,O2025-2,PRIMER
E382,RA6,RA6,64.33333333333333,2026-06-25 11:11:00,O2025-2,PRIMER
E382,RA9,RA9,69.0,2026-06-25 11:11:00,O2025-2,PRIMER
E383,RA1,RA1,64.25,2026-06-25 11:11:00,O2025-2,PRIMER
E383,RA2,RA2,66.5,2026-06-25 11:11:00,O2025-2,PRIMER
E383,RA5,RA5,67.0,2026-06-25 11:11:00,O2025-2,PRIMER
E383,RA6,RA6,70.0,2026-06-25 11:11:00,O2025-2,PRIMER
E383,RA9,RA9,76.0,2026-06-25 11:11:00,O2025-2,PRIMER
E384,RA1,RA1,65.75,2026-06-25 11:11:00,O2025-2,PRIMER
E384,RA2,RA2,65.5,2026-06-25 11:11:00,O2025-2,PRIMER
E384,RA5,RA5,64.0,2026-06-25 11:11:00,O2025-2,PRIMER
E384,RA6,RA6,74.0,2026-06-25 11:11:00,O2025-2,PRIMER
E384,RA9,RA9,63.666666666666664,2026-06-25 11:11:00,O2025-2,PRIMER
E385,RA1,RA1,83.71428571428571,2026-06-25 11:11:00,O2025-2,PRIMER
E385,RA12,RA12,82.0,2026-06-25 11:11:00,O2025-2,PRIMER
E385,RA2,RA2,78.0,2026-06-25 11:11:00,O2025-2,PRIMER
E385,RA4,RA4,77.0,2026-06-25 11:11:00,O2025-2,PRIMER
E385,RA5,RA5,80.0,2026-06-25 11:11:00,O2025-2,PRIMER
E385,RA6,RA6,77.0,2026-06-25 11:11:00,O2025-2,PRIMER
E385,RA9,RA9,82.2,2026-06-25 11:11:00,O2025-2,PRIMER
E386,RA1,RA1,74.0,2026-06-25 11:11:00,O2025-2,PRIMER
E386,RA2,RA2,73.0,2026-06-25 11:11:00,O2025-2,PRIMER
E386,RA4,RA4,79.0,2026-06-25 11:11:00,O2025-2,PRIMER
E386,RA5,RA5,78.0,2026-06-25 11:11:00,O2025-2,PRIMER
E386,RA6,RA6,77.0,2026-06-25 11:11:00,O2025-2,PRIMER
E386,RA9,RA9,76.4,2026-06-25 11:11:00,O2025-2,PRIMER
E387,RA1,RA1,62.0,2026-06-25 11:11:00,O2025-2,PRIMER
E387,RA2,RA2,65.0,2026-06-25 11:11:00,O2025-2,PRIMER
E387,RA5,RA5,58.333333333333336,2026-06-25 11:11:00,O2025-2,PRIMER
E387,RA6,RA6,57.5,2026-06-25 11:11:00,O2025-2,PRIMER
E387,RA9,RA9,60.5,2026-06-25 11:11:00,O2025-2,PRIMER
E388,RA1,RA1,71.0,2026-06-25 11:11:00,O2025-2,PRIMER
E388,RA2,RA2,70.66666666666667,2026-06-25 11:11:00,O2025-2,PRIMER
E388,RA5,RA5,62.666666666666664,2026-06-25 11:11:00,O2025-2,PRIMER
E388,RA6,RA6,64.0,2026-06-25 11:11:00,O2025-2,PRIMER
E388,RA9,RA9,67.0,2026-06-25 11:11:00,O2025-2,PRIMER
E389,RA1,RA1,71.66666666666667,2026-06-25 11:11:00,O2025-2,PRIMER
E389,RA2,RA2,79.0,2026-06-25 11:11:00,O2025-2,PRIMER
E389,RA4,RA4,60.0,2026-06-25 11:11:00,O2025-2,PRIMER
E389,RA5,RA5,70.0,2026-06-25 11:11:00,O2025-2,PRIMER
E389,RA6,RA6,72.0,2026-06-25 11:11:00,O2025-2,PRIMER
E389,RA9,RA9,68.71428571428571,2026-06-25 11:11:00,O2025-2,PRIMER
E39,RA1,RA1,60.75,2026-06-25 11:11:00,O2018-2,PRIMER
E39,RA2,RA2,67.0,2026-06-25 11:11:00,O2018-2,PRIMER
E39,RA5,RA5,59.0,2026-06-25 11:11:00,O2018-2,PRIMER
E39,RA6,RA6,61.5,2026-06-25 11:11:00,O2018-2,PRIMER
E39,RA9,RA9,66.5,2026-06-25 11:11:00,O2018-2,PRIMER
E390,RA1,RA1,77.16666666666667,2026-06-25 11:11:00,O2025-2,PRIMER
E390,RA2,RA2,73.33333333333333,2026-06-25 11:11:00,O2025-2,PRIMER
E390,RA4,RA4,71.0,2026-06-25 11:11:00,O2025-2,PRIMER
E390,RA5,RA5,85.0,2026-06-25 11:11:00,O2025-2,PRIMER
E390,RA6,RA6,81.0,2026-06-25 11:11:00,O2025-2,PRIMER
E390,RA9,RA9,73.0,2026-06-25 11:11:00,O2025-2,PRIMER
E391,RA1,RA1,77.57142857142857,2026-06-25 11:11:00,O2025-2,PRIMER
E391,RA12,RA12,67.0,2026-06-25 11:11:00,O2025-2,PRIMER
E391,RA2,RA2,81.5,2026-06-25 11:11:00,O2025-2,PRIMER
E391,RA4,RA4,82.0,2026-06-25 11:11:00,O2025-2,PRIMER
E391,RA5,RA5,86.0,2026-06-25 11:11:00,O2025-2,PRIMER
E391,RA6,RA6,85.0,2026-06-25 11:11:00,O2025-2,PRIMER
E391,RA9,RA9,81.0,2026-06-25 11:11:00,O2025-2,PRIMER
E392,RA1,RA1,64.0,2026-06-25 11:11:00,O2025-2,PRIMER
E392,RA2,RA2,63.0,2026-06-25 11:11:00,O2025-2,PRIMER
E392,RA5,RA5,65.66666666666667,2026-06-25 11:11:00,O2025-2,PRIMER
E392,RA6,RA6,62.5,2026-06-25 11:11:00,O2025-2,PRIMER
E392,RA9,RA9,57.5,2026-06-25 11:11:00,O2025-2,PRIMER
E393,RA1,RA1,63.0,2026-06-25 11:11:00,O2025-2,PRIMER
E393,RA2,RA2,62.0,2026-06-25 11:11:00,O2025-2,PRIMER
E393,RA5,RA5,74.0,2026-06-25 11:11:00,O2025-2,PRIMER
E393,RA6,RA6,64.33333333333333,2026-06-25 11:11:00,O2025-2,PRIMER
E393,RA9,RA9,59.5,2026-06-25 11:11:00,O2025-2,PRIMER
E394,RA1,RA1,72.0,2026-06-25 11:11:00,O2025-2,PRIMER
E394,RA2,RA2,74.5,2026-06-25 11:11:00,O2025-2,PRIMER
E394,RA4,RA4,73.0,2026-06-25 11:11:00,O2025-2,PRIMER
E394,RA5,RA5,79.0,2026-06-25 11:11:00,O2025-2,PRIMER
E394,RA6,RA6,76.0,2026-06-25 11:11:00,O2025-2,PRIMER
E394,RA9,RA9,72.16666666666667,2026-06-25 11:11:00,O2025-2,PRIMER
E395,RA1,RA1,66.0,2026-06-25 11:11:00,O2025-2,PRIMER
E395,RA2,RA2,62.5,2026-06-25 11:11:00,O2025-2,PRIMER
E395,RA5,RA5,75.0,2026-06-25 11:11:00,O2025-2,PRIMER
E395,RA6,RA6,67.0,2026-06-25 11:11:00,O2025-2,PRIMER
E395,RA9,RA9,73.5,2026-06-25 11:11:00,O2025-2,PRIMER
E396,RA1,RA1,83.28571428571429,2026-06-25 11:11:00,O2025-2,PRIMER
E396,RA2,RA2,91.5,2026-06-25 11:11:00,O2025-2,PRIMER
E396,RA4,RA4,91.0,2026-06-25 11:11:00,O2025-2,PRIMER
E396,RA5,RA5,83.0,2026-06-25 11:11:00,O2025-2,PRIMER
E396,RA6,RA6,81.0,2026-06-25 11:11:00,O2025-2,PRIMER
E396,RA9,RA9,81.5,2026-06-25 11:11:00,O2025-2,PRIMER
E397,RA1,RA1,84.57142857142857,2026-06-25 11:11:00,O2025-2,PRIMER
E397,RA12,RA12,73.0,2026-06-25 11:11:00,O2025-2,PRIMER
E397,RA2,RA2,81.5,2026-06-25 11:11:00,O2025-2,PRIMER
E397,RA4,RA4,86.0,2026-06-25 11:11:00,O2025-2,PRIMER
E397,RA5,RA5,81.0,2026-06-25 11:11:00,O2025-2,PRIMER
E397,RA6,RA6,73.0,2026-06-25 11:11:00,O2025-2,PRIMER
E397,RA9,RA9,80.2,2026-06-25 11:11:00,O2025-2,PRIMER
E398,RA1,RA1,77.5,2026-06-25 11:11:00,O2025-2,PRIMER
E398,RA2,RA2,94.0,2026-06-25 11:11:00,O2025-2,PRIMER
E398,RA5,RA5,81.0,2026-06-25 11:11:00,O2025-2,PRIMER
E398,RA6,RA6,85.0,2026-06-25 11:11:00,O2025-2,PRIMER
E398,RA9,RA9,77.0,2026-06-25 11:11:00,O2025-2,PRIMER
E399,RA1,RA1,84.28571428571429,2026-06-25 11:11:00,O2025-2,PRIMER
E399,RA12,RA12,81.0,2026-06-25 11:11:00,O2025-2,PRIMER
E399,RA2,RA2,84.0,2026-06-25 11:11:00,O2025-2,PRIMER
E399,RA4,RA4,75.0,2026-06-25 11:11:00,O2025-2,PRIMER
E399,RA5,RA5,79.0,2026-06-25 11:11:00,O2025-2,PRIMER
E399,RA6,RA6,81.0,2026-06-25 11:11:00,O2025-2,PRIMER
E399,RA9,RA9,82.6,2026-06-25 11:11:00,O2025-2,PRIMER
E4,RA1,RA1,61.5,2026-06-25 11:11:00,O2018-1,PRIMER
E4,RA2,RA2,63.5,2026-06-25 11:11:00,O2018-1,PRIMER
E4,RA5,RA5,61.0,2026-06-25 11:11:00,O2018-1,PRIMER
E4,RA6,RA6,68.0,2026-06-25 11:11:00,O2018-1,PRIMER
E4,RA9,RA9,61.5,2026-06-25 11:11:00,O2018-1,PRIMER
E40,RA1,RA1,63.0,2026-06-25 11:11:00,O2018-2,PRIMER
E40,RA2,RA2,68.5,2026-06-25 11:11:00,O2018-2,PRIMER
E40,RA5,RA5,61.333333333333336,2026-06-25 11:11:00,O2018-2,PRIMER
E40,RA6,RA6,66.0,2026-06-25 11:11:00,O2018-2,PRIMER
E40,RA9,RA9,64.0,2026-06-25 11:11:00,O2018-2,PRIMER
E400,RA1,RA1,67.4,2026-06-25 11:11:00,O2025-2,PRIMER
E400,RA2,RA2,64.33333333333333,2026-06-25 11:11:00,O2025-2,PRIMER
E400,RA5,RA5,70.0,2026-06-25 11:11:00,O2025-2,PRIMER
E400,RA6,RA6,71.0,2026-06-25 11:11:00,O2025-2,PRIMER
E400,RA9,RA9,62.666666666666664,2026-06-25 11:11:00,O2025-2,PRIMER
E41,RA1,RA1,71.22222222222223,2026-06-25 11:11:00,O2018-2,PRIMER
E41,RA12,RA12,67.0,2026-06-25 11:11:00,O2018-2,PRIMER
E41,RA2,RA2,72.33333333333333,2026-06-25 11:11:00,O2018-2,PRIMER
E41,RA4,RA4,77.0,2026-06-25 11:11:00,O2018-2,PRIMER
E41,RA5,RA5,71.0,2026-06-25 11:11:00,O2018-2,PRIMER
E41,RA6,RA6,69.5,2026-06-25 11:11:00,O2018-2,PRIMER
E41,RA9,RA9,70.0,2026-06-25 11:11:00,O2018-2,PRIMER
E42,RA1,RA1,72.0,2026-06-25 11:11:00,O2018-2,PRIMER
E42,RA12,RA12,80.0,2026-06-25 11:11:00,O2018-2,PRIMER
E42,RA2,RA2,73.5,2026-06-25 11:11:00,O2018-2,PRIMER
E42,RA4,RA4,79.0,2026-06-25 11:11:00,O2018-2,PRIMER
E42,RA5,RA5,71.0,2026-06-25 11:11:00,O2018-2,PRIMER
E42,RA6,RA6,69.5,2026-06-25 11:11:00,O2018-2,PRIMER
E42,RA9,RA9,68.0,2026-06-25 11:11:00,O2018-2,PRIMER
E43,RA1,RA1,63.75,2026-06-25 11:11:00,O2018-2,PRIMER
E43,RA2,RA2,64.5,2026-06-25 11:11:00,O2018-2,PRIMER
E43,RA5,RA5,57.666666666666664,2026-06-25 11:11:00,O2018-2,PRIMER
E43,RA6,RA6,66.0,2026-06-25 11:11:00,O2018-2,PRIMER
E43,RA9,RA9,60.5,2026-06-25 11:11:00,O2018-2,PRIMER
E44,RA1,RA1,68.25,2026-06-25 11:11:00,O2018-2,PRIMER
E44,RA2,RA2,62.0,2026-06-25 11:11:00,O2018-2,PRIMER
E44,RA5,RA5,70.0,2026-06-25 11:11:00,O2018-2,PRIMER
E44,RA6,RA6,71.0,2026-06-25 11:11:00,O2018-2,PRIMER
E44,RA9,RA9,63.0,2026-06-25 11:11:00,O2018-2,PRIMER
E45,RA1,RA1,72.5,2026-06-25 11:11:00,O2018-2,PRIMER
E45,RA12,RA12,72.0,2026-06-25 11:11:00,O2018-2,PRIMER
E45,RA2,RA2,76.5,2026-06-25 11:11:00,O2018-2,PRIMER
E45,RA4,RA4,74.0,2026-06-25 11:11:00,O2018-2,PRIMER
E45,RA5,RA5,78.0,2026-06-25 11:11:00,O2018-2,PRIMER
E45,RA6,RA6,72.0,2026-06-25 11:11:00,O2018-2,PRIMER
E45,RA9,RA9,74.4,2026-06-25 11:11:00,O2018-2,PRIMER
E46,RA1,RA1,72.33333333333333,2026-06-25 11:11:00,O2018-2,PRIMER
E46,RA2,RA2,63.333333333333336,2026-06-25 11:11:00,O2018-2,PRIMER
E46,RA5,RA5,68.33333333333333,2026-06-25 11:11:00,O2018-2,PRIMER
E46,RA6,RA6,68.0,2026-06-25 11:11:00,O2018-2,PRIMER
E46,RA9,RA9,73.0,2026-06-25 11:11:00,O2018-2,PRIMER
E47,RA1,RA1,78.6,2026-06-25 11:11:00,O2018-2,PRIMER
E47,RA2,RA2,83.5,2026-06-25 11:11:00,O2018-2,PRIMER
E47,RA5,RA5,77.0,2026-06-25 11:11:00,O2018-2,PRIMER
E47,RA6,RA6,68.5,2026-06-25 11:11:00,O2018-2,PRIMER
E47,RA9,RA9,75.5,2026-06-25 11:11:00,O2018-2,PRIMER
E48,RA1,RA1,62.0,2026-06-25 11:11:00,O2018-2,PRIMER
E48,RA2,RA2,64.66666666666667,2026-06-25 11:11:00,O2018-2,PRIMER
E48,RA5,RA5,58.333333333333336,2026-06-25 11:11:00,O2018-2,PRIMER
E48,RA6,RA6,71.0,2026-06-25 11:11:00,O2018-2,PRIMER
E48,RA9,RA9,54.5,2026-06-25 11:11:00,O2018-2,PRIMER
E49,RA1,RA1,75.42857142857143,2026-06-25 11:11:00,O2018-2,PRIMER
E49,RA10,RA10,79.0,2026-06-25 11:11:00,O2018-2,PRIMER
E49,RA11,RA11,73.0,2026-06-25 11:11:00,O2018-2,PRIMER
E49,RA12,RA12,75.0,2026-06-25 11:11:00,O2018-2,PRIMER
E49,RA2,RA2,73.5,2026-06-25 11:11:00,O2018-2,PRIMER
E49,RA3,RA3,72.33333333333333,2026-06-25 11:11:00,O2018-2,PRIMER
E49,RA4,RA4,77.0,2026-06-25 11:11:00,O2018-2,PRIMER
E49,RA5,RA5,76.0,2026-06-25 11:11:00,O2018-2,PRIMER
E49,RA6,RA6,71.2,2026-06-25 11:11:00,O2018-2,PRIMER
E49,RA7,RA7,73.77777777777777,2026-06-25 11:11:00,O2018-2,PRIMER
E49,RA9,RA9,73.875,2026-06-25 11:11:00,O2018-2,PRIMER
E5,RA1,RA1,59.75,2026-06-25 11:11:00,O2018-1,PRIMER
E5,RA2,RA2,66.33333333333333,2026-06-25 11:11:00,O2018-1,PRIMER
E5,RA5,RA5,61.666666666666664,2026-06-25 11:11:00,O2018-1,PRIMER
E5,RA6,RA6,65.0,2026-06-25 11:11:00,O2018-1,PRIMER
E5,RA9,RA9,71.0,2026-06-25 11:11:00,O2018-1,PRIMER
E50,RA1,RA1,73.29411764705883,2026-06-25 11:11:00,O2018-2,PRIMER
E50,RA10,RA10,73.5,2026-06-25 11:11:00,O2018-2,PRIMER
E50,RA11,RA11,77.0,2026-06-25 11:11:00,O2018-2,PRIMER
E50,RA12,RA12,74.83333333333333,2026-06-25 11:11:00,O2018-2,PRIMER
E50,RA2,RA2,71.66666666666667,2026-06-25 11:11:00,O2018-2,PRIMER
E50,RA3,RA3,75.0,2026-06-25 11:11:00,O2018-2,PRIMER
E50,RA4,RA4,69.5,2026-06-25 11:11:00,O2018-2,PRIMER
E50,RA5,RA5,85.0,2026-06-25 11:11:00,O2018-2,PRIMER
E50,RA6,RA6,72.75,2026-06-25 11:11:00,O2018-2,PRIMER
E50,RA7,RA7,71.88888888888889,2026-06-25 11:11:00,O2018-2,PRIMER
E50,RA9,RA9,74.70588235294117,2026-06-25 11:11:00,O2018-2,PRIMER
E51,RA1,RA1,78.63636363636364,2026-06-25 11:11:00,O2019-1,PRIMER
E51,RA10,RA10,79.33333333333333,2026-06-25 11:11:00,O2019-1,PRIMER
E51,RA11,RA11,83.0,2026-06-25 11:11:00,O2019-1,PRIMER
E51,RA12,RA12,82.83333333333333,2026-06-25 11:11:00,O2019-1,PRIMER
E51,RA2,RA2,84.0,2026-06-25 11:11:00,O2019-1,PRIMER
E51,RA3,RA3,74.5,2026-06-25 11:11:00,O2019-1,PRIMER
E51,RA4,RA4,83.0,2026-06-25 11:11:00,O2019-1,PRIMER
E51,RA5,RA5,77.0,2026-06-25 11:11:00,O2019-1,PRIMER
E51,RA6,RA6,81.25,2026-06-25 11:11:00,O2019-1,PRIMER
E51,RA7,RA7,81.57142857142857,2026-06-25 11:11:00,O2019-1,PRIMER
E51,RA9,RA9,84.33333333333333,2026-06-25 11:11:00,O2019-1,PRIMER
E52,RA1,RA1,78.84615384615384,2026-06-25 11:11:00,O2019-1,PRIMER
E52,RA10,RA10,80.66666666666667,2026-06-25 11:11:00,O2019-1,PRIMER
E52,RA11,RA11,86.0,2026-06-25 11:11:00,O2019-1,PRIMER
E52,RA12,RA12,78.42857142857143,2026-06-25 11:11:00,O2019-1,PRIMER
E52,RA2,RA2,82.75,2026-06-25 11:11:00,O2019-1,PRIMER
E52,RA3,RA3,74.0,2026-06-25 11:11:00,O2019-1,PRIMER
E52,RA4,RA4,87.0,2026-06-25 11:11:00,O2019-1,PRIMER
E52,RA5,RA5,85.0,2026-06-25 11:11:00,O2019-1,PRIMER
E52,RA6,RA6,78.6,2026-06-25 11:11:00,O2019-1,PRIMER
E52,RA7,RA7,77.57142857142857,2026-06-25 11:11:00,O2019-1,PRIMER
E52,RA9,RA9,80.13333333333334,2026-06-25 11:11:00,O2019-1,PRIMER
E53,RA1,RA1,73.0,2026-06-25 11:11:00,O2019-1,PRIMER
E53,RA2,RA2,67.5,2026-06-25 11:11:00,O2019-1,PRIMER
E53,RA5,RA5,61.0,2026-06-25 11:11:00,O2019-1,PRIMER
E53,RA6,RA6,69.0,2026-06-25 11:11:00,O2019-1,PRIMER
E53,RA9,RA9,57.5,2026-06-25 11:11:00,O2019-1,PRIMER
E54,RA1,RA1,58.75,2026-06-25 11:11:00,O2019-1,PRIMER
E54,RA2,RA2,60.333333333333336,2026-06-25 11:11:00,O2019-1,PRIMER
E54,RA5,RA5,59.0,2026-06-25 11:11:00,O2019-1,PRIMER
E54,RA6,RA6,76.0,2026-06-25 11:11:00,O2019-1,PRIMER
E54,RA9,RA9,62.0,2026-06-25 11:11:00,O2019-1,PRIMER
E55,RA1,RA1,66.8,2026-06-25 11:11:00,O2019-1,PRIMER
E55,RA2,RA2,70.0,2026-06-25 11:11:00,O2019-1,PRIMER
E55,RA5,RA5,81.0,2026-06-25 11:11:00,O2019-1,PRIMER
E55,RA6,RA6,65.5,2026-06-25 11:11:00,O2019-1,PRIMER
E55,RA9,RA9,75.0,2026-06-25 11:11:00,O2019-1,PRIMER
E56,RA1,RA1,75.6923076923077,2026-06-25 11:11:00,O2019-1,PRIMER
E56,RA10,RA10,77.0,2026-06-25 11:11:00,O2019-1,PRIMER
E56,RA11,RA11,77.0,2026-06-25 11:11:00,O2019-1,PRIMER
E56,RA12,RA12,82.5,2026-06-25 11:11:00,O2019-1,PRIMER
E56,RA2,RA2,77.16666666666667,2026-06-25 11:11:00,O2019-1,PRIMER
E56,RA3,RA3,75.5,2026-06-25 11:11:00,O2019-1,PRIMER
E56,RA4,RA4,72.0,2026-06-25 11:11:00,O2019-1,PRIMER
E56,RA5,RA5,77.0,2026-06-25 11:11:00,O2019-1,PRIMER
E56,RA6,RA6,80.75,2026-06-25 11:11:00,O2019-1,PRIMER
E56,RA7,RA7,75.85714285714286,2026-06-25 11:11:00,O2019-1,PRIMER
E56,RA9,RA9,78.5,2026-06-25 11:11:00,O2019-1,PRIMER
E57,RA1,RA1,73.45454545454545,2026-06-25 11:11:00,O2019-1,PRIMER
E57,RA12,RA12,75.0,2026-06-25 11:11:00,O2019-1,PRIMER
E57,RA2,RA2,69.25,2026-06-25 11:11:00,O2019-1,PRIMER
E57,RA4,RA4,76.0,2026-06-25 11:11:00,O2019-1,PRIMER
E57,RA5,RA5,75.0,2026-06-25 11:11:00,O2019-1,PRIMER
E57,RA6,RA6,73.0,2026-06-25 11:11:00,O2019-1,PRIMER
E57,RA9,RA9,77.8,2026-06-25 11:11:00,O2019-1,PRIMER
E58,RA1,RA1,68.55555555555556,2026-06-25 11:11:00,O2019-1,PRIMER
E58,RA2,RA2,66.25,2026-06-25 11:11:00,O2019-1,PRIMER
E58,RA4,RA4,69.0,2026-06-25 11:11:00,O2019-1,PRIMER
E58,RA5,RA5,70.0,2026-06-25 11:11:00,O2019-1,PRIMER
E58,RA6,RA6,79.0,2026-06-25 11:11:00,O2019-1,PRIMER
E58,RA9,RA9,68.4,2026-06-25 11:11:00,O2019-1,PRIMER
E59,RA1,RA1,75.33333333333333,2026-06-25 11:11:00,O2019-1,PRIMER
E59,RA10,RA10,69.6,2026-06-25 11:11:00,O2019-1,PRIMER
E59,RA11,RA11,76.0,2026-06-25 11:11:00,O2019-1,PRIMER
E59,RA12,RA12,71.7,2026-06-25 11:11:00,O2019-1,PRIMER
E59,RA2,RA2,72.5,2026-06-25 11:11:00,O2019-1,PRIMER
E59,RA3,RA3,76.0,2026-06-25 11:11:00,O2019-1,PRIMER
E59,RA4,RA4,70.0,2026-06-25 11:11:00,O2019-1,PRIMER
E59,RA5,RA5,73.5,2026-06-25 11:11:00,O2019-1,PRIMER
E59,RA6,RA6,75.0,2026-06-25 11:11:00,O2019-1,PRIMER
E59,RA7,RA7,71.75,2026-06-25 11:11:00,O2019-1,PRIMER
E59,RA9,RA9,74.89473684210526,2026-06-25 11:11:00,O2019-1,PRIMER
E6,RA1,RA1,74.8125,2026-06-25 11:11:00,O2018-1,PRIMER
E6,RA10,RA10,75.25,2026-06-25 11:11:00,O2018-1,PRIMER
E6,RA11,RA11,87.0,2026-06-25 11:11:00,O2018-1,PRIMER
E6,RA12,RA12,76.5,2026-06-25 11:11:00,O2018-1,PRIMER
E6,RA2,RA2,72.66666666666667,2026-06-25 11:11:00,O2018-1,PRIMER
E6,RA3,RA3,76.5,2026-06-25 11:11:00,O2018-1,PRIMER
E6,RA4,RA4,69.0,2026-06-25 11:11:00,O2018-1,PRIMER
E6,RA5,RA5,82.0,2026-06-25 11:11:00,O2018-1,PRIMER
E6,RA6,RA6,77.5,2026-06-25 11:11:00,O2018-1,PRIMER
E6,RA7,RA7,77.57142857142857,2026-06-25 11:11:00,O2018-1,PRIMER
E6,RA9,RA9,73.95,2026-06-25 11:11:00,O2018-1,PRIMER
E60,RA1,RA1,70.41666666666667,2026-06-25 11:11:00,O2019-1,PRIMER
E60,RA12,RA12,74.0,2026-06-25 11:11:00,O2019-1,PRIMER
E60,RA2,RA2,69.4,2026-06-25 11:11:00,O2019-1,PRIMER
E60,RA4,RA4,71.0,2026-06-25 11:11:00,O2019-1,PRIMER
E60,RA5,RA5,73.0,2026-06-25 11:11:00,O2019-1,PRIMER
E60,RA6,RA6,67.5,2026-06-25 11:11:00,O2019-1,PRIMER
E60,RA7,RA7,73.0,2026-06-25 11:11:00,O2019-1,PRIMER
E60,RA9,RA9,70.0,2026-06-25 11:11:00,O2019-1,PRIMER
E61,RA1,RA1,78.08333333333333,2026-06-25 11:11:00,O2019-1,PRIMER
E61,RA10,RA10,76.0,2026-06-25 11:11:00,O2019-1,PRIMER
E61,RA11,RA11,72.0,2026-06-25 11:11:00,O2019-1,PRIMER
E61,RA12,RA12,78.57142857142857,2026-06-25 11:11:00,O2019-1,PRIMER
E61,RA2,RA2,75.5,2026-06-25 11:11:00,O2019-1,PRIMER
E61,RA3,RA3,79.0,2026-06-25 11:11:00,O2019-1,PRIMER
E61,RA4,RA4,79.0,2026-06-25 11:11:00,O2019-1,PRIMER
E61,RA5,RA5,82.0,2026-06-25 11:11:00,O2019-1,PRIMER
E61,RA6,RA6,76.75,2026-06-25 11:11:00,O2019-1,PRIMER
E61,RA7,RA7,82.0,2026-06-25 11:11:00,O2019-1,PRIMER
E61,RA9,RA9,79.75,2026-06-25 11:11:00,O2019-1,PRIMER
E62,RA1,RA1,65.0,2026-06-25 11:11:00,O2019-1,PRIMER
E62,RA2,RA2,68.0,2026-06-25 11:11:00,O2019-1,PRIMER
E62,RA5,RA5,64.66666666666667,2026-06-25 11:11:00,O2019-1,PRIMER
E62,RA6,RA6,56.0,2026-06-25 11:11:00,O2019-1,PRIMER
E62,RA9,RA9,61.0,2026-06-25 11:11:00,O2019-1,PRIMER
E63,RA1,RA1,68.5,2026-06-25 11:11:00,O2019-1,PRIMER
E63,RA2,RA2,58.5,2026-06-25 11:11:00,O2019-1,PRIMER
E63,RA5,RA5,75.0,2026-06-25 11:11:00,O2019-1,PRIMER
E63,RA6,RA6,65.5,2026-06-25 11:11:00,O2019-1,PRIMER
E63,RA9,RA9,64.0,2026-06-25 11:11:00,O2019-1,PRIMER
E64,RA1,RA1,80.25,2026-06-25 11:11:00,O2019-1,PRIMER
E64,RA10,RA10,84.33333333333333,2026-06-25 11:11:00,O2019-1,PRIMER
E64,RA11,RA11,89.0,2026-06-25 11:11:00,O2019-1,PRIMER
E64,RA12,RA12,78.66666666666667,2026-06-25 11:11:00,O2019-1,PRIMER
E64,RA2,RA2,80.25,2026-06-25 11:11:00,O2019-1,PRIMER
E64,RA3,RA3,79.0,2026-06-25 11:11:00,O2019-1,PRIMER
E64,RA4,RA4,84.0,2026-06-25 11:11:00,O2019-1,PRIMER
E64,RA5,RA5,86.0,2026-06-25 11:11:00,O2019-1,PRIMER
E64,RA6,RA6,82.25,2026-06-25 11:11:00,O2019-1,PRIMER
E64,RA7,RA7,80.57142857142857,2026-06-25 11:11:00,O2019-1,PRIMER
E64,RA9,RA9,81.8,2026-06-25 11:11:00,O2019-1,PRIMER
E65,RA1,RA1,82.81818181818181,2026-06-25 11:11:00,O2019-1,PRIMER
E65,RA10,RA10,77.66666666666667,2026-06-25 11:11:00,O2019-1,PRIMER
E65,RA11,RA11,87.0,2026-06-25 11:11:00,O2019-1,PRIMER
E65,RA12,RA12,81.16666666666667,2026-06-25 11:11:00,O2019-1,PRIMER
E65,RA2,RA2,81.75,2026-06-25 11:11:00,O2019-1,PRIMER
E65,RA3,RA3,88.0,2026-06-25 11:11:00,O2019-1,PRIMER
E65,RA4,RA4,85.0,2026-06-25 11:11:00,O2019-1,PRIMER
E65,RA5,RA5,75.0,2026-06-25 11:11:00,O2019-1,PRIMER
E65,RA6,RA6,79.5,2026-06-25 11:11:00,O2019-1,PRIMER
E65,RA7,RA7,81.57142857142857,2026-06-25 11:11:00,O2019-1,PRIMER
E65,RA9,RA9,78.53333333333333,2026-06-25 11:11:00,O2019-1,PRIMER
E66,RA1,RA1,60.25,2026-06-25 11:11:00,O2019-1,PRIMER
E66,RA2,RA2,66.5,2026-06-25 11:11:00,O2019-1,PRIMER
E66,RA5,RA5,59.333333333333336,2026-06-25 11:11:00,O2019-1,PRIMER
E66,RA6,RA6,63.0,2026-06-25 11:11:00,O2019-1,PRIMER
E66,RA9,RA9,64.0,2026-06-25 11:11:00,O2019-1,PRIMER
E67,RA1,RA1,78.81818181818181,2026-06-25 11:11:00,O2019-1,PRIMER
E67,RA10,RA10,77.0,2026-06-25 11:11:00,O2019-1,PRIMER
E67,RA11,RA11,93.0,2026-06-25 11:11:00,O2019-1,PRIMER
E67,RA12,RA12,78.33333333333333,2026-06-25 11:11:00,O2019-1,PRIMER
E67,RA2,RA2,77.5,2026-06-25 11:11:00,O2019-1,PRIMER
E67,RA3,RA3,80.0,2026-06-25 11:11:00,O2019-1,PRIMER
E67,RA4,RA4,71.0,2026-06-25 11:11:00,O2019-1,PRIMER
E67,RA5,RA5,85.0,2026-06-25 11:11:00,O2019-1,PRIMER
E67,RA6,RA6,75.25,2026-06-25 11:11:00,O2019-1,PRIMER
E67,RA7,RA7,80.42857142857143,2026-06-25 11:11:00,O2019-1,PRIMER
E67,RA9,RA9,80.06666666666666,2026-06-25 11:11:00,O2019-1,PRIMER
E68,RA1,RA1,67.0,2026-06-25 11:11:00,O2019-1,PRIMER
E68,RA2,RA2,59.0,2026-06-25 11:11:00,O2019-1,PRIMER
E68,RA5,RA5,68.5,2026-06-25 11:11:00,O2019-1,PRIMER
E68,RA6,RA6,62.666666666666664,2026-06-25 11:11:00,O2019-1,PRIMER
E68,RA9,RA9,62.5,2026-06-25 11:11:00,O2019-1,PRIMER
E69,RA1,RA1,81.0909090909091,2026-06-25 11:11:00,O2019-1,PRIMER
E69,RA10,RA10,76.33333333333333,2026-06-25 11:11:00,O2019-1,PRIMER
E69,RA11,RA11,82.0,2026-06-25 11:11:00,O2019-1,PRIMER
E69,RA12,RA12,76.14285714285714,2026-06-25 11:11:00,O2019-1,PRIMER
E69,RA2,RA2,76.5,2026-06-25 11:11:00,O2019-1,PRIMER
E69,RA3,RA3,76.5,2026-06-25 11:11:00,O2019-1,PRIMER
E69,RA4,RA4,76.0,2026-06-25 11:11:00,O2019-1,PRIMER
E69,RA5,RA5,72.0,2026-06-25 11:11:00,O2019-1,PRIMER
E69,RA6,RA6,78.0,2026-06-25 11:11:00,O2019-1,PRIMER
E69,RA7,RA7,79.375,2026-06-25 11:11:00,O2019-1,PRIMER
E69,RA9,RA9,80.2,2026-06-25 11:11:00,O2019-1,PRIMER
E7,RA1,RA1,77.18181818181819,2026-06-25 11:11:00,O2018-1,PRIMER
E7,RA10,RA10,67.5,2026-06-25 11:11:00,O2018-1,PRIMER
E7,RA12,RA12,71.11111111111111,2026-06-25 11:11:00,O2018-1,PRIMER
E7,RA2,RA2,73.5,2026-06-25 11:11:00,O2018-1,PRIMER
E7,RA3,RA3,73.5,2026-06-25 11:11:00,O2018-1,PRIMER
E7,RA4,RA4,77.0,2026-06-25 11:11:00,O2018-1,PRIMER
E7,RA5,RA5,75.0,2026-06-25 11:11:00,O2018-1,PRIMER
E7,RA6,RA6,73.5,2026-06-25 11:11:00,O2018-1,PRIMER
E7,RA7,RA7,73.88888888888889,2026-06-25 11:11:00,O2018-1,PRIMER
E7,RA9,RA9,76.5625,2026-06-25 11:11:00,O2018-1,PRIMER
E70,RA1,RA1,63.0,2026-06-25 11:11:00,O2019-1,PRIMER
E70,RA2,RA2,65.0,2026-06-25 11:11:00,O2019-1,PRIMER
E70,RA5,RA5,63.333333333333336,2026-06-25 11:11:00,O2019-1,PRIMER
E70,RA6,RA6,60.0,2026-06-25 11:11:00,O2019-1,PRIMER
E70,RA9,RA9,66.0,2026-06-25 11:11:00,O2019-1,PRIMER
E71,RA1,RA1,77.57142857142857,2026-06-25 11:11:00,O2019-1,PRIMER
E71,RA10,RA10,72.2,2026-06-25 11:11:00,O2019-1,PRIMER
E71,RA11,RA11,73.0,2026-06-25 11:11:00,O2019-1,PRIMER
E71,RA12,RA12,72.44444444444444,2026-06-25 11:11:00,O2019-1,PRIMER
E71,RA2,RA2,74.16666666666667,2026-06-25 11:11:00,O2019-1,PRIMER
E71,RA3,RA3,76.0,2026-06-25 11:11:00,O2019-1,PRIMER
E71,RA4,RA4,74.0,2026-06-25 11:11:00,O2019-1,PRIMER
E71,RA5,RA5,70.0,2026-06-25 11:11:00,O2019-1,PRIMER
E71,RA6,RA6,77.6,2026-06-25 11:11:00,O2019-1,PRIMER
E71,RA7,RA7,73.88888888888889,2026-06-25 11:11:00,O2019-1,PRIMER
E71,RA9,RA9,75.0,2026-06-25 11:11:00,O2019-1,PRIMER
E72,RA1,RA1,67.6,2026-06-25 11:11:00,O2019-1,PRIMER
E72,RA2,RA2,71.5,2026-06-25 11:11:00,O2019-1,PRIMER
E72,RA5,RA5,70.5,2026-06-25 11:11:00,O2019-1,PRIMER
E72,RA6,RA6,72.0,2026-06-25 11:11:00,O2019-1,PRIMER
E72,RA9,RA9,61.333333333333336,2026-06-25 11:11:00,O2019-1,PRIMER
E73,RA1,RA1,75.91666666666667,2026-06-25 11:11:00,O2019-1,PRIMER
E73,RA10,RA10,79.5,2026-06-25 11:11:00,O2019-1,PRIMER
E73,RA11,RA11,86.0,2026-06-25 11:11:00,O2019-1,PRIMER
E73,RA12,RA12,76.0,2026-06-25 11:11:00,O2019-1,PRIMER
E73,RA2,RA2,75.6,2026-06-25 11:11:00,O2019-1,PRIMER
E73,RA3,RA3,77.5,2026-06-25 11:11:00,O2019-1,PRIMER
E73,RA4,RA4,84.0,2026-06-25 11:11:00,O2019-1,PRIMER
E73,RA5,RA5,75.0,2026-06-25 11:11:00,O2019-1,PRIMER
E73,RA6,RA6,76.6,2026-06-25 11:11:00,O2019-1,PRIMER
E73,RA7,RA7,73.55555555555556,2026-06-25 11:11:00,O2019-1,PRIMER
E73,RA9,RA9,76.05882352941177,2026-06-25 11:11:00,O2019-1,PRIMER
E74,RA1,RA1,72.85714285714286,2026-06-25 11:11:00,O2019-1,PRIMER
E74,RA10,RA10,77.0,2026-06-25 11:11:00,O2019-1,PRIMER
E74,RA12,RA12,69.25,2026-06-25 11:11:00,O2019-1,PRIMER
E74,RA2,RA2,72.25,2026-06-25 11:11:00,O2019-1,PRIMER
E74,RA3,RA3,75.0,2026-06-25 11:11:00,O2019-1,PRIMER
E74,RA4,RA4,80.0,2026-06-25 11:11:00,O2019-1,PRIMER
E74,RA5,RA5,79.0,2026-06-25 11:11:00,O2019-1,PRIMER
E74,RA6,RA6,67.85714285714286,2026-06-25 11:11:00,O2019-1,PRIMER
E74,RA7,RA7,73.75,2026-06-25 11:11:00,O2019-1,PRIMER
E74,RA9,RA9,72.86666666666666,2026-06-25 11:11:00,O2019-1,PRIMER
E75,RA1,RA1,69.9,2026-06-25 11:11:00,O2019-1,PRIMER
E75,RA2,RA2,70.0,2026-06-25 11:11:00,O2019-1,PRIMER
E75,RA4,RA4,76.0,2026-06-25 11:11:00,O2019-1,PRIMER
E75,RA5,RA5,69.33333333333333,2026-06-25 11:11:00,O2019-1,PRIMER
E75,RA6,RA6,72.0,2026-06-25 11:11:00,O2019-1,PRIMER
E75,RA9,RA9,65.22222222222223,2026-06-25 11:11:00,O2019-1,PRIMER
E76,RA1,RA1,59.75,2026-06-25 11:11:00,O2019-2,PRIMER
E76,RA2,RA2,60.5,2026-06-25 11:11:00,O2019-2,PRIMER
E76,RA5,RA5,66.0,2026-06-25 11:11:00,O2019-2,PRIMER
E76,RA6,RA6,60.0,2026-06-25 11:11:00,O2019-2,PRIMER
E76,RA9,RA9,62.5,2026-06-25 11:11:00,O2019-2,PRIMER
E77,RA1,RA1,74.23076923076923,2026-06-25 11:11:00,O2019-2,PRIMER
E77,RA10,RA10,74.66666666666667,2026-06-25 11:11:00,O2019-2,PRIMER
E77,RA11,RA11,77.0,2026-06-25 11:11:00,O2019-2,PRIMER
E77,RA12,RA12,76.5,2026-06-25 11:11:00,O2019-2,PRIMER
E77,RA2,RA2,73.75,2026-06-25 11:11:00,O2019-2,PRIMER
E77,RA3,RA3,82.5,2026-06-25 11:11:00,O2019-2,PRIMER
E77,RA4,RA4,77.0,2026-06-25 11:11:00,O2019-2,PRIMER
E77,RA5,RA5,73.0,2026-06-25 11:11:00,O2019-2,PRIMER
E77,RA6,RA6,77.6,2026-06-25 11:11:00,O2019-2,PRIMER
E77,RA7,RA7,73.9,2026-06-25 11:11:00,O2019-2,PRIMER
E77,RA9,RA9,73.2,2026-06-25 11:11:00,O2019-2,PRIMER
E78,RA1,RA1,77.27272727272727,2026-06-25 11:11:00,O2019-2,PRIMER
E78,RA10,RA10,81.66666666666667,2026-06-25 11:11:00,O2019-2,PRIMER
E78,RA11,RA11,82.0,2026-06-25 11:11:00,O2019-2,PRIMER
E78,RA12,RA12,78.16666666666667,2026-06-25 11:11:00,O2019-2,PRIMER
E78,RA2,RA2,80.0,2026-06-25 11:11:00,O2019-2,PRIMER
E78,RA3,RA3,79.5,2026-06-25 11:11:00,O2019-2,PRIMER
E78,RA4,RA4,74.0,2026-06-25 11:11:00,O2019-2,PRIMER
E78,RA5,RA5,78.0,2026-06-25 11:11:00,O2019-2,PRIMER
E78,RA6,RA6,83.0,2026-06-25 11:11:00,O2019-2,PRIMER
E78,RA7,RA7,80.85714285714286,2026-06-25 11:11:00,O2019-2,PRIMER
E78,RA9,RA9,81.05882352941177,2026-06-25 11:11:00,O2019-2,PRIMER
E79,RA1,RA1,79.5,2026-06-25 11:11:00,O2019-2,PRIMER
E79,RA2,RA2,85.0,2026-06-25 11:11:00,O2019-2,PRIMER
E79,RA5,RA5,80.0,2026-06-25 11:11:00,O2019-2,PRIMER
E79,RA6,RA6,92.0,2026-06-25 11:11:00,O2019-2,PRIMER
E79,RA9,RA9,88.0,2026-06-25 11:11:00,O2019-2,PRIMER
E8,RA1,RA1,78.33333333333333,2026-06-25 11:11:00,O2018-1,PRIMER
E8,RA10,RA10,77.0,2026-06-25 11:11:00,O2018-1,PRIMER
E8,RA11,RA11,82.0,2026-06-25 11:11:00,O2018-1,PRIMER
E8,RA12,RA12,85.5,2026-06-25 11:11:00,O2018-1,PRIMER
E8,RA2,RA2,84.5,2026-06-25 11:11:00,O2018-1,PRIMER
E8,RA3,RA3,78.5,2026-06-25 11:11:00,O2018-1,PRIMER
E8,RA4,RA4,76.0,2026-06-25 11:11:00,O2018-1,PRIMER
E8,RA5,RA5,82.0,2026-06-25 11:11:00,O2018-1,PRIMER
E8,RA6,RA6,87.75,2026-06-25 11:11:00,O2018-1,PRIMER
E8,RA7,RA7,76.5,2026-06-25 11:11:00,O2018-1,PRIMER
E8,RA9,RA9,79.9375,2026-06-25 11:11:00,O2018-1,PRIMER
E80,RA1,RA1,78.63636363636364,2026-06-25 11:11:00,O2019-2,PRIMER
E80,RA10,RA10,77.25,2026-06-25 11:11:00,O2019-2,PRIMER
E80,RA11,RA11,81.0,2026-06-25 11:11:00,O2019-2,PRIMER
E80,RA12,RA12,76.57142857142857,2026-06-25 11:11:00,O2019-2,PRIMER
E80,RA2,RA2,80.0,2026-06-25 11:11:00,O2019-2,PRIMER
E80,RA3,RA3,81.0,2026-06-25 11:11:00,O2019-2,PRIMER
E80,RA4,RA4,72.0,2026-06-25 11:11:00,O2019-2,PRIMER
E80,RA5,RA5,78.0,2026-06-25 11:11:00,O2019-2,PRIMER
E80,RA6,RA6,80.5,2026-06-25 11:11:00,O2019-2,PRIMER
E80,RA7,RA7,76.71428571428571,2026-06-25 11:11:00,O2019-2,PRIMER
E80,RA9,RA9,79.73333333333333,2026-06-25 11:11:00,O2019-2,PRIMER
E81,RA1,RA1,81.9090909090909,2026-06-25 11:11:00,O2019-2,PRIMER
E81,RA10,RA10,78.0,2026-06-25 11:11:00,O2019-2,PRIMER
E81,RA11,RA11,71.0,2026-06-25 11:11:00,O2019-2,PRIMER
E81,RA12,RA12,78.83333333333333,2026-06-25 11:11:00,O2019-2,PRIMER
E81,RA2,RA2,81.5,2026-06-25 11:11:00,O2019-2,PRIMER
E81,RA3,RA3,78.0,2026-06-25 11:11:00,O2019-2,PRIMER
E81,RA4,RA4,82.0,2026-06-25 11:11:00,O2019-2,PRIMER
E81,RA5,RA5,79.0,2026-06-25 11:11:00,O2019-2,PRIMER
E81,RA6,RA6,83.5,2026-06-25 11:11:00,O2019-2,PRIMER
E81,RA7,RA7,78.5,2026-06-25 11:11:00,O2019-2,PRIMER
E81,RA9,RA9,80.9375,2026-06-25 11:11:00,O2019-2,PRIMER
E82,RA1,RA1,80.36363636363636,2026-06-25 11:11:00,O2019-2,PRIMER
E82,RA10,RA10,78.66666666666667,2026-06-25 11:11:00,O2019-2,PRIMER
E82,RA11,RA11,84.0,2026-06-25 11:11:00,O2019-2,PRIMER
E82,RA12,RA12,84.0,2026-06-25 11:11:00,O2019-2,PRIMER
E82,RA2,RA2,86.5,2026-06-25 11:11:00,O2019-2,PRIMER
E82,RA3,RA3,78.5,2026-06-25 11:11:00,O2019-2,PRIMER
E82,RA4,RA4,94.0,2026-06-25 11:11:00,O2019-2,PRIMER
E82,RA5,RA5,78.0,2026-06-25 11:11:00,O2019-2,PRIMER
E82,RA6,RA6,85.0,2026-06-25 11:11:00,O2019-2,PRIMER
E82,RA7,RA7,82.28571428571429,2026-06-25 11:11:00,O2019-2,PRIMER
E82,RA9,RA9,82.0625,2026-06-25 11:11:00,O2019-2,PRIMER
E83,RA1,RA1,59.25,2026-06-25 11:11:00,O2019-2,PRIMER
E83,RA2,RA2,53.0,2026-06-25 11:11:00,O2019-2,PRIMER
E83,RA5,RA5,62.333333333333336,2026-06-25 11:11:00,O2019-2,PRIMER
E83,RA6,RA6,76.0,2026-06-25 11:11:00,O2019-2,PRIMER
E83,RA9,RA9,58.5,2026-06-25 11:11:00,O2019-2,PRIMER
E84,RA1,RA1,65.8,2026-06-25 11:11:00,O2019-2,PRIMER
E84,RA2,RA2,65.75,2026-06-25 11:11:00,O2019-2,PRIMER
E84,RA5,RA5,78.0,2026-06-25 11:11:00,O2019-2,PRIMER
E84,RA6,RA6,68.0,2026-06-25 11:11:00,O2019-2,PRIMER
E84,RA9,RA9,66.5,2026-06-25 11:11:00,O2019-2,PRIMER
E85,RA1,RA1,72.5625,2026-06-25 11:11:00,O2019-2,PRIMER
E85,RA10,RA10,74.0,2026-06-25 11:11:00,O2019-2,PRIMER
E85,RA11,RA11,72.0,2026-06-25 11:11:00,O2019-2,PRIMER
E85,RA12,RA12,77.14285714285714,2026-06-25 11:11:00,O2019-2,PRIMER
E85,RA2,RA2,74.33333333333333,2026-06-25 11:11:00,O2019-2,PRIMER
E85,RA3,RA3,73.0,2026-06-25 11:11:00,O2019-2,PRIMER
E85,RA4,RA4,74.0,2026-06-25 11:11:00,O2019-2,PRIMER
E85,RA5,RA5,72.0,2026-06-25 11:11:00,O2019-2,PRIMER
E85,RA6,RA6,76.75,2026-06-25 11:11:00,O2019-2,PRIMER
E85,RA7,RA7,76.375,2026-06-25 11:11:00,O2019-2,PRIMER
E85,RA9,RA9,77.5,2026-06-25 11:11:00,O2019-2,PRIMER
E86,RA1,RA1,71.57142857142857,2026-06-25 11:11:00,O2019-2,PRIMER
E86,RA2,RA2,64.25,2026-06-25 11:11:00,O2019-2,PRIMER
E86,RA4,RA4,76.0,2026-06-25 11:11:00,O2019-2,PRIMER
E86,RA5,RA5,74.0,2026-06-25 11:11:00,O2019-2,PRIMER
E86,RA6,RA6,70.0,2026-06-25 11:11:00,O2019-2,PRIMER
E86,RA9,RA9,72.0,2026-06-25 11:11:00,O2019-2,PRIMER
E87,RA1,RA1,64.2,2026-06-25 11:11:00,O2019-2,PRIMER
E87,RA2,RA2,67.75,2026-06-25 11:11:00,O2019-2,PRIMER
E87,RA5,RA5,69.33333333333333,2026-06-25 11:11:00,O2019-2,PRIMER
E87,RA6,RA6,75.0,2026-06-25 11:11:00,O2019-2,PRIMER
E87,RA9,RA9,70.0,2026-06-25 11:11:00,O2019-2,PRIMER
E88,RA1,RA1,74.92307692307692,2026-06-25 11:11:00,O2019-2,PRIMER
E88,RA10,RA10,70.0,2026-06-25 11:11:00,O2019-2,PRIMER
E88,RA11,RA11,86.0,2026-06-25 11:11:00,O2019-2,PRIMER
E88,RA12,RA12,75.16666666666667,2026-06-25 11:11:00,O2019-2,PRIMER
E88,RA2,RA2,70.125,2026-06-25 11:11:00,O2019-2,PRIMER
E88,RA3,RA3,72.33333333333333,2026-06-25 11:11:00,O2019-2,PRIMER
E88,RA4,RA4,71.0,2026-06-25 11:11:00,O2019-2,PRIMER
E88,RA5,RA5,77.0,2026-06-25 11:11:00,O2019-2,PRIMER
E88,RA6,RA6,76.75,2026-06-25 11:11:00,O2019-2,PRIMER
E88,RA7,RA7,76.0,2026-06-25 11:11:00,O2019-2,PRIMER
E88,RA9,RA9,74.38095238095238,2026-06-25 11:11:00,O2019-2,PRIMER
E89,RA1,RA1,62.0,2026-06-25 11:11:00,O2019-2,PRIMER
E89,RA2,RA2,66.0,2026-06-25 11:11:00,O2019-2,PRIMER
E89,RA5,RA5,64.66666666666667,2026-06-25 11:11:00,O2019-2,PRIMER
E89,RA6,RA6,63.5,2026-06-25 11:11:00,O2019-2,PRIMER
E89,RA9,RA9,64.5,2026-06-25 11:11:00,O2019-2,PRIMER
E9,RA1,RA1,62.5,2026-06-25 11:11:00,O2018-1,PRIMER
E9,RA2,RA2,63.5,2026-06-25 11:11:00,O2018-1,PRIMER
E9,RA5,RA5,72.0,2026-06-25 11:11:00,O2018-1,PRIMER
E9,RA6,RA6,68.0,2026-06-25 11:11:00,O2018-1,PRIMER
E9,RA9,RA9,70.0,2026-06-25 11:11:00,O2018-1,PRIMER
E90,RA1,RA1,78.45454545454545,2026-06-25 11:11:00,O2019-2,PRIMER
E90,RA10,RA10,78.33333333333333,2026-06-25 11:11:00,O2019-2,PRIMER
E90,RA11,RA11,70.0,2026-06-25 11:11:00,O2019-2,PRIMER
E90,RA12,RA12,77.83333333333333,2026-06-25 11:11:00,O2019-2,PRIMER
E90,RA2,RA2,83.5,2026-06-25 11:11:00,O2019-2,PRIMER
E90,RA3,RA3,93.5,2026-06-25 11:11:00,O2019-2,PRIMER
E90,RA4,RA4,79.0,2026-06-25 11:11:00,O2019-2,PRIMER
E90,RA5,RA5,81.0,2026-06-25 11:11:00,O2019-2,PRIMER
E90,RA6,RA6,77.0,2026-06-25 11:11:00,O2019-2,PRIMER
E90,RA7,RA7,79.28571428571429,2026-06-25 11:11:00,O2019-2,PRIMER
E90,RA9,RA9,77.3529411764706,2026-06-25 11:11:00,O2019-2,PRIMER
E91,RA1,RA1,67.0,2026-06-25 11:11:00,O2019-2,PRIMER
E91,RA2,RA2,70.5,2026-06-25 11:11:00,O2019-2,PRIMER
E91,RA5,RA5,65.33333333333333,2026-06-25 11:11:00,O2019-2,PRIMER
E91,RA6,RA6,74.5,2026-06-25 11:11:00,O2019-2,PRIMER
E91,RA9,RA9,67.0,2026-06-25 11:11:00,O2019-2,PRIMER
E92,RA1,RA1,83.81818181818181,2026-06-25 11:11:00,O2019-2,PRIMER
E92,RA10,RA10,80.75,2026-06-25 11:11:00,O2019-2,PRIMER
E92,RA11,RA11,81.0,2026-06-25 11:11:00,O2019-2,PRIMER
E92,RA12,RA12,85.66666666666667,2026-06-25 11:11:00,O2019-2,PRIMER
E92,RA2,RA2,83.0,2026-06-25 11:11:00,O2019-2,PRIMER
E92,RA3,RA3,87.0,2026-06-25 11:11:00,O2019-2,PRIMER
E92,RA4,RA4,93.0,2026-06-25 11:11:00,O2019-2,PRIMER
E92,RA5,RA5,85.0,2026-06-25 11:11:00,O2019-2,PRIMER
E92,RA6,RA6,82.0,2026-06-25 11:11:00,O2019-2,PRIMER
E92,RA7,RA7,80.75,2026-06-25 11:11:00,O2019-2,PRIMER
E92,RA9,RA9,84.33333333333333,2026-06-25 11:11:00,O2019-2,PRIMER
E93,RA1,RA1,75.42857142857143,2026-06-25 11:11:00,O2019-2,PRIMER
E93,RA12,RA12,72.0,2026-06-25 11:11:00,O2019-2,PRIMER
E93,RA2,RA2,67.5,2026-06-25 11:11:00,O2019-2,PRIMER
E93,RA4,RA4,72.0,2026-06-25 11:11:00,O2019-2,PRIMER
E93,RA5,RA5,76.0,2026-06-25 11:11:00,O2019-2,PRIMER
E93,RA6,RA6,67.0,2026-06-25 11:11:00,O2019-2,PRIMER
E93,RA9,RA9,69.5,2026-06-25 11:11:00,O2019-2,PRIMER
E94,RA1,RA1,67.5,2026-06-25 11:11:00,O2019-2,PRIMER
E94,RA2,RA2,65.0,2026-06-25 11:11:00,O2019-2,PRIMER
E94,RA5,RA5,67.5,2026-06-25 11:11:00,O2019-2,PRIMER
E94,RA6,RA6,69.0,2026-06-25 11:11:00,O2019-2,PRIMER
E94,RA9,RA9,65.0,2026-06-25 11:11:00,O2019-2,PRIMER
E95,RA1,RA1,62.75,2026-06-25 11:11:00,O2019-2,PRIMER
E95,RA2,RA2,65.5,2026-06-25 11:11:00,O2019-2,PRIMER
E95,RA5,RA5,61.666666666666664,2026-06-25 11:11:00,O2019-2,PRIMER
E95,RA6,RA6,65.5,2026-06-25 11:11:00,O2019-2,PRIMER
E95,RA9,RA9,69.0,2026-06-25 11:11:00,O2019-2,PRIMER
E96,RA1,RA1,58.5,2026-06-25 11:11:00,O2019-2,PRIMER
E96,RA2,RA2,52.5,2026-06-25 11:11:00,O2019-2,PRIMER
E96,RA5,RA5,59.333333333333336,2026-06-25 11:11:00,O2019-2,PRIMER
E96,RA6,RA6,61.5,2026-06-25 11:11:00,O2019-2,PRIMER
E96,RA9,RA9,60.0,2026-06-25 11:11:00,O2019-2,PRIMER
E97,RA1,RA1,60.5,2026-06-25 11:11:00,O2019-2,PRIMER
E97,RA2,RA2,64.0,2026-06-25 11:11:00,O2019-2,PRIMER
E97,RA5,RA5,60.0,2026-06-25 11:11:00,O2019-2,PRIMER
E97,RA6,RA6,68.5,2026-06-25 11:11:00,O2019-2,PRIMER
E97,RA9,RA9,63.5,2026-06-25 11:11:00,O2019-2,PRIMER
E98,RA1,RA1,78.63636363636364,2026-06-25 11:11:00,O2019-2,PRIMER
E98,RA10,RA10,71.0,2026-06-25 11:11:00,O2019-2,PRIMER
E98,RA11,RA11,72.0,2026-06-25 11:11:00,O2019-2,PRIMER
E98,RA12,RA12,73.71428571428571,2026-06-25 11:11:00,O2019-2,PRIMER
E98,RA2,RA2,80.75,2026-06-25 11:11:00,O2019-2,PRIMER
E98,RA3,RA3,83.5,2026-06-25 11:11:00,O2019-2,PRIMER
E98,RA4,RA4,72.0,2026-06-25 11:11:00,O2019-2,PRIMER
E98,RA5,RA5,72.0,2026-06-25 11:11:00,O2019-2,PRIMER
E98,RA6,RA6,74.2,2026-06-25 11:11:00,O2019-2,PRIMER
E98,RA7,RA7,74.75,2026-06-25 11:11:00,O2019-2,PRIMER
E98,RA9,RA9,75.17647058823529,2026-06-25 11:11:00,O2019-2,PRIMER
E99,RA1,RA1,75.875,2026-06-25 11:11:00,O2019-2,PRIMER
E99,RA12,RA12,90.0,2026-06-25 11:11:00,O2019-2,PRIMER
E99,RA2,RA2,74.0,2026-06-25 11:11:00,O2019-2,PRIMER
E99,RA4,RA4,72.0,2026-06-25 11:11:00,O2019-2,PRIMER
E99,RA5,RA5,78.0,2026-06-25 11:11:00,O2019-2,PRIMER
E99,RA6,RA6,74.0,2026-06-25 11:11:00,O2019-2,PRIMER
E99,RA7,RA7,73.0,2026-06-25 11:11:00,O2019-2,PRIMER
E99,RA9,RA9,75.72727272727273,2026-06-25 11:11:00,O2019-2,PRIMER
