indicador_id,nivel_analitico,tipo_indicador,categoria,periodo,cohorte,ID_EST,ID_COMP,ID_PERFIL,valor,fuente,fuente_detallada,formula,timestamp_export,run_id,version_modelo
RA01,RA,academico,aprendizaje,,,NA,C1,NA,0.7,ra_competencia.csv,Registro ERP académico,Valor mínimo declarado para RA-Competencia,2026-06-25 11:12:08,87f174cf-db07-4b4a-9e4d-c229aab16e4f,1.0
RA02,RA,academico,aprendizaje,,,NA,C1,NA,0.7,ra_competencia.csv,Registro ERP académico,Valor mínimo declarado para RA-Competencia,2026-06-25 11:12:08,87f174cf-db07-4b4a-9e4d-c229aab16e4f,1.0
RA03,RA,academico,aprendizaje,,,NA,C1,NA,0.7,ra_competencia.csv,Registro ERP académico,Valor mínimo declarado para RA-Competencia,2026-06-25 11:12:08,87f174cf-db07-4b4a-9e4d-c229aab16e4f,1.0
RA04,RA,academico,aprendizaje,,,NA,C1,NA,0.7,ra_competencia.csv,Registro ERP académico,Valor mínimo declarado para RA-Competencia,2026-06-25 11:12:08,87f174cf-db07-4b4a-9e4d-c229aab16e4f,1.0
RA05,RA,academico,aprendizaje,,,NA,C1,NA,0.7,ra_competencia.csv,Registro ERP académico,Valor mínimo declarado para RA-Competencia,2026-06-25 11:12:08,87f174cf-db07-4b4a-9e4d-c229aab16e4f,1.0
RA06,RA,academico,aprendizaje,,,NA,C2,NA,0.7,ra_competencia.csv,Registro ERP académico,Valor mínimo declarado para RA-Competencia,2026-06-25 11:12:08,87f174cf-db07-4b4a-9e4d-c229aab16e4f,1.0
RA07,RA,academico,aprendizaje,,,NA,C2,NA,0.7,ra_competencia.csv,Registro ERP académico,Valor mínimo declarado para RA-Competencia,2026-06-25 11:12:08,87f174cf-db07-4b4a-9e4d-c229aab16e4f,1.0
RA08,RA,academico,aprendizaje,,,NA,C2,NA,0.7,ra_competencia.csv,Registro ERP académico,Valor mínimo declarado para RA-Competencia,2026-06-25 11:12:08,87f174cf-db07-4b4a-9e4d-c229aab16e4f,1.0
RA09,RA,academico,aprendizaje,,,NA,C3,NA,0.7,ra_competencia.csv,Registro ERP académico,Valor mínimo declarado para RA-Competencia,2026-06-25 11:12:08,87f174cf-db07-4b4a-9e4d-c229aab16e4f,1.0
RA10,RA,academico,aprendizaje,,,NA,C3,NA,0.7,ra_competencia.csv,Registro ERP académico,Valor mínimo declarado para RA-Competencia,2026-06-25 11:12:08,87f174cf-db07-4b4a-9e4d-c229aab16e4f,1.0
RA11,RA,academico,aprendizaje,,,NA,C3,NA,0.7,ra_competencia.csv,Registro ERP académico,Valor mínimo declarado para RA-Competencia,2026-06-25 11:12:08,87f174cf-db07-4b4a-9e4d-c229aab16e4f,1.0
RA12,RA,academico,aprendizaje,,,NA,C3,NA,0.7,ra_competencia.csv,Registro ERP académico,Valor mínimo declarado para RA-Competencia,2026-06-25 11:12:08,87f174cf-db07-4b4a-9e4d-c229aab16e4f,1.0
COMPC1,COMP,academico,competencia,,,NA,C1,NA,0.63,competencia_perfil.csv,Declaración de ponderaciones RA en competencia,Suma ponderada de RA: sum(PESO_RA_EN_COMPETENCIA * valor_minimo),2026-06-25 11:12:08,87f174cf-db07-4b4a-9e4d-c229aab16e4f,1.0
COMPC2,COMP,academico,competencia,,,NA,C2,NA,0.5599999999999999,competencia_perfil.csv,Declaración de ponderaciones RA en competencia,Suma ponderada de RA: sum(PESO_RA_EN_COMPETENCIA * valor_minimo),2026-06-25 11:12:08,87f174cf-db07-4b4a-9e4d-c229aab16e4f,1.0
COMPC3,COMP,academico,competencia,,,NA,C3,NA,0.595,competencia_perfil.csv,Declaración de ponderaciones RA en competencia,Suma ponderada de RA: sum(PESO_RA_EN_COMPETENCIA * valor_minimo),2026-06-25 11:12:08,87f174cf-db07-4b4a-9e4d-c229aab16e4f,1.0
PERFP1,PERFIL,academico,perfil,,,NA,NA,P1,0.6124999999999999,competencia_perfil.csv,Declaración de ponderaciones de competencias en perfil,Suma ponderada de competencias: sum(peso * valor_competencia),2026-06-25 11:12:08,87f174cf-db07-4b4a-9e4d-c229aab16e4f,1.0
PERFP2,PERFIL,academico,perfil,,,NA,NA,P2,0.616,competencia_perfil.csv,Declaración de ponderaciones de competencias en perfil,Suma ponderada de competencias: sum(peso * valor_competencia),2026-06-25 11:12:08,87f174cf-db07-4b4a-9e4d-c229aab16e4f,1.0
PERFP3,PERFIL,academico,perfil,,,NA,NA,P3,0.595,competencia_perfil.csv,Declaración de ponderaciones de competencias en perfil,Suma ponderada de competencias: sum(peso * valor_competencia),2026-06-25 11:12:08,87f174cf-db07-4b4a-9e4d-c229aab16e4f,1.0
PERFP4,PERFIL,academico,perfil,,,NA,NA,P4,0.5985,competencia_perfil.csv,Declaración de ponderaciones de competencias en perfil,Suma ponderada de competencias: sum(peso * valor_competencia),2026-06-25 11:12:08,87f174cf-db07-4b4a-9e4d-c229aab16e4f,1.0
PERFP5,PERFIL,academico,perfil,,,NA,NA,P5,0.574,competencia_perfil.csv,Declaración de ponderaciones de competencias en perfil,Suma ponderada de competencias: sum(peso * valor_competencia),2026-06-25 11:12:08,87f174cf-db07-4b4a-9e4d-c229aab16e4f,1.0
PERFP6,PERFIL,academico,perfil,,,NA,NA,P6,0.5722499999999999,competencia_perfil.csv,Declaración de ponderaciones de competencias en perfil,Suma ponderada de competencias: sum(peso * valor_competencia),2026-06-25 11:12:08,87f174cf-db07-4b4a-9e4d-c229aab16e4f,1.0
PERFP7,PERFIL,academico,perfil,,,NA,NA,P7,0.59675,competencia_perfil.csv,Declaración de ponderaciones de competencias en perfil,Suma ponderada de competencias: sum(peso * valor_competencia),2026-06-25 11:12:08,87f174cf-db07-4b4a-9e4d-c229aab16e4f,1.0
PERFP8,PERFIL,academico,perfil,,,NA,NA,P8,0.5774999999999999,competencia_perfil.csv,Declaración de ponderaciones de competencias en perfil,Suma ponderada de competencias: sum(peso * valor_competencia),2026-06-25 11:12:08,87f174cf-db07-4b4a-9e4d-c229aab16e4f,1.0
PERFP9,PERFIL,academico,perfil,,,NA,NA,P9,0.5985,competencia_perfil.csv,Declaración de ponderaciones de competencias en perfil,Suma ponderada de competencias: sum(peso * valor_competencia),2026-06-25 11:12:08,87f174cf-db07-4b4a-9e4d-c229aab16e4f,1.0
PERFP10,PERFIL,academico,perfil,,,NA,NA,P10,0.6194999999999999,competencia_perfil.csv,Declaración de ponderaciones de competencias en perfil,Suma ponderada de competencias: sum(peso * valor_competencia),2026-06-25 11:12:08,87f174cf-db07-4b4a-9e4d-c229aab16e4f,1.0
PERFP11,PERFIL,academico,perfil,,,NA,NA,P11,0.61775,competencia_perfil.csv,Declaración de ponderaciones de competencias en perfil,Suma ponderada de competencias: sum(peso * valor_competencia),2026-06-25 11:12:08,87f174cf-db07-4b4a-9e4d-c229aab16e4f,1.0
PERFP12,PERFIL,academico,perfil,,,NA,NA,P12,0.61775,competencia_perfil.csv,Declaración de ponderaciones de competencias en perfil,Suma ponderada de competencias: sum(peso * valor_competencia),2026-06-25 11:12:08,87f174cf-db07-4b4a-9e4d-c229aab16e4f,1.0
RI01_desempeño,RIESGO_INT,riesgo,desempeño,,,E1,NA,NA,0.729,riesgos_internos.csv,Registros ERP académico,Valor directo de columna desempeño,2026-06-25 11:12:08,87f174cf-db07-4b4a-9e4d-c229aab16e4f,1.0
RI01_repitencia,RIESGO_INT,riesgo,repitencia,,,E1,NA,NA,8.0,riesgos_internos.csv,Registros ERP académico,Valor directo de columna repitencia,2026-06-25 11:12:08,87f174cf-db07-4b4a-9e4d-c229aab16e4f,1.0
RI01_deserción,RIESGO_INT,riesgo,deserción,,,E1,NA,NA,1.0,riesgos_internos.csv,Registros ERP académico,Valor directo de columna deserción,2026-06-25 11:12:08,87f174cf-db07-4b4a-9e4d-c229aab16e4f,1.0
RI02_desempeño,RIESGO_INT,riesgo,desempeño,,,E10,NA,NA,0.834,riesgos_internos.csv,Registros ERP académico,Valor directo de columna desempeño,2026-06-25 11:12:08,87f174cf-db07-4b4a-9e4d-c229aab16e4f,1.0
RI02_repitencia,RIESGO_INT,riesgo,repitencia,,,E10,NA,NA,1.0,riesgos_internos.csv,Registros ERP académico,Valor directo de columna repitencia,2026-06-25 11:12:08,87f174cf-db07-4b4a-9e4d-c229aab16e4f,1.0
RI02_deserción,RIESGO_INT,riesgo,deserción,,,E10,NA,NA,0.0,riesgos_internos.csv,Registros ERP académico,Valor directo de columna deserción,2026-06-25 11:12:08,87f174cf-db07-4b4a-9e4d-c229aab16e4f,1.0
RI03_desempeño,RIESGO_INT,riesgo,desempeño,,,E100,NA,NA,0.811,riesgos_internos.csv,Registros ERP académico,Valor directo de columna desempeño,2026-06-25 11:12:08,87f174cf-db07-4b4a-9e4d-c229aab16e4f,1.0
RI03_repitencia,RIESGO_INT,riesgo,repitencia,,,E100,NA,NA,1.0,riesgos_internos.csv,Registros ERP académico,Valor directo de columna repitencia,2026-06-25 11:12:08,87f174cf-db07-4b4a-9e4d-c229aab16e4f,1.0
RI03_deserción,RIESGO_INT,riesgo,deserción,,,E100,NA,NA,0.0,riesgos_internos.csv,Registros ERP académico,Valor directo de columna deserción,2026-06-25 11:12:08,87f174cf-db07-4b4a-9e4d-c229aab16e4f,1.0
RI04_desempeño,RIESGO_INT,riesgo,desempeño,,,E101,NA,NA,0.722,riesgos_internos.csv,Registros ERP académico,Valor directo de columna desempeño,2026-06-25 11:12:08,87f174cf-db07-4b4a-9e4d-c229aab16e4f,1.0
RI04_repitencia,RIESGO_INT,riesgo,repitencia,,,E101,NA,NA,3.0,riesgos_internos.csv,Registros ERP académico,Valor directo de columna repitencia,2026-06-25 11:12:08,87f174cf-db07-4b4a-9e4d-c229aab16e4f,1.0
RI04_deserción,RIESGO_INT,riesgo,deserción,,,E101,NA,NA,1.0,riesgos_internos.csv,Registros ERP académico,Valor directo de columna deserción,2026-06-25 11:12:08,87f174cf-db07-4b4a-9e4d-c229aab16e4f,1.0
RI05_desempeño,RIESGO_INT,riesgo,desempeño,,,E102,NA,NA,0.775,riesgos_internos.csv,Registros ERP académico,Valor directo de columna desempeño,2026-06-25 11:12:08,87f174cf-db07-4b4a-9e4d-c229aab16e4f,1.0
RI05_repitencia,RIESGO_INT,riesgo,repitencia,,,E102,NA,NA,4.0,riesgos_internos.csv,Registros ERP académico,Valor directo de columna repitencia,2026-06-25 11:12:08,87f174cf-db07-4b4a-9e4d-c229aab16e4f,1.0
RI05_deserción,RIESGO_INT,riesgo,deserción,,,E102,NA,NA,0.0,riesgos_internos.csv,Registros ERP académico,Valor directo de columna deserción,2026-06-25 11:12:08,87f174cf-db07-4b4a-9e4d-c229aab16e4f,1.0
RI06_desempeño,RIESGO_INT,riesgo,desempeño,,,E103,NA,NA,0.824,riesgos_internos.csv,Registros ERP académico,Valor directo de columna desempeño,2026-06-25 11:12:08,87f174cf-db07-4b4a-9e4d-c229aab16e4f,1.0
RI06_repitencia,RIESGO_INT,riesgo,repitencia,,,E103,NA,NA,1.0,riesgos_internos.csv,Registros ERP académico,Valor directo de columna repitencia,2026-06-25 11:12:08,87f174cf-db07-4b4a-9e4d-c229aab16e4f,1.0
RI06_deserción,RIESGO_INT,riesgo,deserción,,,E103,NA,NA,0.0,riesgos_internos.csv,Registros ERP académico,Valor directo de columna deserción,2026-06-25 11:12:08,87f174cf-db07-4b4a-9e4d-c229aab16e4f,1.0
RI07_desempeño,RIESGO_INT,riesgo,desempeño,,,E104,NA,NA,0.734,riesgos_internos.csv,Registros ERP académico,Valor directo de columna desempeño,2026-06-25 11:12:08,87f174cf-db07-4b4a-9e4d-c229aab16e4f,1.0
RI07_repitencia,RIESGO_INT,riesgo,repitencia,,,E104,NA,NA,15.0,riesgos_internos.csv,Registros ERP académico,Valor directo de columna repitencia,2026-06-25 11:12:08,87f174cf-db07-4b4a-9e4d-c229aab16e4f,1.0
RI07_deserción,RIESGO_INT,riesgo,deserción,,,E104,NA,NA,0.0,riesgos_internos.csv,Registros ERP académico,Valor directo de columna deserción,2026-06-25 11:12:08,87f174cf-db07-4b4a-9e4d-c229aab16e4f,1.0
RI08_desempeño,RIESGO_INT,riesgo,desempeño,,,E105,NA,NA,0.743,riesgos_internos.csv,Registros ERP académico,Valor directo de columna desempeño,2026-06-25 11:12:08,87f174cf-db07-4b4a-9e4d-c229aab16e4f,1.0
RI08_repitencia,RIESGO_INT,riesgo,repitencia,,,E105,NA,NA,12.0,riesgos_internos.csv,Registros ERP académico,Valor directo de columna repitencia,2026-06-25 11:12:08,87f174cf-db07-4b4a-9e4d-c229aab16e4f,1.0
RI08_deserción,RIESGO_INT,riesgo,deserción,,,E105,NA,NA,1.0,riesgos_internos.csv,Registros ERP académico,Valor directo de columna deserción,2026-06-25 11:12:08,87f174cf-db07-4b4a-9e4d-c229aab16e4f,1.0
RI09_desempeño,RIESGO_INT,riesgo,desempeño,,,E106,NA,NA,0.656,riesgos_internos.csv,Registros ERP académico,Valor directo de columna desempeño,2026-06-25 11:12:08,87f174cf-db07-4b4a-9e4d-c229aab16e4f,1.0
RI09_repitencia,RIESGO_INT,riesgo,repitencia,,,E106,NA,NA,6.0,riesgos_internos.csv,Registros ERP académico,Valor directo de columna repitencia,2026-06-25 11:12:08,87f174cf-db07-4b4a-9e4d-c229aab16e4f,1.0
RI09_deserción,RIESGO_INT,riesgo,deserción,,,E106,NA,NA,1.0,riesgos_internos.csv,Registros ERP académico,Valor directo de columna deserción,2026-06-25 11:12:08,87f174cf-db07-4b4a-9e4d-c229aab16e4f,1.0
RI10_desempeño,RIESGO_INT,riesgo,desempeño,,,E107,NA,NA,0.595,riesgos_internos.csv,Registros ERP académico,Valor directo de columna desempeño,2026-06-25 11:12:08,87f174cf-db07-4b4a-9e4d-c229aab16e4f,1.0
RI10_repitencia,RIESGO_INT,riesgo,repitencia,,,E107,NA,NA,7.0,riesgos_internos.csv,Registros ERP académico,Valor directo de columna repitencia,2026-06-25 11:12:08,87f174cf-db07-4b4a-9e4d-c229aab16e4f,1.0
RI10_deserción,RIESGO_INT,riesgo,deserción,,,E107,NA,NA,1.0,riesgos_internos.csv,Registros ERP académico,Valor directo de columna deserción,2026-06-25 11:12:08,87f174cf-db07-4b4a-9e4d-c229aab16e4f,1.0
RI11_desempeño,RIESGO_INT,riesgo,desempeño,,,E108,NA,NA,0.644,riesgos_internos.csv,Registros ERP académico,Valor directo de columna desempeño,2026-06-25 11:12:08,87f174cf-db07-4b4a-9e4d-c229aab16e4f,1.0
RI11_repitencia,RIESGO_INT,riesgo,repitencia,,,E108,NA,NA,6.0,riesgos_internos.csv,Registros ERP académico,Valor directo de columna repitencia,2026-06-25 11:12:08,87f174cf-db07-4b4a-9e4d-c229aab16e4f,1.0
RI11_deserción,RIESGO_INT,riesgo,deserción,,,E108,NA,NA,1.0,riesgos_internos.csv,Registros ERP académico,Valor directo de columna deserción,2026-06-25 11:12:08,87f174cf-db07-4b4a-9e4d-c229aab16e4f,1.0
RI12_desempeño,RIESGO_INT,riesgo,desempeño,,,E109,NA,NA,0.739,riesgos_internos.csv,Registros ERP académico,Valor directo de columna desempeño,2026-06-25 11:12:08,87f174cf-db07-4b4a-9e4d-c229aab16e4f,1.0
RI12_repitencia,RIESGO_INT,riesgo,repitencia,,,E109,NA,NA,2.0,riesgos_internos.csv,Registros ERP académico,Valor directo de columna repitencia,2026-06-25 11:12:08,87f174cf-db07-4b4a-9e4d-c229aab16e4f,1.0
RI12_deserción,RIESGO_INT,riesgo,deserción,,,E109,NA,NA,1.0,riesgos_internos.csv,Registros ERP académico,Valor directo de columna deserción,2026-06-25 11:12:08,87f174cf-db07-4b4a-9e4d-c229aab16e4f,1.0
RI13_desempeño,RIESGO_INT,riesgo,desempeño,,,E11,NA,NA,0.608,riesgos_internos.csv,Registros ERP académico,Valor directo de columna desempeño,2026-06-25 11:12:08,87f174cf-db07-4b4a-9e4d-c229aab16e4f,1.0
RI13_repitencia,RIESGO_INT,riesgo,repitencia,,,E11,NA,NA,7.0,riesgos_internos.csv,Registros ERP académico,Valor directo de columna repitencia,2026-06-25 11:12:08,87f174cf-db07-4b4a-9e4d-c229aab16e4f,1.0
RI13_deserción,RIESGO_INT,riesgo,deserción,,,E11,NA,NA,1.0,riesgos_internos.csv,Registros ERP académico,Valor directo de columna deserción,2026-06-25 11:12:08,87f174cf-db07-4b4a-9e4d-c229aab16e4f,1.0
RI14_desempeño,RIESGO_INT,riesgo,desempeño,,,E110,NA,NA,0.814,riesgos_internos.csv,Registros ERP académico,Valor directo de columna desempeño,2026-06-25 11:12:08,87f174cf-db07-4b4a-9e4d-c229aab16e4f,1.0
RI14_repitencia,RIESGO_INT,riesgo,repitencia,,,E110,NA,NA,1.0,riesgos_internos.csv,Registros ERP académico,Valor directo de columna repitencia,2026-06-25 11:12:08,87f174cf-db07-4b4a-9e4d-c229aab16e4f,1.0
RI14_deserción,RIESGO_INT,riesgo,deserción,,,E110,NA,NA,0.0,riesgos_internos.csv,Registros ERP académico,Valor directo de columna deserción,2026-06-25 11:12:08,87f174cf-db07-4b4a-9e4d-c229aab16e4f,1.0
RI15_desempeño,RIESGO_INT,riesgo,desempeño,,,E111,NA,NA,0.658,riesgos_internos.csv,Registros ERP académico,Valor directo de columna desempeño,2026-06-25 11:12:08,87f174cf-db07-4b4a-9e4d-c229aab16e4f,1.0
RI15_repitencia,RIESGO_INT,riesgo,repitencia,,,E111,NA,NA,5.0,riesgos_internos.csv,Registros ERP académico,Valor directo de columna repitencia,2026-06-25 11:12:08,87f174cf-db07-4b4a-9e4d-c229aab16e4f,1.0
RI15_deserción,RIESGO_INT,riesgo,deserción,,,E111,NA,NA,1.0,riesgos_internos.csv,Registros ERP académico,Valor directo de columna deserción,2026-06-25 11:12:08,87f174cf-db07-4b4a-9e4d-c229aab16e4f,1.0
RI16_desempeño,RIESGO_INT,riesgo,desempeño,,,E112,NA,NA,0.661,riesgos_internos.csv,Registros ERP académico,Valor directo de columna desempeño,2026-06-25 11:12:08,87f174cf-db07-4b4a-9e4d-c229aab16e4f,1.0
RI16_repitencia,RIESGO_INT,riesgo,repitencia,,,E112,NA,NA,5.0,riesgos_internos.csv,Registros ERP académico,Valor directo de columna repitencia,2026-06-25 11:12:08,87f174cf-db07-4b4a-9e4d-c229aab16e4f,1.0
RI16_deserción,RIESGO_INT,riesgo,deserción,,,E112,NA,NA,1.0,riesgos_internos.csv,Registros ERP académico,Valor directo de columna deserción,2026-06-25 11:12:08,87f174cf-db07-4b4a-9e4d-c229aab16e4f,1.0
RI17_desempeño,RIESGO_INT,riesgo,desempeño,,,E113,NA,NA,0.807,riesgos_internos.csv,Registros ERP académico,Valor directo de columna desempeño,2026-06-25 11:12:08,87f174cf-db07-4b4a-9e4d-c229aab16e4f,1.0
RI17_repitencia,RIESGO_INT,riesgo,repitencia,,,E113,NA,NA,2.0,riesgos_internos.csv,Registros ERP académico,Valor directo de columna repitencia,2026-06-25 11:12:08,87f174cf-db07-4b4a-9e4d-c229aab16e4f,1.0
RI17_deserción,RIESGO_INT,riesgo,deserción,,,E113,NA,NA,0.0,riesgos_internos.csv,Registros ERP académico,Valor directo de columna deserción,2026-06-25 11:12:08,87f174cf-db07-4b4a-9e4d-c229aab16e4f,1.0
RI18_desempeño,RIESGO_INT,riesgo,desempeño,,,E114,NA,NA,0.706,riesgos_internos.csv,Registros ERP académico,Valor directo de columna desempeño,2026-06-25 11:12:08,87f174cf-db07-4b4a-9e4d-c229aab16e4f,1.0
RI18_repitencia,RIESGO_INT,riesgo,repitencia,,,E114,NA,NA,8.0,riesgos_internos.csv,Registros ERP académico,Valor directo de columna repitencia,2026-06-25 11:12:08,87f174cf-db07-4b4a-9e4d-c229aab16e4f,1.0
RI18_deserción,RIESGO_INT,riesgo,deserción,,,E114,NA,NA,1.0,riesgos_internos.csv,Registros ERP académico,Valor directo de columna deserción,2026-06-25 11:12:08,87f174cf-db07-4b4a-9e4d-c229aab16e4f,1.0
RI19_desempeño,RIESGO_INT,riesgo,desempeño,,,E115,NA,NA,0.677,riesgos_internos.csv,Registros ERP académico,Valor directo de columna desempeño,2026-06-25 11:12:08,87f174cf-db07-4b4a-9e4d-c229aab16e4f,1.0
RI19_repitencia,RIESGO_INT,riesgo,repitencia,,,E115,NA,NA,7.0,riesgos_internos.csv,Registros ERP académico,Valor directo de columna repitencia,2026-06-25 11:12:08,87f174cf-db07-4b4a-9e4d-c229aab16e4f,1.0
RI19_deserción,RIESGO_INT,riesgo,deserción,,,E115,NA,NA,1.0,riesgos_internos.csv,Registros ERP académico,Valor directo de columna deserción,2026-06-25 11:12:08,87f174cf-db07-4b4a-9e4d-c229aab16e4f,1.0
RI20_desempeño,RIESGO_INT,riesgo,desempeño,,,E116,NA,NA,0.586,riesgos_internos.csv,Registros ERP académico,Valor directo de columna desempeño,2026-06-25 11:12:08,87f174cf-db07-4b4a-9e4d-c229aab16e4f,1.0
RI20_repitencia,RIESGO_INT,riesgo,repitencia,,,E116,NA,NA,8.0,riesgos_internos.csv,Registros ERP académico,Valor directo de columna repitencia,2026-06-25 11:12:08,87f174cf-db07-4b4a-9e4d-c229aab16e4f,1.0
RI20_deserción,RIESGO_INT,riesgo,deserción,,,E116,NA,NA,1.0,riesgos_internos.csv,Registros ERP académico,Valor directo de columna deserción,2026-06-25 11:12:08,87f174cf-db07-4b4a-9e4d-c229aab16e4f,1.0
RI21_desempeño,RIESGO_INT,riesgo,desempeño,,,E117,NA,NA,0.758,riesgos_internos.csv,Registros ERP académico,Valor directo de columna desempeño,2026-06-25 11:12:08,87f174cf-db07-4b4a-9e4d-c229aab16e4f,1.0
RI21_repitencia,RIESGO_INT,riesgo,repitencia,,,E117,NA,NA,7.0,riesgos_internos.csv,Registros ERP académico,Valor directo de columna repitencia,2026-06-25 11:12:08,87f174cf-db07-4b4a-9e4d-c229aab16e4f,1.0
RI21_deserción,RIESGO_INT,riesgo,deserción,,,E117,NA,NA,0.0,riesgos_internos.csv,Registros ERP académico,Valor directo de columna deserción,2026-06-25 11:12:08,87f174cf-db07-4b4a-9e4d-c229aab16e4f,1.0
RI22_desempeño,RIESGO_INT,riesgo,desempeño,,,E118,NA,NA,0.738,riesgos_internos.csv,Registros ERP académico,Valor directo de columna desempeño,2026-06-25 11:12:08,87f174cf-db07-4b4a-9e4d-c229aab16e4f,1.0
RI22_repitencia,RIESGO_INT,riesgo,repitencia,,,E118,NA,NA,10.0,riesgos_internos.csv,Registros ERP académico,Valor directo de columna repitencia,2026-06-25 11:12:08,87f174cf-db07-4b4a-9e4d-c229aab16e4f,1.0
RI22_deserción,RIESGO_INT,riesgo,deserción,,,E118,NA,NA,0.0,riesgos_internos.csv,Registros ERP académico,Valor directo de columna deserción,2026-06-25 11:12:08,87f174cf-db07-4b4a-9e4d-c229aab16e4f,1.0
RI23_desempeño,RIESGO_INT,riesgo,desempeño,,,E119,NA,NA,0.695,riesgos_internos.csv,Registros ERP académico,Valor directo de columna desempeño,2026-06-25 11:12:08,87f174cf-db07-4b4a-9e4d-c229aab16e4f,1.0
RI23_repitencia,RIESGO_INT,riesgo,repitencia,,,E119,NA,NA,7.0,riesgos_internos.csv,Registros ERP académico,Valor directo de columna repitencia,2026-06-25 11:12:08,87f174cf-db07-4b4a-9e4d-c229aab16e4f,1.0
RI23_deserción,RIESGO_INT,riesgo,deserción,,,E119,NA,NA,1.0,riesgos_internos.csv,Registros ERP académico,Valor directo de columna deserción,2026-06-25 11:12:08,87f174cf-db07-4b4a-9e4d-c229aab16e4f,1.0
RI24_desempeño,RIESGO_INT,riesgo,desempeño,,,E12,NA,NA,0.771,riesgos_internos.csv,Registros ERP académico,Valor directo de columna desempeño,2026-06-25 11:12:08,87f174cf-db07-4b4a-9e4d-c229aab16e4f,1.0
RI24_repitencia,RIESGO_INT,riesgo,repitencia,,,E12,NA,NA,8.0,riesgos_internos.csv,Registros ERP académico,Valor directo de columna repitencia,2026-06-25 11:12:08,87f174cf-db07-4b4a-9e4d-c229aab16e4f,1.0
RI24_deserción,RIESGO_INT,riesgo,deserción,,,E12,NA,NA,0.0,riesgos_internos.csv,Registros ERP académico,Valor directo de columna deserción,2026-06-25 11:12:08,87f174cf-db07-4b4a-9e4d-c229aab16e4f,1.0
RI25_desempeño,RIESGO_INT,riesgo,desempeño,,,E120,NA,NA,0.639,riesgos_internos.csv,Registros ERP académico,Valor directo de columna desempeño,2026-06-25 11:12:08,87f174cf-db07-4b4a-9e4d-c229aab16e4f,1.0
RI25_repitencia,RIESGO_INT,riesgo,repitencia,,,E120,NA,NA,7.0,riesgos_internos.csv,Registros ERP académico,Valor directo de columna repitencia,2026-06-25 11:12:08,87f174cf-db07-4b4a-9e4d-c229aab16e4f,1.0
RI25_deserción,RIESGO_INT,riesgo,deserción,,,E120,NA,NA,1.0,riesgos_internos.csv,Registros ERP académico,Valor directo de columna deserción,2026-06-25 11:12:08,87f174cf-db07-4b4a-9e4d-c229aab16e4f,1.0
RI26_desempeño,RIESGO_INT,riesgo,desempeño,,,E121,NA,NA,0.649,riesgos_internos.csv,Registros ERP académico,Valor directo de columna desempeño,2026-06-25 11:12:08,87f174cf-db07-4b4a-9e4d-c229aab16e4f,1.0
RI26_repitencia,RIESGO_INT,riesgo,repitencia,,,E121,NA,NA,8.0,riesgos_internos.csv,Registros ERP académico,Valor directo de columna repitencia,2026-06-25 11:12:08,87f174cf-db07-4b4a-9e4d-c229aab16e4f,1.0
RI26_deserción,RIESGO_INT,riesgo,deserción,,,E121,NA,NA,1.0,riesgos_internos.csv,Registros ERP académico,Valor directo de columna deserción,2026-06-25 11:12:08,87f174cf-db07-4b4a-9e4d-c229aab16e4f,1.0
RI27_desempeño,RIESGO_INT,riesgo,desempeño,,,E122,NA,NA,0.698,riesgos_internos.csv,Registros ERP académico,Valor directo de columna desempeño,2026-06-25 11:12:08,87f174cf-db07-4b4a-9e4d-c229aab16e4f,1.0
RI27_repitencia,RIESGO_INT,riesgo,repitencia,,,E122,NA,NA,4.0,riesgos_internos.csv,Registros ERP académico,Valor directo de columna repitencia,2026-06-25 11:12:08,87f174cf-db07-4b4a-9e4d-c229aab16e4f,1.0
RI27_deserción,RIESGO_INT,riesgo,deserción,,,E122,NA,NA,1.0,riesgos_internos.csv,Registros ERP académico,Valor directo de columna deserción,2026-06-25 11:12:08,87f174cf-db07-4b4a-9e4d-c229aab16e4f,1.0
RI28_desempeño,RIESGO_INT,riesgo,desempeño,,,E123,NA,NA,0.709,riesgos_internos.csv,Registros ERP académico,Valor directo de columna desempeño,2026-06-25 11:12:08,87f174cf-db07-4b4a-9e4d-c229aab16e4f,1.0
RI28_repitencia,RIESGO_INT,riesgo,repitencia,,,E123,NA,NA,23.0,riesgos_internos.csv,Registros ERP académico,Valor directo de columna repitencia,2026-06-25 11:12:08,87f174cf-db07-4b4a-9e4d-c229aab16e4f,1.0
RI28_deserción,RIESGO_INT,riesgo,deserción,,,E123,NA,NA,1.0,riesgos_internos.csv,Registros ERP académico,Valor directo de columna deserción,2026-06-25 11:12:08,87f174cf-db07-4b4a-9e4d-c229aab16e4f,1.0
RI29_desempeño,RIESGO_INT,riesgo,desempeño,,,E124,NA,NA,0.614,riesgos_internos.csv,Registros ERP académico,Valor directo de columna desempeño,2026-06-25 11:12:08,87f174cf-db07-4b4a-9e4d-c229aab16e4f,1.0
RI29_repitencia,RIESGO_INT,riesgo,repitencia,,,E124,NA,NA,8.0,riesgos_internos.csv,Registros ERP académico,Valor directo de columna repitencia,2026-06-25 11:12:08,87f174cf-db07-4b4a-9e4d-c229aab16e4f,1.0
RI29_deserción,RIESGO_INT,riesgo,deserción,,,E124,NA,NA,1.0,riesgos_internos.csv,Registros ERP académico,Valor directo de columna deserción,2026-06-25 11:12:08,87f174cf-db07-4b4a-9e4d-c229aab16e4f,1.0
RI30_desempeño,RIESGO_INT,riesgo,desempeño,,,E125,NA,NA,0.604,riesgos_internos.csv,Registros ERP académico,Valor directo de columna desempeño,2026-06-25 11:12:08,87f174cf-db07-4b4a-9e4d-c229aab16e4f,1.0
RI30_repitencia,RIESGO_INT,riesgo,repitencia,,,E125,NA,NA,6.0,riesgos_internos.csv,Registros ERP académico,Valor directo de columna repitencia,2026-06-25 11:12:08,87f174cf-db07-4b4a-9e4d-c229aab16e4f,1.0
RI30_deserción,RIESGO_INT,riesgo,deserción,,,E125,NA,NA,1.0,riesgos_internos.csv,Registros ERP académico,Valor directo de columna deserción,2026-06-25 11:12:08,87f174cf-db07-4b4a-9e4d-c229aab16e4f,1.0
RI31_desempeño,RIESGO_INT,riesgo,desempeño,,,E126,NA,NA,0.664,riesgos_internos.csv,Registros ERP académico,Valor directo de columna desempeño,2026-06-25 11:12:08,87f174cf-db07-4b4a-9e4d-c229aab16e4f,1.0
RI31_repitencia,RIESGO_INT,riesgo,repitencia,,,E126,NA,NA,5.0,riesgos_internos.csv,Registros ERP académico,Valor directo de columna repitencia,2026-06-25 11:12:08,87f174cf-db07-4b4a-9e4d-c229aab16e4f,1.0
RI31_deserción,RIESGO_INT,riesgo,deserción,,,E126,NA,NA,1.0,riesgos_internos.csv,Registros ERP académico,Valor directo de columna deserción,2026-06-25 11:12:08,87f174cf-db07-4b4a-9e4d-c229aab16e4f,1.0
RI32_desempeño,RIESGO_INT,riesgo,desempeño,,,E127,NA,NA,0.825,riesgos_internos.csv,Registros ERP académico,Valor directo de columna desempeño,2026-06-25 11:12:08,87f174cf-db07-4b4a-9e4d-c229aab16e4f,1.0
RI32_repitencia,RIESGO_INT,riesgo,repitencia,,,E127,NA,NA,1.0,riesgos_internos.csv,Registros ERP académico,Valor directo de columna repitencia,2026-06-25 11:12:08,87f174cf-db07-4b4a-9e4d-c229aab16e4f,1.0
RI32_deserción,RIESGO_INT,riesgo,deserción,,,E127,NA,NA,0.0,riesgos_internos.csv,Registros ERP académico,Valor directo de columna deserción,2026-06-25 11:12:08,87f174cf-db07-4b4a-9e4d-c229aab16e4f,1.0
RI33_desempeño,RIESGO_INT,riesgo,desempeño,,,E128,NA,NA,0.765,riesgos_internos.csv,Registros ERP académico,Valor directo de columna desempeño,2026-06-25 11:12:08,87f174cf-db07-4b4a-9e4d-c229aab16e4f,1.0
RI33_repitencia,RIESGO_INT,riesgo,repitencia,,,E128,NA,NA,8.0,riesgos_internos.csv,Registros ERP académico,Valor directo de columna repitencia,2026-06-25 11:12:08,87f174cf-db07-4b4a-9e4d-c229aab16e4f,1.0
RI33_deserción,RIESGO_INT,riesgo,deserción,,,E128,NA,NA,0.0,riesgos_internos.csv,Registros ERP académico,Valor directo de columna deserción,2026-06-25 11:12:08,87f174cf-db07-4b4a-9e4d-c229aab16e4f,1.0
RI34_desempeño,RIESGO_INT,riesgo,desempeño,,,E129,NA,NA,0.85,riesgos_internos.csv,Registros ERP académico,Valor directo de columna desempeño,2026-06-25 11:12:08,87f174cf-db07-4b4a-9e4d-c229aab16e4f,1.0
RI34_repitencia,RIESGO_INT,riesgo,repitencia,,,E129,NA,NA,0.0,riesgos_internos.csv,Registros ERP académico,Valor directo de columna repitencia,2026-06-25 11:12:08,87f174cf-db07-4b4a-9e4d-c229aab16e4f,1.0
RI34_deserción,RIESGO_INT,riesgo,deserción,,,E129,NA,NA,0.0,riesgos_internos.csv,Registros ERP académico,Valor directo de columna deserción,2026-06-25 11:12:08,87f174cf-db07-4b4a-9e4d-c229aab16e4f,1.0
RI35_desempeño,RIESGO_INT,riesgo,desempeño,,,E13,NA,NA,0.718,riesgos_internos.csv,Registros ERP académico,Valor directo de columna desempeño,2026-06-25 11:12:08,87f174cf-db07-4b4a-9e4d-c229aab16e4f,1.0
RI35_repitencia,RIESGO_INT,riesgo,repitencia,,,E13,NA,NA,8.0,riesgos_internos.csv,Registros ERP académico,Valor directo de columna repitencia,2026-06-25 11:12:08,87f174cf-db07-4b4a-9e4d-c229aab16e4f,1.0
RI35_deserción,RIESGO_INT,riesgo,deserción,,,E13,NA,NA,1.0,riesgos_internos.csv,Registros ERP académico,Valor directo de columna deserción,2026-06-25 11:12:08,87f174cf-db07-4b4a-9e4d-c229aab16e4f,1.0
RI36_desempeño,RIESGO_INT,riesgo,desempeño,,,E130,NA,NA,0.643,riesgos_internos.csv,Registros ERP académico,Valor directo de columna desempeño,2026-06-25 11:12:08,87f174cf-db07-4b4a-9e4d-c229aab16e4f,1.0
RI36_repitencia,RIESGO_INT,riesgo,repitencia,,,E130,NA,NA,6.0,riesgos_internos.csv,Registros ERP académico,Valor directo de columna repitencia,2026-06-25 11:12:08,87f174cf-db07-4b4a-9e4d-c229aab16e4f,1.0
RI36_deserción,RIESGO_INT,riesgo,deserción,,,E130,NA,NA,1.0,riesgos_internos.csv,Registros ERP académico,Valor directo de columna deserción,2026-06-25 11:12:08,87f174cf-db07-4b4a-9e4d-c229aab16e4f,1.0
RI37_desempeño,RIESGO_INT,riesgo,desempeño,,,E131,NA,NA,0.781,riesgos_internos.csv,Registros ERP académico,Valor directo de columna desempeño,2026-06-25 11:12:08,87f174cf-db07-4b4a-9e4d-c229aab16e4f,1.0
RI37_repitencia,RIESGO_INT,riesgo,repitencia,,,E131,NA,NA,3.0,riesgos_internos.csv,Registros ERP académico,Valor directo de columna repitencia,2026-06-25 11:12:08,87f174cf-db07-4b4a-9e4d-c229aab16e4f,1.0
RI37_deserción,RIESGO_INT,riesgo,deserción,,,E131,NA,NA,0.0,riesgos_internos.csv,Registros ERP académico,Valor directo de columna deserción,2026-06-25 11:12:08,87f174cf-db07-4b4a-9e4d-c229aab16e4f,1.0
RI38_desempeño,RIESGO_INT,riesgo,desempeño,,,E132,NA,NA,0.8,riesgos_internos.csv,Registros ERP académico,Valor directo de columna desempeño,2026-06-25 11:12:08,87f174cf-db07-4b4a-9e4d-c229aab16e4f,1.0
RI38_repitencia,RIESGO_INT,riesgo,repitencia,,,E132,NA,NA,0.0,riesgos_internos.csv,Registros ERP académico,Valor directo de columna repitencia,2026-06-25 11:12:08,87f174cf-db07-4b4a-9e4d-c229aab16e4f,1.0
RI38_deserción,RIESGO_INT,riesgo,deserción,,,E132,NA,NA,0.0,riesgos_internos.csv,Registros ERP académico,Valor directo de columna deserción,2026-06-25 11:12:08,87f174cf-db07-4b4a-9e4d-c229aab16e4f,1.0
RI39_desempeño,RIESGO_INT,riesgo,desempeño,,,E133,NA,NA,0.818,riesgos_internos.csv,Registros ERP académico,Valor directo de columna desempeño,2026-06-25 11:12:08,87f174cf-db07-4b4a-9e4d-c229aab16e4f,1.0
RI39_repitencia,RIESGO_INT,riesgo,repitencia,,,E133,NA,NA,1.0,riesgos_internos.csv,Registros ERP académico,Valor directo de columna repitencia,2026-06-25 11:12:08,87f174cf-db07-4b4a-9e4d-c229aab16e4f,1.0
RI39_deserción,RIESGO_INT,riesgo,deserción,,,E133,NA,NA,0.0,riesgos_internos.csv,Registros ERP académico,Valor directo de columna deserción,2026-06-25 11:12:08,87f174cf-db07-4b4a-9e4d-c229aab16e4f,1.0
RI40_desempeño,RIESGO_INT,riesgo,desempeño,,,E134,NA,NA,0.699,riesgos_internos.csv,Registros ERP académico,Valor directo de columna desempeño,2026-06-25 11:12:08,87f174cf-db07-4b4a-9e4d-c229aab16e4f,1.0
RI40_repitencia,RIESGO_INT,riesgo,repitencia,,,E134,NA,NA,7.0,riesgos_internos.csv,Registros ERP académico,Valor directo de columna repitencia,2026-06-25 11:12:08,87f174cf-db07-4b4a-9e4d-c229aab16e4f,1.0
RI40_deserción,RIESGO_INT,riesgo,deserción,,,E134,NA,NA,0.0,riesgos_internos.csv,Registros ERP académico,Valor directo de columna deserción,2026-06-25 11:12:08,87f174cf-db07-4b4a-9e4d-c229aab16e4f,1.0
RI41_desempeño,RIESGO_INT,riesgo,desempeño,,,E135,NA,NA,0.749,riesgos_internos.csv,Registros ERP académico,Valor directo de columna desempeño,2026-06-25 11:12:08,87f174cf-db07-4b4a-9e4d-c229aab16e4f,1.0
RI41_repitencia,RIESGO_INT,riesgo,repitencia,,,E135,NA,NA,13.0,riesgos_internos.csv,Registros ERP académico,Valor directo de columna repitencia,2026-06-25 11:12:08,87f174cf-db07-4b4a-9e4d-c229aab16e4f,1.0
RI41_deserción,RIESGO_INT,riesgo,deserción,,,E135,NA,NA,0.0,riesgos_internos.csv,Registros ERP académico,Valor directo de columna deserción,2026-06-25 11:12:08,87f174cf-db07-4b4a-9e4d-c229aab16e4f,1.0
RI42_desempeño,RIESGO_INT,riesgo,desempeño,,,E136,NA,NA,0.695,riesgos_internos.csv,Registros ERP académico,Valor directo de columna desempeño,2026-06-25 11:12:08,87f174cf-db07-4b4a-9e4d-c229aab16e4f,1.0
RI42_repitencia,RIESGO_INT,riesgo,repitencia,,,E136,NA,NA,5.0,riesgos_internos.csv,Registros ERP académico,Valor directo de columna repitencia,2026-06-25 11:12:08,87f174cf-db07-4b4a-9e4d-c229aab16e4f,1.0
RI42_deserción,RIESGO_INT,riesgo,deserción,,,E136,NA,NA,1.0,riesgos_internos.csv,Registros ERP académico,Valor directo de columna deserción,2026-06-25 11:12:08,87f174cf-db07-4b4a-9e4d-c229aab16e4f,1.0
RI43_desempeño,RIESGO_INT,riesgo,desempeño,,,E137,NA,NA,0.792,riesgos_internos.csv,Registros ERP académico,Valor directo de columna desempeño,2026-06-25 11:12:08,87f174cf-db07-4b4a-9e4d-c229aab16e4f,1.0
RI43_repitencia,RIESGO_INT,riesgo,repitencia,,,E137,NA,NA,0.0,riesgos_internos.csv,Registros ERP académico,Valor directo de columna repitencia,2026-06-25 11:12:08,87f174cf-db07-4b4a-9e4d-c229aab16e4f,1.0
RI43_deserción,RIESGO_INT,riesgo,deserción,,,E137,NA,NA,0.0,riesgos_internos.csv,Registros ERP académico,Valor directo de columna deserción,2026-06-25 11:12:08,87f174cf-db07-4b4a-9e4d-c229aab16e4f,1.0
RI44_desempeño,RIESGO_INT,riesgo,desempeño,,,E138,NA,NA,0.641,riesgos_internos.csv,Registros ERP académico,Valor directo de columna desempeño,2026-06-25 11:12:08,87f174cf-db07-4b4a-9e4d-c229aab16e4f,1.0
RI44_repitencia,RIESGO_INT,riesgo,repitencia,,,E138,NA,NA,7.0,riesgos_internos.csv,Registros ERP académico,Valor directo de columna repitencia,2026-06-25 11:12:08,87f174cf-db07-4b4a-9e4d-c229aab16e4f,1.0
RI44_deserción,RIESGO_INT,riesgo,deserción,,,E138,NA,NA,1.0,riesgos_internos.csv,Registros ERP académico,Valor directo de columna deserción,2026-06-25 11:12:08,87f174cf-db07-4b4a-9e4d-c229aab16e4f,1.0
RI45_desempeño,RIESGO_INT,riesgo,desempeño,,,E139,NA,NA,0.625,riesgos_internos.csv,Registros ERP académico,Valor directo de columna desempeño,2026-06-25 11:12:08,87f174cf-db07-4b4a-9e4d-c229aab16e4f,1.0
RI45_repitencia,RIESGO_INT,riesgo,repitencia,,,E139,NA,NA,7.0,riesgos_internos.csv,Registros ERP académico,Valor directo de columna repitencia,2026-06-25 11:12:08,87f174cf-db07-4b4a-9e4d-c229aab16e4f,1.0
RI45_deserción,RIESGO_INT,riesgo,deserción,,,E139,NA,NA,1.0,riesgos_internos.csv,Registros ERP académico,Valor directo de columna deserción,2026-06-25 11:12:08,87f174cf-db07-4b4a-9e4d-c229aab16e4f,1.0
RI46_desempeño,RIESGO_INT,riesgo,desempeño,,,E14,NA,NA,0.759,riesgos_internos.csv,Registros ERP académico,Valor directo de columna desempeño,2026-06-25 11:12:08,87f174cf-db07-4b4a-9e4d-c229aab16e4f,1.0
RI46_repitencia,RIESGO_INT,riesgo,repitencia,,,E14,NA,NA,6.0,riesgos_internos.csv,Registros ERP académico,Valor directo de columna repitencia,2026-06-25 11:12:08,87f174cf-db07-4b4a-9e4d-c229aab16e4f,1.0
RI46_deserción,RIESGO_INT,riesgo,deserción,,,E14,NA,NA,0.0,riesgos_internos.csv,Registros ERP académico,Valor directo de columna deserción,2026-06-25 11:12:08,87f174cf-db07-4b4a-9e4d-c229aab16e4f,1.0
RI47_desempeño,RIESGO_INT,riesgo,desempeño,,,E140,NA,NA,0.678,riesgos_internos.csv,Registros ERP académico,Valor directo de columna desempeño,2026-06-25 11:12:08,87f174cf-db07-4b4a-9e4d-c229aab16e4f,1.0
RI47_repitencia,RIESGO_INT,riesgo,repitencia,,,E140,NA,NA,5.0,riesgos_internos.csv,Registros ERP académico,Valor directo de columna repitencia,2026-06-25 11:12:08,87f174cf-db07-4b4a-9e4d-c229aab16e4f,1.0
RI47_deserción,RIESGO_INT,riesgo,deserción,,,E140,NA,NA,1.0,riesgos_internos.csv,Registros ERP académico,Valor directo de columna deserción,2026-06-25 11:12:08,87f174cf-db07-4b4a-9e4d-c229aab16e4f,1.0
RI48_desempeño,RIESGO_INT,riesgo,desempeño,,,E141,NA,NA,0.653,riesgos_internos.csv,Registros ERP académico,Valor directo de columna desempeño,2026-06-25 11:12:08,87f174cf-db07-4b4a-9e4d-c229aab16e4f,1.0
RI48_repitencia,RIESGO_INT,riesgo,repitencia,,,E141,NA,NA,4.0,riesgos_internos.csv,Registros ERP académico,Valor directo de columna repitencia,2026-06-25 11:12:08,87f174cf-db07-4b4a-9e4d-c229aab16e4f,1.0
RI48_deserción,RIESGO_INT,riesgo,deserción,,,E141,NA,NA,1.0,riesgos_internos.csv,Registros ERP académico,Valor directo de columna deserción,2026-06-25 11:12:08,87f174cf-db07-4b4a-9e4d-c229aab16e4f,1.0
RI49_desempeño,RIESGO_INT,riesgo,desempeño,,,E142,NA,NA,0.624,riesgos_internos.csv,Registros ERP académico,Valor directo de columna desempeño,2026-06-25 11:12:08,87f174cf-db07-4b4a-9e4d-c229aab16e4f,1.0
RI49_repitencia,RIESGO_INT,riesgo,repitencia,,,E142,NA,NA,7.0,riesgos_internos.csv,Registros ERP académico,Valor directo de columna repitencia,2026-06-25 11:12:08,87f174cf-db07-4b4a-9e4d-c229aab16e4f,1.0
RI49_deserción,RIESGO_INT,riesgo,deserción,,,E142,NA,NA,1.0,riesgos_internos.csv,Registros ERP académico,Valor directo de columna deserción,2026-06-25 11:12:08,87f174cf-db07-4b4a-9e4d-c229aab16e4f,1.0
RI50_desempeño,RIESGO_INT,riesgo,desempeño,,,E143,NA,NA,0.797,riesgos_internos.csv,Registros ERP académico,Valor directo de columna desempeño,2026-06-25 11:12:08,87f174cf-db07-4b4a-9e4d-c229aab16e4f,1.0
RI50_repitencia,RIESGO_INT,riesgo,repitencia,,,E143,NA,NA,2.0,riesgos_internos.csv,Registros ERP académico,Valor directo de columna repitencia,2026-06-25 11:12:08,87f174cf-db07-4b4a-9e4d-c229aab16e4f,1.0
RI50_deserción,RIESGO_INT,riesgo,deserción,,,E143,NA,NA,0.0,riesgos_internos.csv,Registros ERP académico,Valor directo de columna deserción,2026-06-25 11:12:08,87f174cf-db07-4b4a-9e4d-c229aab16e4f,1.0
RI51_desempeño,RIESGO_INT,riesgo,desempeño,,,E144,NA,NA,0.772,riesgos_internos.csv,Registros ERP académico,Valor directo de columna desempeño,2026-06-25 11:12:08,87f174cf-db07-4b4a-9e4d-c229aab16e4f,1.0
RI51_repitencia,RIESGO_INT,riesgo,repitencia,,,E144,NA,NA,2.0,riesgos_internos.csv,Registros ERP académico,Valor directo de columna repitencia,2026-06-25 11:12:08,87f174cf-db07-4b4a-9e4d-c229aab16e4f,1.0
RI51_deserción,RIESGO_INT,riesgo,deserción,,,E144,NA,NA,1.0,riesgos_internos.csv,Registros ERP académico,Valor directo de columna deserción,2026-06-25 11:12:08,87f174cf-db07-4b4a-9e4d-c229aab16e4f,1.0
RI52_desempeño,RIESGO_INT,riesgo,desempeño,,,E145,NA,NA,0.666,riesgos_internos.csv,Registros ERP académico,Valor directo de columna desempeño,2026-06-25 11:12:08,87f174cf-db07-4b4a-9e4d-c229aab16e4f,1.0
RI52_repitencia,RIESGO_INT,riesgo,repitencia,,,E145,NA,NA,6.0,riesgos_internos.csv,Registros ERP académico,Valor directo de columna repitencia,2026-06-25 11:12:08,87f174cf-db07-4b4a-9e4d-c229aab16e4f,1.0
RI52_deserción,RIESGO_INT,riesgo,deserción,,,E145,NA,NA,1.0,riesgos_internos.csv,Registros ERP académico,Valor directo de columna deserción,2026-06-25 11:12:08,87f174cf-db07-4b4a-9e4d-c229aab16e4f,1.0
RI53_desempeño,RIESGO_INT,riesgo,desempeño,,,E146,NA,NA,0.712,riesgos_internos.csv,Registros ERP académico,Valor directo de columna desempeño,2026-06-25 11:12:08,87f174cf-db07-4b4a-9e4d-c229aab16e4f,1.0
RI53_repitencia,RIESGO_INT,riesgo,repitencia,,,E146,NA,NA,5.0,riesgos_internos.csv,Registros ERP académico,Valor directo de columna repitencia,2026-06-25 11:12:08,87f174cf-db07-4b4a-9e4d-c229aab16e4f,1.0
RI53_deserción,RIESGO_INT,riesgo,deserción,,,E146,NA,NA,0.0,riesgos_internos.csv,Registros ERP académico,Valor directo de columna deserción,2026-06-25 11:12:08,87f174cf-db07-4b4a-9e4d-c229aab16e4f,1.0
RI54_desempeño,RIESGO_INT,riesgo,desempeño,,,E147,NA,NA,0.807,riesgos_internos.csv,Registros ERP académico,Valor directo de columna desempeño,2026-06-25 11:12:08,87f174cf-db07-4b4a-9e4d-c229aab16e4f,1.0
RI54_repitencia,RIESGO_INT,riesgo,repitencia,,,E147,NA,NA,5.0,riesgos_internos.csv,Registros ERP académico,Valor directo de columna repitencia,2026-06-25 11:12:08,87f174cf-db07-4b4a-9e4d-c229aab16e4f,1.0
RI54_deserción,RIESGO_INT,riesgo,deserción,,,E147,NA,NA,0.0,riesgos_internos.csv,Registros ERP académico,Valor directo de columna deserción,2026-06-25 11:12:08,87f174cf-db07-4b4a-9e4d-c229aab16e4f,1.0
RI55_desempeño,RIESGO_INT,riesgo,desempeño,,,E148,NA,NA,0.83,riesgos_internos.csv,Registros ERP académico,Valor directo de columna desempeño,2026-06-25 11:12:08,87f174cf-db07-4b4a-9e4d-c229aab16e4f,1.0
RI55_repitencia,RIESGO_INT,riesgo,repitencia,,,E148,NA,NA,0.0,riesgos_internos.csv,Registros ERP académico,Valor directo de columna repitencia,2026-06-25 11:12:08,87f174cf-db07-4b4a-9e4d-c229aab16e4f,1.0
RI55_deserción,RIESGO_INT,riesgo,deserción,,,E148,NA,NA,0.0,riesgos_internos.csv,Registros ERP académico,Valor directo de columna deserción,2026-06-25 11:12:08,87f174cf-db07-4b4a-9e4d-c229aab16e4f,1.0
RI56_desempeño,RIESGO_INT,riesgo,desempeño,,,E149,NA,NA,0.672,riesgos_internos.csv,Registros ERP académico,Valor directo de columna desempeño,2026-06-25 11:12:08,87f174cf-db07-4b4a-9e4d-c229aab16e4f,1.0
RI56_repitencia,RIESGO_INT,riesgo,repitencia,,,E149,NA,NA,7.0,riesgos_internos.csv,Registros ERP académico,Valor directo de columna repitencia,2026-06-25 11:12:08,87f174cf-db07-4b4a-9e4d-c229aab16e4f,1.0
RI56_deserción,RIESGO_INT,riesgo,deserción,,,E149,NA,NA,1.0,riesgos_internos.csv,Registros ERP académico,Valor directo de columna deserción,2026-06-25 11:12:08,87f174cf-db07-4b4a-9e4d-c229aab16e4f,1.0
RI57_desempeño,RIESGO_INT,riesgo,desempeño,,,E15,NA,NA,0.592,riesgos_internos.csv,Registros ERP académico,Valor directo de columna desempeño,2026-06-25 11:12:08,87f174cf-db07-4b4a-9e4d-c229aab16e4f,1.0
RI57_repitencia,RIESGO_INT,riesgo,repitencia,,,E15,NA,NA,7.0,riesgos_internos.csv,Registros ERP académico,Valor directo de columna repitencia,2026-06-25 11:12:08,87f174cf-db07-4b4a-9e4d-c229aab16e4f,1.0
RI57_deserción,RIESGO_INT,riesgo,deserción,,,E15,NA,NA,1.0,riesgos_internos.csv,Registros ERP académico,Valor directo de columna deserción,2026-06-25 11:12:08,87f174cf-db07-4b4a-9e4d-c229aab16e4f,1.0
RI58_desempeño,RIESGO_INT,riesgo,desempeño,,,E150,NA,NA,0.718,riesgos_internos.csv,Registros ERP académico,Valor directo de columna desempeño,2026-06-25 11:12:08,87f174cf-db07-4b4a-9e4d-c229aab16e4f,1.0
RI58_repitencia,RIESGO_INT,riesgo,repitencia,,,E150,NA,NA,6.0,riesgos_internos.csv,Registros ERP académico,Valor directo de columna repitencia,2026-06-25 11:12:08,87f174cf-db07-4b4a-9e4d-c229aab16e4f,1.0
RI58_deserción,RIESGO_INT,riesgo,deserción,,,E150,NA,NA,1.0,riesgos_internos.csv,Registros ERP académico,Valor directo de columna deserción,2026-06-25 11:12:08,87f174cf-db07-4b4a-9e4d-c229aab16e4f,1.0
RI59_desempeño,RIESGO_INT,riesgo,desempeño,,,E151,NA,NA,0.811,riesgos_internos.csv,Registros ERP académico,Valor directo de columna desempeño,2026-06-25 11:12:08,87f174cf-db07-4b4a-9e4d-c229aab16e4f,1.0
RI59_repitencia,RIESGO_INT,riesgo,repitencia,,,E151,NA,NA,3.0,riesgos_internos.csv,Registros ERP académico,Valor directo de columna repitencia,2026-06-25 11:12:08,87f174cf-db07-4b4a-9e4d-c229aab16e4f,1.0
RI59_deserción,RIESGO_INT,riesgo,deserción,,,E151,NA,NA,0.0,riesgos_internos.csv,Registros ERP académico,Valor directo de columna deserción,2026-06-25 11:12:08,87f174cf-db07-4b4a-9e4d-c229aab16e4f,1.0
RI60_desempeño,RIESGO_INT,riesgo,desempeño,,,E152,NA,NA,0.815,riesgos_internos.csv,Registros ERP académico,Valor directo de columna desempeño,2026-06-25 11:12:08,87f174cf-db07-4b4a-9e4d-c229aab16e4f,1.0
RI60_repitencia,RIESGO_INT,riesgo,repitencia,,,E152,NA,NA,2.0,riesgos_internos.csv,Registros ERP académico,Valor directo de columna repitencia,2026-06-25 11:12:08,87f174cf-db07-4b4a-9e4d-c229aab16e4f,1.0
RI60_deserción,RIESGO_INT,riesgo,deserción,,,E152,NA,NA,0.0,riesgos_internos.csv,Registros ERP académico,Valor directo de columna deserción,2026-06-25 11:12:08,87f174cf-db07-4b4a-9e4d-c229aab16e4f,1.0
RI61_desempeño,RIESGO_INT,riesgo,desempeño,,,E153,NA,NA,0.832,riesgos_internos.csv,Registros ERP académico,Valor directo de columna desempeño,2026-06-25 11:12:08,87f174cf-db07-4b4a-9e4d-c229aab16e4f,1.0
RI61_repitencia,RIESGO_INT,riesgo,repitencia,,,E153,NA,NA,0.0,riesgos_internos.csv,Registros ERP académico,Valor directo de columna repitencia,2026-06-25 11:12:08,87f174cf-db07-4b4a-9e4d-c229aab16e4f,1.0
RI61_deserción,RIESGO_INT,riesgo,deserción,,,E153,NA,NA,0.0,riesgos_internos.csv,Registros ERP académico,Valor directo de columna deserción,2026-06-25 11:12:08,87f174cf-db07-4b4a-9e4d-c229aab16e4f,1.0
RI62_desempeño,RIESGO_INT,riesgo,desempeño,,,E154,NA,NA,0.69,riesgos_internos.csv,Registros ERP académico,Valor directo de columna desempeño,2026-06-25 11:12:08,87f174cf-db07-4b4a-9e4d-c229aab16e4f,1.0
RI62_repitencia,RIESGO_INT,riesgo,repitencia,,,E154,NA,NA,5.0,riesgos_internos.csv,Registros ERP académico,Valor directo de columna repitencia,2026-06-25 11:12:08,87f174cf-db07-4b4a-9e4d-c229aab16e4f,1.0
RI62_deserción,RIESGO_INT,riesgo,deserción,,,E154,NA,NA,1.0,riesgos_internos.csv,Registros ERP académico,Valor directo de columna deserción,2026-06-25 11:12:08,87f174cf-db07-4b4a-9e4d-c229aab16e4f,1.0
RI63_desempeño,RIESGO_INT,riesgo,desempeño,,,E155,NA,NA,0.716,riesgos_internos.csv,Registros ERP académico,Valor directo de columna desempeño,2026-06-25 11:12:08,87f174cf-db07-4b4a-9e4d-c229aab16e4f,1.0
RI63_repitencia,RIESGO_INT,riesgo,repitencia,,,E155,NA,NA,7.0,riesgos_internos.csv,Registros ERP académico,Valor directo de columna repitencia,2026-06-25 11:12:08,87f174cf-db07-4b4a-9e4d-c229aab16e4f,1.0
RI63_deserción,RIESGO_INT,riesgo,deserción,,,E155,NA,NA,1.0,riesgos_internos.csv,Registros ERP académico,Valor directo de columna deserción,2026-06-25 11:12:08,87f174cf-db07-4b4a-9e4d-c229aab16e4f,1.0
RI64_desempeño,RIESGO_INT,riesgo,desempeño,,,E156,NA,NA,0.687,riesgos_internos.csv,Registros ERP académico,Valor directo de columna desempeño,2026-06-25 11:12:08,87f174cf-db07-4b4a-9e4d-c229aab16e4f,1.0
RI64_repitencia,RIESGO_INT,riesgo,repitencia,,,E156,NA,NA,11.0,riesgos_internos.csv,Registros ERP académico,Valor directo de columna repitencia,2026-06-25 11:12:08,87f174cf-db07-4b4a-9e4d-c229aab16e4f,1.0
RI64_deserción,RIESGO_INT,riesgo,deserción,,,E156,NA,NA,1.0,riesgos_internos.csv,Registros ERP académico,Valor directo de columna deserción,2026-06-25 11:12:08,87f174cf-db07-4b4a-9e4d-c229aab16e4f,1.0
RI65_desempeño,RIESGO_INT,riesgo,desempeño,,,E157,NA,NA,0.656,riesgos_internos.csv,Registros ERP académico,Valor directo de columna desempeño,2026-06-25 11:12:08,87f174cf-db07-4b4a-9e4d-c229aab16e4f,1.0
RI65_repitencia,RIESGO_INT,riesgo,repitencia,,,E157,NA,NA,6.0,riesgos_internos.csv,Registros ERP académico,Valor directo de columna repitencia,2026-06-25 11:12:08,87f174cf-db07-4b4a-9e4d-c229aab16e4f,1.0
RI65_deserción,RIESGO_INT,riesgo,deserción,,,E157,NA,NA,1.0,riesgos_internos.csv,Registros ERP académico,Valor directo de columna deserción,2026-06-25 11:12:08,87f174cf-db07-4b4a-9e4d-c229aab16e4f,1.0
RI66_desempeño,RIESGO_INT,riesgo,desempeño,,,E158,NA,NA,0.799,riesgos_internos.csv,Registros ERP académico,Valor directo de columna desempeño,2026-06-25 11:12:08,87f174cf-db07-4b4a-9e4d-c229aab16e4f,1.0
RI66_repitencia,RIESGO_INT,riesgo,repitencia,,,E158,NA,NA,2.0,riesgos_internos.csv,Registros ERP académico,Valor directo de columna repitencia,2026-06-25 11:12:08,87f174cf-db07-4b4a-9e4d-c229aab16e4f,1.0
RI66_deserción,RIESGO_INT,riesgo,deserción,,,E158,NA,NA,0.0,riesgos_internos.csv,Registros ERP académico,Valor directo de columna deserción,2026-06-25 11:12:08,87f174cf-db07-4b4a-9e4d-c229aab16e4f,1.0
RI67_desempeño,RIESGO_INT,riesgo,desempeño,,,E159,NA,NA,0.682,riesgos_internos.csv,Registros ERP académico,Valor directo de columna desempeño,2026-06-25 11:12:08,87f174cf-db07-4b4a-9e4d-c229aab16e4f,1.0
RI67_repitencia,RIESGO_INT,riesgo,repitencia,,,E159,NA,NA,4.0,riesgos_internos.csv,Registros ERP académico,Valor directo de columna repitencia,2026-06-25 11:12:08,87f174cf-db07-4b4a-9e4d-c229aab16e4f,1.0
RI67_deserción,RIESGO_INT,riesgo,deserción,,,E159,NA,NA,1.0,riesgos_internos.csv,Registros ERP académico,Valor directo de columna deserción,2026-06-25 11:12:08,87f174cf-db07-4b4a-9e4d-c229aab16e4f,1.0
RI68_desempeño,RIESGO_INT,riesgo,desempeño,,,E16,NA,NA,0.626,riesgos_internos.csv,Registros ERP académico,Valor directo de columna desempeño,2026-06-25 11:12:08,87f174cf-db07-4b4a-9e4d-c229aab16e4f,1.0
RI68_repitencia,RIESGO_INT,riesgo,repitencia,,,E16,NA,NA,7.0,riesgos_internos.csv,Registros ERP académico,Valor directo de columna repitencia,2026-06-25 11:12:08,87f174cf-db07-4b4a-9e4d-c229aab16e4f,1.0
RI68_deserción,RIESGO_INT,riesgo,deserción,,,E16,NA,NA,1.0,riesgos_internos.csv,Registros ERP académico,Valor directo de columna deserción,2026-06-25 11:12:08,87f174cf-db07-4b4a-9e4d-c229aab16e4f,1.0
RI69_desempeño,RIESGO_INT,riesgo,desempeño,,,E160,NA,NA,0.782,riesgos_internos.csv,Registros ERP académico,Valor directo de columna desempeño,2026-06-25 11:12:08,87f174cf-db07-4b4a-9e4d-c229aab16e4f,1.0
RI69_repitencia,RIESGO_INT,riesgo,repitencia,,,E160,NA,NA,0.0,riesgos_internos.csv,Registros ERP académico,Valor directo de columna repitencia,2026-06-25 11:12:08,87f174cf-db07-4b4a-9e4d-c229aab16e4f,1.0
RI69_deserción,RIESGO_INT,riesgo,deserción,,,E160,NA,NA,0.0,riesgos_internos.csv,Registros ERP académico,Valor directo de columna deserción,2026-06-25 11:12:08,87f174cf-db07-4b4a-9e4d-c229aab16e4f,1.0
RI70_desempeño,RIESGO_INT,riesgo,desempeño,,,E161,NA,NA,0.805,riesgos_internos.csv,Registros ERP académico,Valor directo de columna desempeño,2026-06-25 11:12:08,87f174cf-db07-4b4a-9e4d-c229aab16e4f,1.0
RI70_repitencia,RIESGO_INT,riesgo,repitencia,,,E161,NA,NA,0.0,riesgos_internos.csv,Registros ERP académico,Valor directo de columna repitencia,2026-06-25 11:12:08,87f174cf-db07-4b4a-9e4d-c229aab16e4f,1.0
RI70_deserción,RIESGO_INT,riesgo,deserción,,,E161,NA,NA,0.0,riesgos_internos.csv,Registros ERP académico,Valor directo de columna deserción,2026-06-25 11:12:08,87f174cf-db07-4b4a-9e4d-c229aab16e4f,1.0
RI71_desempeño,RIESGO_INT,riesgo,desempeño,,,E162,NA,NA,0.742,riesgos_internos.csv,Registros ERP académico,Valor directo de columna desempeño,2026-06-25 11:12:08,87f174cf-db07-4b4a-9e4d-c229aab16e4f,1.0
RI71_repitencia,RIESGO_INT,riesgo,repitencia,,,E162,NA,NA,17.0,riesgos_internos.csv,Registros ERP académico,Valor directo de columna repitencia,2026-06-25 11:12:08,87f174cf-db07-4b4a-9e4d-c229aab16e4f,1.0
RI71_deserción,RIESGO_INT,riesgo,deserción,,,E162,NA,NA,0.0,riesgos_internos.csv,Registros ERP académico,Valor directo de columna deserción,2026-06-25 11:12:08,87f174cf-db07-4b4a-9e4d-c229aab16e4f,1.0
RI72_desempeño,RIESGO_INT,riesgo,desempeño,,,E163,NA,NA,0.778,riesgos_internos.csv,Registros ERP académico,Valor directo de columna desempeño,2026-06-25 11:12:08,87f174cf-db07-4b4a-9e4d-c229aab16e4f,1.0
RI72_repitencia,RIESGO_INT,riesgo,repitencia,,,E163,NA,NA,3.0,riesgos_internos.csv,Registros ERP académico,Valor directo de columna repitencia,2026-06-25 11:12:08,87f174cf-db07-4b4a-9e4d-c229aab16e4f,1.0
RI72_deserción,RIESGO_INT,riesgo,deserción,,,E163,NA,NA,0.0,riesgos_internos.csv,Registros ERP académico,Valor directo de columna deserción,2026-06-25 11:12:08,87f174cf-db07-4b4a-9e4d-c229aab16e4f,1.0
RI73_desempeño,RIESGO_INT,riesgo,desempeño,,,E164,NA,NA,0.77,riesgos_internos.csv,Registros ERP académico,Valor directo de columna desempeño,2026-06-25 11:12:08,87f174cf-db07-4b4a-9e4d-c229aab16e4f,1.0
RI73_repitencia,RIESGO_INT,riesgo,repitencia,,,E164,NA,NA,3.0,riesgos_internos.csv,Registros ERP académico,Valor directo de columna repitencia,2026-06-25 11:12:08,87f174cf-db07-4b4a-9e4d-c229aab16e4f,1.0
RI73_deserción,RIESGO_INT,riesgo,deserción,,,E164,NA,NA,1.0,riesgos_internos.csv,Registros ERP académico,Valor directo de columna deserción,2026-06-25 11:12:08,87f174cf-db07-4b4a-9e4d-c229aab16e4f,1.0
RI74_desempeño,RIESGO_INT,riesgo,desempeño,,,E165,NA,NA,0.817,riesgos_internos.csv,Registros ERP académico,Valor directo de columna desempeño,2026-06-25 11:12:08,87f174cf-db07-4b4a-9e4d-c229aab16e4f,1.0
RI74_repitencia,RIESGO_INT,riesgo,repitencia,,,E165,NA,NA,0.0,riesgos_internos.csv,Registros ERP académico,Valor directo de columna repitencia,2026-06-25 11:12:08,87f174cf-db07-4b4a-9e4d-c229aab16e4f,1.0
RI74_deserción,RIESGO_INT,riesgo,deserción,,,E165,NA,NA,0.0,riesgos_internos.csv,Registros ERP académico,Valor directo de columna deserción,2026-06-25 11:12:08,87f174cf-db07-4b4a-9e4d-c229aab16e4f,1.0
RI75_desempeño,RIESGO_INT,riesgo,desempeño,,,E166,NA,NA,0.753,riesgos_internos.csv,Registros ERP académico,Valor directo de columna desempeño,2026-06-25 11:12:08,87f174cf-db07-4b4a-9e4d-c229aab16e4f,1.0
RI75_repitencia,RIESGO_INT,riesgo,repitencia,,,E166,NA,NA,13.0,riesgos_internos.csv,Registros ERP académico,Valor directo de columna repitencia,2026-06-25 11:12:08,87f174cf-db07-4b4a-9e4d-c229aab16e4f,1.0
RI75_deserción,RIESGO_INT,riesgo,deserción,,,E166,NA,NA,0.0,riesgos_internos.csv,Registros ERP académico,Valor directo de columna deserción,2026-06-25 11:12:08,87f174cf-db07-4b4a-9e4d-c229aab16e4f,1.0
RI76_desempeño,RIESGO_INT,riesgo,desempeño,,,E167,NA,NA,0.638,riesgos_internos.csv,Registros ERP académico,Valor directo de columna desempeño,2026-06-25 11:12:08,87f174cf-db07-4b4a-9e4d-c229aab16e4f,1.0
RI76_repitencia,RIESGO_INT,riesgo,repitencia,,,E167,NA,NA,5.0,riesgos_internos.csv,Registros ERP académico,Valor directo de columna repitencia,2026-06-25 11:12:08,87f174cf-db07-4b4a-9e4d-c229aab16e4f,1.0
RI76_deserción,RIESGO_INT,riesgo,deserción,,,E167,NA,NA,1.0,riesgos_internos.csv,Registros ERP académico,Valor directo de columna deserción,2026-06-25 11:12:08,87f174cf-db07-4b4a-9e4d-c229aab16e4f,1.0
RI77_desempeño,RIESGO_INT,riesgo,desempeño,,,E168,NA,NA,0.592,riesgos_internos.csv,Registros ERP académico,Valor directo de columna desempeño,2026-06-25 11:12:08,87f174cf-db07-4b4a-9e4d-c229aab16e4f,1.0
RI77_repitencia,RIESGO_INT,riesgo,repitencia,,,E168,NA,NA,7.0,riesgos_internos.csv,Registros ERP académico,Valor directo de columna repitencia,2026-06-25 11:12:08,87f174cf-db07-4b4a-9e4d-c229aab16e4f,1.0
RI77_deserción,RIESGO_INT,riesgo,deserción,,,E168,NA,NA,1.0,riesgos_internos.csv,Registros ERP académico,Valor directo de columna deserción,2026-06-25 11:12:08,87f174cf-db07-4b4a-9e4d-c229aab16e4f,1.0
RI78_desempeño,RIESGO_INT,riesgo,desempeño,,,E169,NA,NA,0.617,riesgos_internos.csv,Registros ERP académico,Valor directo de columna desempeño,2026-06-25 11:12:08,87f174cf-db07-4b4a-9e4d-c229aab16e4f,1.0
RI78_repitencia,RIESGO_INT,riesgo,repitencia,,,E169,NA,NA,6.0,riesgos_internos.csv,Registros ERP académico,Valor directo de columna repitencia,2026-06-25 11:12:08,87f174cf-db07-4b4a-9e4d-c229aab16e4f,1.0
RI78_deserción,RIESGO_INT,riesgo,deserción,,,E169,NA,NA,1.0,riesgos_internos.csv,Registros ERP académico,Valor directo de columna deserción,2026-06-25 11:12:08,87f174cf-db07-4b4a-9e4d-c229aab16e4f,1.0
RI79_desempeño,RIESGO_INT,riesgo,desempeño,,,E17,NA,NA,0.673,riesgos_internos.csv,Registros ERP académico,Valor directo de columna desempeño,2026-06-25 11:12:08,87f174cf-db07-4b4a-9e4d-c229aab16e4f,1.0
RI79_repitencia,RIESGO_INT,riesgo,repitencia,,,E17,NA,NA,8.0,riesgos_internos.csv,Registros ERP académico,Valor directo de columna repitencia,2026-06-25 11:12:08,87f174cf-db07-4b4a-9e4d-c229aab16e4f,1.0
RI79_deserción,RIESGO_INT,riesgo,deserción,,,E17,NA,NA,1.0,riesgos_internos.csv,Registros ERP académico,Valor directo de columna deserción,2026-06-25 11:12:08,87f174cf-db07-4b4a-9e4d-c229aab16e4f,1.0
RI80_desempeño,RIESGO_INT,riesgo,desempeño,,,E170,NA,NA,0.809,riesgos_internos.csv,Registros ERP académico,Valor directo de columna desempeño,2026-06-25 11:12:08,87f174cf-db07-4b4a-9e4d-c229aab16e4f,1.0
RI80_repitencia,RIESGO_INT,riesgo,repitencia,,,E170,NA,NA,1.0,riesgos_internos.csv,Registros ERP académico,Valor directo de columna repitencia,2026-06-25 11:12:08,87f174cf-db07-4b4a-9e4d-c229aab16e4f,1.0
RI80_deserción,RIESGO_INT,riesgo,deserción,,,E170,NA,NA,0.0,riesgos_internos.csv,Registros ERP académico,Valor directo de columna deserción,2026-06-25 11:12:08,87f174cf-db07-4b4a-9e4d-c229aab16e4f,1.0
RI81_desempeño,RIESGO_INT,riesgo,desempeño,,,E171,NA,NA,0.644,riesgos_internos.csv,Registros ERP académico,Valor directo de columna desempeño,2026-06-25 11:12:08,87f174cf-db07-4b4a-9e4d-c229aab16e4f,1.0
RI81_repitencia,RIESGO_INT,riesgo,repitencia,,,E171,NA,NA,6.0,riesgos_internos.csv,Registros ERP académico,Valor directo de columna repitencia,2026-06-25 11:12:08,87f174cf-db07-4b4a-9e4d-c229aab16e4f,1.0
RI81_deserción,RIESGO_INT,riesgo,deserción,,,E171,NA,NA,1.0,riesgos_internos.csv,Registros ERP académico,Valor directo de columna deserción,2026-06-25 11:12:08,87f174cf-db07-4b4a-9e4d-c229aab16e4f,1.0
RI82_desempeño,RIESGO_INT,riesgo,desempeño,,,E172,NA,NA,0.622,riesgos_internos.csv,Registros ERP académico,Valor directo de columna desempeño,2026-06-25 11:12:08,87f174cf-db07-4b4a-9e4d-c229aab16e4f,1.0
RI82_repitencia,RIESGO_INT,riesgo,repitencia,,,E172,NA,NA,6.0,riesgos_internos.csv,Registros ERP académico,Valor directo de columna repitencia,2026-06-25 11:12:08,87f174cf-db07-4b4a-9e4d-c229aab16e4f,1.0
RI82_deserción,RIESGO_INT,riesgo,deserción,,,E172,NA,NA,1.0,riesgos_internos.csv,Registros ERP académico,Valor directo de columna deserción,2026-06-25 11:12:08,87f174cf-db07-4b4a-9e4d-c229aab16e4f,1.0
RI83_desempeño,RIESGO_INT,riesgo,desempeño,,,E173,NA,NA,0.749,riesgos_internos.csv,Registros ERP académico,Valor directo de columna desempeño,2026-06-25 11:12:08,87f174cf-db07-4b4a-9e4d-c229aab16e4f,1.0
RI83_repitencia,RIESGO_INT,riesgo,repitencia,,,E173,NA,NA,9.0,riesgos_internos.csv,Registros ERP académico,Valor directo de columna repitencia,2026-06-25 11:12:08,87f174cf-db07-4b4a-9e4d-c229aab16e4f,1.0
RI83_deserción,RIESGO_INT,riesgo,deserción,,,E173,NA,NA,0.0,riesgos_internos.csv,Registros ERP académico,Valor directo de columna deserción,2026-06-25 11:12:08,87f174cf-db07-4b4a-9e4d-c229aab16e4f,1.0
RI84_desempeño,RIESGO_INT,riesgo,desempeño,,,E174,NA,NA,0.85,riesgos_internos.csv,Registros ERP académico,Valor directo de columna desempeño,2026-06-25 11:12:08,87f174cf-db07-4b4a-9e4d-c229aab16e4f,1.0
RI84_repitencia,RIESGO_INT,riesgo,repitencia,,,E174,NA,NA,0.0,riesgos_internos.csv,Registros ERP académico,Valor directo de columna repitencia,2026-06-25 11:12:08,87f174cf-db07-4b4a-9e4d-c229aab16e4f,1.0
RI84_deserción,RIESGO_INT,riesgo,deserción,,,E174,NA,NA,0.0,riesgos_internos.csv,Registros ERP académico,Valor directo de columna deserción,2026-06-25 11:12:08,87f174cf-db07-4b4a-9e4d-c229aab16e4f,1.0
RI85_desempeño,RIESGO_INT,riesgo,desempeño,,,E175,NA,NA,0.716,riesgos_internos.csv,Registros ERP académico,Valor directo de columna desempeño,2026-06-25 11:12:08,87f174cf-db07-4b4a-9e4d-c229aab16e4f,1.0
RI85_repitencia,RIESGO_INT,riesgo,repitencia,,,E175,NA,NA,9.0,riesgos_internos.csv,Registros ERP académico,Valor directo de columna repitencia,2026-06-25 11:12:08,87f174cf-db07-4b4a-9e4d-c229aab16e4f,1.0
RI85_deserción,RIESGO_INT,riesgo,deserción,,,E175,NA,NA,1.0,riesgos_internos.csv,Registros ERP académico,Valor directo de columna deserción,2026-06-25 11:12:08,87f174cf-db07-4b4a-9e4d-c229aab16e4f,1.0
RI86_desempeño,RIESGO_INT,riesgo,desempeño,,,E176,NA,NA,0.842,riesgos_internos.csv,Registros ERP académico,Valor directo de columna desempeño,2026-06-25 11:12:08,87f174cf-db07-4b4a-9e4d-c229aab16e4f,1.0
RI86_repitencia,RIESGO_INT,riesgo,repitencia,,,E176,NA,NA,0.0,riesgos_internos.csv,Registros ERP académico,Valor directo de columna repitencia,2026-06-25 11:12:08,87f174cf-db07-4b4a-9e4d-c229aab16e4f,1.0
RI86_deserción,RIESGO_INT,riesgo,deserción,,,E176,NA,NA,0.0,riesgos_internos.csv,Registros ERP académico,Valor directo de columna deserción,2026-06-25 11:12:08,87f174cf-db07-4b4a-9e4d-c229aab16e4f,1.0
RI87_desempeño,RIESGO_INT,riesgo,desempeño,,,E177,NA,NA,0.708,riesgos_internos.csv,Registros ERP académico,Valor directo de columna desempeño,2026-06-25 11:12:08,87f174cf-db07-4b4a-9e4d-c229aab16e4f,1.0
RI87_repitencia,RIESGO_INT,riesgo,repitencia,,,E177,NA,NA,21.0,riesgos_internos.csv,Registros ERP académico,Valor directo de columna repitencia,2026-06-25 11:12:08,87f174cf-db07-4b4a-9e4d-c229aab16e4f,1.0
RI87_deserción,RIESGO_INT,riesgo,deserción,,,E177,NA,NA,0.0,riesgos_internos.csv,Registros ERP académico,Valor directo de columna deserción,2026-06-25 11:12:08,87f174cf-db07-4b4a-9e4d-c229aab16e4f,1.0
RI88_desempeño,RIESGO_INT,riesgo,desempeño,,,E178,NA,NA,0.788,riesgos_internos.csv,Registros ERP académico,Valor directo de columna desempeño,2026-06-25 11:12:08,87f174cf-db07-4b4a-9e4d-c229aab16e4f,1.0
RI88_repitencia,RIESGO_INT,riesgo,repitencia,,,E178,NA,NA,0.0,riesgos_internos.csv,Registros ERP académico,Valor directo de columna repitencia,2026-06-25 11:12:08,87f174cf-db07-4b4a-9e4d-c229aab16e4f,1.0
RI88_deserción,RIESGO_INT,riesgo,deserción,,,E178,NA,NA,0.0,riesgos_internos.csv,Registros ERP académico,Valor directo de columna deserción,2026-06-25 11:12:08,87f174cf-db07-4b4a-9e4d-c229aab16e4f,1.0
RI89_desempeño,RIESGO_INT,riesgo,desempeño,,,E179,NA,NA,0.642,riesgos_internos.csv,Registros ERP académico,Valor directo de columna desempeño,2026-06-25 11:12:08,87f174cf-db07-4b4a-9e4d-c229aab16e4f,1.0
RI89_repitencia,RIESGO_INT,riesgo,repitencia,,,E179,NA,NA,5.0,riesgos_internos.csv,Registros ERP académico,Valor directo de columna repitencia,2026-06-25 11:12:08,87f174cf-db07-4b4a-9e4d-c229aab16e4f,1.0
RI89_deserción,RIESGO_INT,riesgo,deserción,,,E179,NA,NA,1.0,riesgos_internos.csv,Registros ERP académico,Valor directo de columna deserción,2026-06-25 11:12:08,87f174cf-db07-4b4a-9e4d-c229aab16e4f,1.0
RI90_desempeño,RIESGO_INT,riesgo,desempeño,,,E18,NA,NA,0.705,riesgos_internos.csv,Registros ERP académico,Valor directo de columna desempeño,2026-06-25 11:12:08,87f174cf-db07-4b4a-9e4d-c229aab16e4f,1.0
RI90_repitencia,RIESGO_INT,riesgo,repitencia,,,E18,NA,NA,4.0,riesgos_internos.csv,Registros ERP académico,Valor directo de columna repitencia,2026-06-25 11:12:08,87f174cf-db07-4b4a-9e4d-c229aab16e4f,1.0
RI90_deserción,RIESGO_INT,riesgo,deserción,,,E18,NA,NA,1.0,riesgos_internos.csv,Registros ERP académico,Valor directo de columna deserción,2026-06-25 11:12:08,87f174cf-db07-4b4a-9e4d-c229aab16e4f,1.0
RI91_desempeño,RIESGO_INT,riesgo,desempeño,,,E180,NA,NA,0.611,riesgos_internos.csv,Registros ERP académico,Valor directo de columna desempeño,2026-06-25 11:12:08,87f174cf-db07-4b4a-9e4d-c229aab16e4f,1.0
RI91_repitencia,RIESGO_INT,riesgo,repitencia,,,E180,NA,NA,6.0,riesgos_internos.csv,Registros ERP académico,Valor directo de columna repitencia,2026-06-25 11:12:08,87f174cf-db07-4b4a-9e4d-c229aab16e4f,1.0
RI91_deserción,RIESGO_INT,riesgo,deserción,,,E180,NA,NA,1.0,riesgos_internos.csv,Registros ERP académico,Valor directo de columna deserción,2026-06-25 11:12:08,87f174cf-db07-4b4a-9e4d-c229aab16e4f,1.0
RI92_desempeño,RIESGO_INT,riesgo,desempeño,,,E181,NA,NA,0.658,riesgos_internos.csv,Registros ERP académico,Valor directo de columna desempeño,2026-06-25 11:12:08,87f174cf-db07-4b4a-9e4d-c229aab16e4f,1.0
RI92_repitencia,RIESGO_INT,riesgo,repitencia,,,E181,NA,NA,5.0,riesgos_internos.csv,Registros ERP académico,Valor directo de columna repitencia,2026-06-25 11:12:08,87f174cf-db07-4b4a-9e4d-c229aab16e4f,1.0
RI92_deserción,RIESGO_INT,riesgo,deserción,,,E181,NA,NA,1.0,riesgos_internos.csv,Registros ERP académico,Valor directo de columna deserción,2026-06-25 11:12:08,87f174cf-db07-4b4a-9e4d-c229aab16e4f,1.0
RI93_desempeño,RIESGO_INT,riesgo,desempeño,,,E182,NA,NA,0.67,riesgos_internos.csv,Registros ERP académico,Valor directo de columna desempeño,2026-06-25 11:12:08,87f174cf-db07-4b4a-9e4d-c229aab16e4f,1.0
RI93_repitencia,RIESGO_INT,riesgo,repitencia,,,E182,NA,NA,4.0,riesgos_internos.csv,Registros ERP académico,Valor directo de columna repitencia,2026-06-25 11:12:08,87f174cf-db07-4b4a-9e4d-c229aab16e4f,1.0
RI93_deserción,RIESGO_INT,riesgo,deserción,,,E182,NA,NA,1.0,riesgos_internos.csv,Registros ERP académico,Valor directo de columna deserción,2026-06-25 11:12:08,87f174cf-db07-4b4a-9e4d-c229aab16e4f,1.0
RI94_desempeño,RIESGO_INT,riesgo,desempeño,,,E183,NA,NA,0.605,riesgos_internos.csv,Registros ERP académico,Valor directo de columna desempeño,2026-06-25 11:12:08,87f174cf-db07-4b4a-9e4d-c229aab16e4f,1.0
RI94_repitencia,RIESGO_INT,riesgo,repitencia,,,E183,NA,NA,7.0,riesgos_internos.csv,Registros ERP académico,Valor directo de columna repitencia,2026-06-25 11:12:08,87f174cf-db07-4b4a-9e4d-c229aab16e4f,1.0
RI94_deserción,RIESGO_INT,riesgo,deserción,,,E183,NA,NA,1.0,riesgos_internos.csv,Registros ERP académico,Valor directo de columna deserción,2026-06-25 11:12:08,87f174cf-db07-4b4a-9e4d-c229aab16e4f,1.0
RI95_desempeño,RIESGO_INT,riesgo,desempeño,,,E184,NA,NA,0.78,riesgos_internos.csv,Registros ERP académico,Valor directo de columna desempeño,2026-06-25 11:12:08,87f174cf-db07-4b4a-9e4d-c229aab16e4f,1.0
RI95_repitencia,RIESGO_INT,riesgo,repitencia,,,E184,NA,NA,4.0,riesgos_internos.csv,Registros ERP académico,Valor directo de columna repitencia,2026-06-25 11:12:08,87f174cf-db07-4b4a-9e4d-c229aab16e4f,1.0
RI95_deserción,RIESGO_INT,riesgo,deserción,,,E184,NA,NA,0.0,riesgos_internos.csv,Registros ERP académico,Valor directo de columna deserción,2026-06-25 11:12:08,87f174cf-db07-4b4a-9e4d-c229aab16e4f,1.0
RI96_desempeño,RIESGO_INT,riesgo,desempeño,,,E185,NA,NA,0.818,riesgos_internos.csv,Registros ERP académico,Valor directo de columna desempeño,2026-06-25 11:12:08,87f174cf-db07-4b4a-9e4d-c229aab16e4f,1.0
RI96_repitencia,RIESGO_INT,riesgo,repitencia,,,E185,NA,NA,2.0,riesgos_internos.csv,Registros ERP académico,Valor directo de columna repitencia,2026-06-25 11:12:08,87f174cf-db07-4b4a-9e4d-c229aab16e4f,1.0
RI96_deserción,RIESGO_INT,riesgo,deserción,,,E185,NA,NA,0.0,riesgos_internos.csv,Registros ERP académico,Valor directo de columna deserción,2026-06-25 11:12:08,87f174cf-db07-4b4a-9e4d-c229aab16e4f,1.0
RI97_desempeño,RIESGO_INT,riesgo,desempeño,,,E186,NA,NA,0.782,riesgos_internos.csv,Registros ERP académico,Valor directo de columna desempeño,2026-06-25 11:12:08,87f174cf-db07-4b4a-9e4d-c229aab16e4f,1.0
RI97_repitencia,RIESGO_INT,riesgo,repitencia,,,E186,NA,NA,1.0,riesgos_internos.csv,Registros ERP académico,Valor directo de columna repitencia,2026-06-25 11:12:08,87f174cf-db07-4b4a-9e4d-c229aab16e4f,1.0
RI97_deserción,RIESGO_INT,riesgo,deserción,,,E186,NA,NA,0.0,riesgos_internos.csv,Registros ERP académico,Valor directo de columna deserción,2026-06-25 11:12:08,87f174cf-db07-4b4a-9e4d-c229aab16e4f,1.0
RI98_desempeño,RIESGO_INT,riesgo,desempeño,,,E187,NA,NA,0.641,riesgos_internos.csv,Registros ERP académico,Valor directo de columna desempeño,2026-06-25 11:12:08,87f174cf-db07-4b4a-9e4d-c229aab16e4f,1.0
RI98_repitencia,RIESGO_INT,riesgo,repitencia,,,E187,NA,NA,5.0,riesgos_internos.csv,Registros ERP académico,Valor directo de columna repitencia,2026-06-25 11:12:08,87f174cf-db07-4b4a-9e4d-c229aab16e4f,1.0
RI98_deserción,RIESGO_INT,riesgo,deserción,,,E187,NA,NA,1.0,riesgos_internos.csv,Registros ERP académico,Valor directo de columna deserción,2026-06-25 11:12:08,87f174cf-db07-4b4a-9e4d-c229aab16e4f,1.0
RI99_desempeño,RIESGO_INT,riesgo,desempeño,,,E188,NA,NA,0.824,riesgos_internos.csv,Registros ERP académico,Valor directo de columna desempeño,2026-06-25 11:12:08,87f174cf-db07-4b4a-9e4d-c229aab16e4f,1.0
RI99_repitencia,RIESGO_INT,riesgo,repitencia,,,E188,NA,NA,1.0,riesgos_internos.csv,Registros ERP académico,Valor directo de columna repitencia,2026-06-25 11:12:08,87f174cf-db07-4b4a-9e4d-c229aab16e4f,1.0
RI99_deserción,RIESGO_INT,riesgo,deserción,,,E188,NA,NA,0.0,riesgos_internos.csv,Registros ERP académico,Valor directo de columna deserción,2026-06-25 11:12:08,87f174cf-db07-4b4a-9e4d-c229aab16e4f,1.0
RI100_desempeño,RIESGO_INT,riesgo,desempeño,,,E189,NA,NA,0.846,riesgos_internos.csv,Registros ERP académico,Valor directo de columna desempeño,2026-06-25 11:12:08,87f174cf-db07-4b4a-9e4d-c229aab16e4f,1.0
RI100_repitencia,RIESGO_INT,riesgo,repitencia,,,E189,NA,NA,1.0,riesgos_internos.csv,Registros ERP académico,Valor directo de columna repitencia,2026-06-25 11:12:08,87f174cf-db07-4b4a-9e4d-c229aab16e4f,1.0
RI100_deserción,RIESGO_INT,riesgo,deserción,,,E189,NA,NA,0.0,riesgos_internos.csv,Registros ERP académico,Valor directo de columna deserción,2026-06-25 11:12:08,87f174cf-db07-4b4a-9e4d-c229aab16e4f,1.0
RI101_desempeño,RIESGO_INT,riesgo,desempeño,,,E19,NA,NA,0.781,riesgos_internos.csv,Registros ERP académico,Valor directo de columna desempeño,2026-06-25 11:12:08,87f174cf-db07-4b4a-9e4d-c229aab16e4f,1.0
RI101_repitencia,RIESGO_INT,riesgo,repitencia,,,E19,NA,NA,5.0,riesgos_internos.csv,Registros ERP académico,Valor directo de columna repitencia,2026-06-25 11:12:08,87f174cf-db07-4b4a-9e4d-c229aab16e4f,1.0
RI101_deserción,RIESGO_INT,riesgo,deserción,,,E19,NA,NA,0.0,riesgos_internos.csv,Registros ERP académico,Valor directo de columna deserción,2026-06-25 11:12:08,87f174cf-db07-4b4a-9e4d-c229aab16e4f,1.0
RI102_desempeño,RIESGO_INT,riesgo,desempeño,,,E190,NA,NA,0.741,riesgos_internos.csv,Registros ERP académico,Valor directo de columna desempeño,2026-06-25 11:12:08,87f174cf-db07-4b4a-9e4d-c229aab16e4f,1.0
RI102_repitencia,RIESGO_INT,riesgo,repitencia,,,E190,NA,NA,15.0,riesgos_internos.csv,Registros ERP académico,Valor directo de columna repitencia,2026-06-25 11:12:08,87f174cf-db07-4b4a-9e4d-c229aab16e4f,1.0
RI102_deserción,RIESGO_INT,riesgo,deserción,,,E190,NA,NA,0.0,riesgos_internos.csv,Registros ERP académico,Valor directo de columna deserción,2026-06-25 11:12:08,87f174cf-db07-4b4a-9e4d-c229aab16e4f,1.0
RI103_desempeño,RIESGO_INT,riesgo,desempeño,,,E191,NA,NA,0.814,riesgos_internos.csv,Registros ERP académico,Valor directo de columna desempeño,2026-06-25 11:12:08,87f174cf-db07-4b4a-9e4d-c229aab16e4f,1.0
RI103_repitencia,RIESGO_INT,riesgo,repitencia,,,E191,NA,NA,1.0,riesgos_internos.csv,Registros ERP académico,Valor directo de columna repitencia,2026-06-25 11:12:08,87f174cf-db07-4b4a-9e4d-c229aab16e4f,1.0
RI103_deserción,RIESGO_INT,riesgo,deserción,,,E191,NA,NA,0.0,riesgos_internos.csv,Registros ERP académico,Valor directo de columna deserción,2026-06-25 11:12:08,87f174cf-db07-4b4a-9e4d-c229aab16e4f,1.0
RI104_desempeño,RIESGO_INT,riesgo,desempeño,,,E192,NA,NA,0.708,riesgos_internos.csv,Registros ERP académico,Valor directo de columna desempeño,2026-06-25 11:12:08,87f174cf-db07-4b4a-9e4d-c229aab16e4f,1.0
RI104_repitencia,RIESGO_INT,riesgo,repitencia,,,E192,NA,NA,11.0,riesgos_internos.csv,Registros ERP académico,Valor directo de columna repitencia,2026-06-25 11:12:08,87f174cf-db07-4b4a-9e4d-c229aab16e4f,1.0
RI104_deserción,RIESGO_INT,riesgo,deserción,,,E192,NA,NA,1.0,riesgos_internos.csv,Registros ERP académico,Valor directo de columna deserción,2026-06-25 11:12:08,87f174cf-db07-4b4a-9e4d-c229aab16e4f,1.0
RI105_desempeño,RIESGO_INT,riesgo,desempeño,,,E193,NA,NA,0.671,riesgos_internos.csv,Registros ERP académico,Valor directo de columna desempeño,2026-06-25 11:12:08,87f174cf-db07-4b4a-9e4d-c229aab16e4f,1.0
RI105_repitencia,RIESGO_INT,riesgo,repitencia,,,E193,NA,NA,5.0,riesgos_internos.csv,Registros ERP académico,Valor directo de columna repitencia,2026-06-25 11:12:08,87f174cf-db07-4b4a-9e4d-c229aab16e4f,1.0
RI105_deserción,RIESGO_INT,riesgo,deserción,,,E193,NA,NA,1.0,riesgos_internos.csv,Registros ERP académico,Valor directo de columna deserción,2026-06-25 11:12:08,87f174cf-db07-4b4a-9e4d-c229aab16e4f,1.0
RI106_desempeño,RIESGO_INT,riesgo,desempeño,,,E194,NA,NA,0.598,riesgos_internos.csv,Registros ERP académico,Valor directo de columna desempeño,2026-06-25 11:12:08,87f174cf-db07-4b4a-9e4d-c229aab16e4f,1.0
RI106_repitencia,RIESGO_INT,riesgo,repitencia,,,E194,NA,NA,6.0,riesgos_internos.csv,Registros ERP académico,Valor directo de columna repitencia,2026-06-25 11:12:08,87f174cf-db07-4b4a-9e4d-c229aab16e4f,1.0
RI106_deserción,RIESGO_INT,riesgo,deserción,,,E194,NA,NA,1.0,riesgos_internos.csv,Registros ERP académico,Valor directo de columna deserción,2026-06-25 11:12:08,87f174cf-db07-4b4a-9e4d-c229aab16e4f,1.0
RI107_desempeño,RIESGO_INT,riesgo,desempeño,,,E195,NA,NA,0.655,riesgos_internos.csv,Registros ERP académico,Valor directo de columna desempeño,2026-06-25 11:12:08,87f174cf-db07-4b4a-9e4d-c229aab16e4f,1.0
RI107_repitencia,RIESGO_INT,riesgo,repitencia,,,E195,NA,NA,6.0,riesgos_internos.csv,Registros ERP académico,Valor directo de columna repitencia,2026-06-25 11:12:08,87f174cf-db07-4b4a-9e4d-c229aab16e4f,1.0
RI107_deserción,RIESGO_INT,riesgo,deserción,,,E195,NA,NA,1.0,riesgos_internos.csv,Registros ERP académico,Valor directo de columna deserción,2026-06-25 11:12:08,87f174cf-db07-4b4a-9e4d-c229aab16e4f,1.0
RI108_desempeño,RIESGO_INT,riesgo,desempeño,,,E196,NA,NA,0.829,riesgos_internos.csv,Registros ERP académico,Valor directo de columna desempeño,2026-06-25 11:12:08,87f174cf-db07-4b4a-9e4d-c229aab16e4f,1.0
RI108_repitencia,RIESGO_INT,riesgo,repitencia,,,E196,NA,NA,2.0,riesgos_internos.csv,Registros ERP académico,Valor directo de columna repitencia,2026-06-25 11:12:08,87f174cf-db07-4b4a-9e4d-c229aab16e4f,1.0
RI108_deserción,RIESGO_INT,riesgo,deserción,,,E196,NA,NA,0.0,riesgos_internos.csv,Registros ERP académico,Valor directo de columna deserción,2026-06-25 11:12:08,87f174cf-db07-4b4a-9e4d-c229aab16e4f,1.0
RI109_desempeño,RIESGO_INT,riesgo,desempeño,,,E197,NA,NA,0.607,riesgos_internos.csv,Registros ERP académico,Valor directo de columna desempeño,2026-06-25 11:12:08,87f174cf-db07-4b4a-9e4d-c229aab16e4f,1.0
RI109_repitencia,RIESGO_INT,riesgo,repitencia,,,E197,NA,NA,7.0,riesgos_internos.csv,Registros ERP académico,Valor directo de columna repitencia,2026-06-25 11:12:08,87f174cf-db07-4b4a-9e4d-c229aab16e4f,1.0
RI109_deserción,RIESGO_INT,riesgo,deserción,,,E197,NA,NA,1.0,riesgos_internos.csv,Registros ERP académico,Valor directo de columna deserción,2026-06-25 11:12:08,87f174cf-db07-4b4a-9e4d-c229aab16e4f,1.0
RI110_desempeño,RIESGO_INT,riesgo,desempeño,,,E198,NA,NA,0.794,riesgos_internos.csv,Registros ERP académico,Valor directo de columna desempeño,2026-06-25 11:12:08,87f174cf-db07-4b4a-9e4d-c229aab16e4f,1.0
RI110_repitencia,RIESGO_INT,riesgo,repitencia,,,E198,NA,NA,2.0,riesgos_internos.csv,Registros ERP académico,Valor directo de columna repitencia,2026-06-25 11:12:08,87f174cf-db07-4b4a-9e4d-c229aab16e4f,1.0
RI110_deserción,RIESGO_INT,riesgo,deserción,,,E198,NA,NA,0.0,riesgos_internos.csv,Registros ERP académico,Valor directo de columna deserción,2026-06-25 11:12:08,87f174cf-db07-4b4a-9e4d-c229aab16e4f,1.0
RI111_desempeño,RIESGO_INT,riesgo,desempeño,,,E199,NA,NA,0.758,riesgos_internos.csv,Registros ERP académico,Valor directo de columna desempeño,2026-06-25 11:12:08,87f174cf-db07-4b4a-9e4d-c229aab16e4f,1.0
RI111_repitencia,RIESGO_INT,riesgo,repitencia,,,E199,NA,NA,4.0,riesgos_internos.csv,Registros ERP académico,Valor directo de columna repitencia,2026-06-25 11:12:08,87f174cf-db07-4b4a-9e4d-c229aab16e4f,1.0
RI111_deserción,RIESGO_INT,riesgo,deserción,,,E199,NA,NA,0.0,riesgos_internos.csv,Registros ERP académico,Valor directo de columna deserción,2026-06-25 11:12:08,87f174cf-db07-4b4a-9e4d-c229aab16e4f,1.0
RI112_desempeño,RIESGO_INT,riesgo,desempeño,,,E2,NA,NA,0.81,riesgos_internos.csv,Registros ERP académico,Valor directo de columna desempeño,2026-06-25 11:12:08,87f174cf-db07-4b4a-9e4d-c229aab16e4f,1.0
RI112_repitencia,RIESGO_INT,riesgo,repitencia,,,E2,NA,NA,0.0,riesgos_internos.csv,Registros ERP académico,Valor directo de columna repitencia,2026-06-25 11:12:08,87f174cf-db07-4b4a-9e4d-c229aab16e4f,1.0
RI112_deserción,RIESGO_INT,riesgo,deserción,,,E2,NA,NA,0.0,riesgos_internos.csv,Registros ERP académico,Valor directo de columna deserción,2026-06-25 11:12:08,87f174cf-db07-4b4a-9e4d-c229aab16e4f,1.0
RI113_desempeño,RIESGO_INT,riesgo,desempeño,,,E20,NA,NA,0.632,riesgos_internos.csv,Registros ERP académico,Valor directo de columna desempeño,2026-06-25 11:12:08,87f174cf-db07-4b4a-9e4d-c229aab16e4f,1.0
RI113_repitencia,RIESGO_INT,riesgo,repitencia,,,E20,NA,NA,6.0,riesgos_internos.csv,Registros ERP académico,Valor directo de columna repitencia,2026-06-25 11:12:08,87f174cf-db07-4b4a-9e4d-c229aab16e4f,1.0
RI113_deserción,RIESGO_INT,riesgo,deserción,,,E20,NA,NA,1.0,riesgos_internos.csv,Registros ERP académico,Valor directo de columna deserción,2026-06-25 11:12:08,87f174cf-db07-4b4a-9e4d-c229aab16e4f,1.0
RI114_desempeño,RIESGO_INT,riesgo,desempeño,,,E200,NA,NA,0.825,riesgos_internos.csv,Registros ERP académico,Valor directo de columna desempeño,2026-06-25 11:12:08,87f174cf-db07-4b4a-9e4d-c229aab16e4f,1.0
RI114_repitencia,RIESGO_INT,riesgo,repitencia,,,E200,NA,NA,1.0,riesgos_internos.csv,Registros ERP académico,Valor directo de columna repitencia,2026-06-25 11:12:08,87f174cf-db07-4b4a-9e4d-c229aab16e4f,1.0
RI114_deserción,RIESGO_INT,riesgo,deserción,,,E200,NA,NA,0.0,riesgos_internos.csv,Registros ERP académico,Valor directo de columna deserción,2026-06-25 11:12:08,87f174cf-db07-4b4a-9e4d-c229aab16e4f,1.0
RI115_desempeño,RIESGO_INT,riesgo,desempeño,,,E201,NA,NA,0.73,riesgos_internos.csv,Registros ERP académico,Valor directo de columna desempeño,2026-06-25 11:12:08,87f174cf-db07-4b4a-9e4d-c229aab16e4f,1.0
RI115_repitencia,RIESGO_INT,riesgo,repitencia,,,E201,NA,NA,11.0,riesgos_internos.csv,Registros ERP académico,Valor directo de columna repitencia,2026-06-25 11:12:08,87f174cf-db07-4b4a-9e4d-c229aab16e4f,1.0
RI115_deserción,RIESGO_INT,riesgo,deserción,,,E201,NA,NA,0.0,riesgos_internos.csv,Registros ERP académico,Valor directo de columna deserción,2026-06-25 11:12:08,87f174cf-db07-4b4a-9e4d-c229aab16e4f,1.0
RI116_desempeño,RIESGO_INT,riesgo,desempeño,,,E202,NA,NA,0.73,riesgos_internos.csv,Registros ERP académico,Valor directo de columna desempeño,2026-06-25 11:12:08,87f174cf-db07-4b4a-9e4d-c229aab16e4f,1.0
RI116_repitencia,RIESGO_INT,riesgo,repitencia,,,E202,NA,NA,18.0,riesgos_internos.csv,Registros ERP académico,Valor directo de columna repitencia,2026-06-25 11:12:08,87f174cf-db07-4b4a-9e4d-c229aab16e4f,1.0
RI116_deserción,RIESGO_INT,riesgo,deserción,,,E202,NA,NA,1.0,riesgos_internos.csv,Registros ERP académico,Valor directo de columna deserción,2026-06-25 11:12:08,87f174cf-db07-4b4a-9e4d-c229aab16e4f,1.0
RI117_desempeño,RIESGO_INT,riesgo,desempeño,,,E203,NA,NA,0.758,riesgos_internos.csv,Registros ERP académico,Valor directo de columna desempeño,2026-06-25 11:12:08,87f174cf-db07-4b4a-9e4d-c229aab16e4f,1.0
RI117_repitencia,RIESGO_INT,riesgo,repitencia,,,E203,NA,NA,0.0,riesgos_internos.csv,Registros ERP académico,Valor directo de columna repitencia,2026-06-25 11:12:08,87f174cf-db07-4b4a-9e4d-c229aab16e4f,1.0
RI117_deserción,RIESGO_INT,riesgo,deserción,,,E203,NA,NA,0.0,riesgos_internos.csv,Registros ERP académico,Valor directo de columna deserción,2026-06-25 11:12:08,87f174cf-db07-4b4a-9e4d-c229aab16e4f,1.0
RI118_desempeño,RIESGO_INT,riesgo,desempeño,,,E204,NA,NA,0.622,riesgos_internos.csv,Registros ERP académico,Valor directo de columna desempeño,2026-06-25 11:12:08,87f174cf-db07-4b4a-9e4d-c229aab16e4f,1.0
RI118_repitencia,RIESGO_INT,riesgo,repitencia,,,E204,NA,NA,6.0,riesgos_internos.csv,Registros ERP académico,Valor directo de columna repitencia,2026-06-25 11:12:08,87f174cf-db07-4b4a-9e4d-c229aab16e4f,1.0
RI118_deserción,RIESGO_INT,riesgo,deserción,,,E204,NA,NA,1.0,riesgos_internos.csv,Registros ERP académico,Valor directo de columna deserción,2026-06-25 11:12:08,87f174cf-db07-4b4a-9e4d-c229aab16e4f,1.0
RI119_desempeño,RIESGO_INT,riesgo,desempeño,,,E205,NA,NA,0.836,riesgos_internos.csv,Registros ERP académico,Valor directo de columna desempeño,2026-06-25 11:12:08,87f174cf-db07-4b4a-9e4d-c229aab16e4f,1.0
RI119_repitencia,RIESGO_INT,riesgo,repitencia,,,E205,NA,NA,0.0,riesgos_internos.csv,Registros ERP académico,Valor directo de columna repitencia,2026-06-25 11:12:08,87f174cf-db07-4b4a-9e4d-c229aab16e4f,1.0
RI119_deserción,RIESGO_INT,riesgo,deserción,,,E205,NA,NA,0.0,riesgos_internos.csv,Registros ERP académico,Valor directo de columna deserción,2026-06-25 11:12:08,87f174cf-db07-4b4a-9e4d-c229aab16e4f,1.0
RI120_desempeño,RIESGO_INT,riesgo,desempeño,,,E206,NA,NA,0.707,riesgos_internos.csv,Registros ERP académico,Valor directo de columna desempeño,2026-06-25 11:12:08,87f174cf-db07-4b4a-9e4d-c229aab16e4f,1.0
RI120_repitencia,RIESGO_INT,riesgo,repitencia,,,E206,NA,NA,16.0,riesgos_internos.csv,Registros ERP académico,Valor directo de columna repitencia,2026-06-25 11:12:08,87f174cf-db07-4b4a-9e4d-c229aab16e4f,1.0
RI120_deserción,RIESGO_INT,riesgo,deserción,,,E206,NA,NA,1.0,riesgos_internos.csv,Registros ERP académico,Valor directo de columna deserción,2026-06-25 11:12:08,87f174cf-db07-4b4a-9e4d-c229aab16e4f,1.0
RI121_desempeño,RIESGO_INT,riesgo,desempeño,,,E207,NA,NA,0.72,riesgos_internos.csv,Registros ERP académico,Valor directo de columna desempeño,2026-06-25 11:12:08,87f174cf-db07-4b4a-9e4d-c229aab16e4f,1.0
RI121_repitencia,RIESGO_INT,riesgo,repitencia,,,E207,NA,NA,12.0,riesgos_internos.csv,Registros ERP académico,Valor directo de columna repitencia,2026-06-25 11:12:08,87f174cf-db07-4b4a-9e4d-c229aab16e4f,1.0
RI121_deserción,RIESGO_INT,riesgo,deserción,,,E207,NA,NA,0.0,riesgos_internos.csv,Registros ERP académico,Valor directo de columna deserción,2026-06-25 11:12:08,87f174cf-db07-4b4a-9e4d-c229aab16e4f,1.0
RI122_desempeño,RIESGO_INT,riesgo,desempeño,,,E208,NA,NA,0.749,riesgos_internos.csv,Registros ERP académico,Valor directo de columna desempeño,2026-06-25 11:12:08,87f174cf-db07-4b4a-9e4d-c229aab16e4f,1.0
RI122_repitencia,RIESGO_INT,riesgo,repitencia,,,E208,NA,NA,12.0,riesgos_internos.csv,Registros ERP académico,Valor directo de columna repitencia,2026-06-25 11:12:08,87f174cf-db07-4b4a-9e4d-c229aab16e4f,1.0
RI122_deserción,RIESGO_INT,riesgo,deserción,,,E208,NA,NA,0.0,riesgos_internos.csv,Registros ERP académico,Valor directo de columna deserción,2026-06-25 11:12:08,87f174cf-db07-4b4a-9e4d-c229aab16e4f,1.0
RI123_desempeño,RIESGO_INT,riesgo,desempeño,,,E209,NA,NA,0.762,riesgos_internos.csv,Registros ERP académico,Valor directo de columna desempeño,2026-06-25 11:12:08,87f174cf-db07-4b4a-9e4d-c229aab16e4f,1.0
RI123_repitencia,RIESGO_INT,riesgo,repitencia,,,E209,NA,NA,7.0,riesgos_internos.csv,Registros ERP académico,Valor directo de columna repitencia,2026-06-25 11:12:08,87f174cf-db07-4b4a-9e4d-c229aab16e4f,1.0
RI123_deserción,RIESGO_INT,riesgo,deserción,,,E209,NA,NA,0.0,riesgos_internos.csv,Registros ERP académico,Valor directo de columna deserción,2026-06-25 11:12:08,87f174cf-db07-4b4a-9e4d-c229aab16e4f,1.0
RI124_desempeño,RIESGO_INT,riesgo,desempeño,,,E21,NA,NA,0.796,riesgos_internos.csv,Registros ERP académico,Valor directo de columna desempeño,2026-06-25 11:12:08,87f174cf-db07-4b4a-9e4d-c229aab16e4f,1.0
RI124_repitencia,RIESGO_INT,riesgo,repitencia,,,E21,NA,NA,1.0,riesgos_internos.csv,Registros ERP académico,Valor directo de columna repitencia,2026-06-25 11:12:08,87f174cf-db07-4b4a-9e4d-c229aab16e4f,1.0
RI124_deserción,RIESGO_INT,riesgo,deserción,,,E21,NA,NA,0.0,riesgos_internos.csv,Registros ERP académico,Valor directo de columna deserción,2026-06-25 11:12:08,87f174cf-db07-4b4a-9e4d-c229aab16e4f,1.0
RI125_desempeño,RIESGO_INT,riesgo,desempeño,,,E210,NA,NA,0.789,riesgos_internos.csv,Registros ERP académico,Valor directo de columna desempeño,2026-06-25 11:12:08,87f174cf-db07-4b4a-9e4d-c229aab16e4f,1.0
RI125_repitencia,RIESGO_INT,riesgo,repitencia,,,E210,NA,NA,5.0,riesgos_internos.csv,Registros ERP académico,Valor directo de columna repitencia,2026-06-25 11:12:08,87f174cf-db07-4b4a-9e4d-c229aab16e4f,1.0
RI125_deserción,RIESGO_INT,riesgo,deserción,,,E210,NA,NA,0.0,riesgos_internos.csv,Registros ERP académico,Valor directo de columna deserción,2026-06-25 11:12:08,87f174cf-db07-4b4a-9e4d-c229aab16e4f,1.0
RI126_desempeño,RIESGO_INT,riesgo,desempeño,,,E211,NA,NA,0.826,riesgos_internos.csv,Registros ERP académico,Valor directo de columna desempeño,2026-06-25 11:12:08,87f174cf-db07-4b4a-9e4d-c229aab16e4f,1.0
RI126_repitencia,RIESGO_INT,riesgo,repitencia,,,E211,NA,NA,0.0,riesgos_internos.csv,Registros ERP académico,Valor directo de columna repitencia,2026-06-25 11:12:08,87f174cf-db07-4b4a-9e4d-c229aab16e4f,1.0
RI126_deserción,RIESGO_INT,riesgo,deserción,,,E211,NA,NA,0.0,riesgos_internos.csv,Registros ERP académico,Valor directo de columna deserción,2026-06-25 11:12:08,87f174cf-db07-4b4a-9e4d-c229aab16e4f,1.0
RI127_desempeño,RIESGO_INT,riesgo,desempeño,,,E212,NA,NA,0.702,riesgos_internos.csv,Registros ERP académico,Valor directo de columna desempeño,2026-06-25 11:12:08,87f174cf-db07-4b4a-9e4d-c229aab16e4f,1.0
RI127_repitencia,RIESGO_INT,riesgo,repitencia,,,E212,NA,NA,3.0,riesgos_internos.csv,Registros ERP académico,Valor directo de columna repitencia,2026-06-25 11:12:08,87f174cf-db07-4b4a-9e4d-c229aab16e4f,1.0
RI127_deserción,RIESGO_INT,riesgo,deserción,,,E212,NA,NA,0.0,riesgos_internos.csv,Registros ERP académico,Valor directo de columna deserción,2026-06-25 11:12:08,87f174cf-db07-4b4a-9e4d-c229aab16e4f,1.0
RI128_desempeño,RIESGO_INT,riesgo,desempeño,,,E213,NA,NA,0.74,riesgos_internos.csv,Registros ERP académico,Valor directo de columna desempeño,2026-06-25 11:12:08,87f174cf-db07-4b4a-9e4d-c229aab16e4f,1.0
RI128_repitencia,RIESGO_INT,riesgo,repitencia,,,E213,NA,NA,11.0,riesgos_internos.csv,Registros ERP académico,Valor directo de columna repitencia,2026-06-25 11:12:08,87f174cf-db07-4b4a-9e4d-c229aab16e4f,1.0
RI128_deserción,RIESGO_INT,riesgo,deserción,,,E213,NA,NA,0.0,riesgos_internos.csv,Registros ERP académico,Valor directo de columna deserción,2026-06-25 11:12:08,87f174cf-db07-4b4a-9e4d-c229aab16e4f,1.0
RI129_desempeño,RIESGO_INT,riesgo,desempeño,,,E214,NA,NA,0.644,riesgos_internos.csv,Registros ERP académico,Valor directo de columna desempeño,2026-06-25 11:12:08,87f174cf-db07-4b4a-9e4d-c229aab16e4f,1.0
RI129_repitencia,RIESGO_INT,riesgo,repitencia,,,E214,NA,NA,6.0,riesgos_internos.csv,Registros ERP académico,Valor directo de columna repitencia,2026-06-25 11:12:08,87f174cf-db07-4b4a-9e4d-c229aab16e4f,1.0
RI129_deserción,RIESGO_INT,riesgo,deserción,,,E214,NA,NA,1.0,riesgos_internos.csv,Registros ERP académico,Valor directo de columna deserción,2026-06-25 11:12:08,87f174cf-db07-4b4a-9e4d-c229aab16e4f,1.0
RI130_desempeño,RIESGO_INT,riesgo,desempeño,,,E215,NA,NA,0.661,riesgos_internos.csv,Registros ERP académico,Valor directo de columna desempeño,2026-06-25 11:12:08,87f174cf-db07-4b4a-9e4d-c229aab16e4f,1.0
RI130_repitencia,RIESGO_INT,riesgo,repitencia,,,E215,NA,NA,6.0,riesgos_internos.csv,Registros ERP académico,Valor directo de columna repitencia,2026-06-25 11:12:08,87f174cf-db07-4b4a-9e4d-c229aab16e4f,1.0
RI130_deserción,RIESGO_INT,riesgo,deserción,,,E215,NA,NA,1.0,riesgos_internos.csv,Registros ERP académico,Valor directo de columna deserción,2026-06-25 11:12:08,87f174cf-db07-4b4a-9e4d-c229aab16e4f,1.0
RI131_desempeño,RIESGO_INT,riesgo,desempeño,,,E216,NA,NA,0.647,riesgos_internos.csv,Registros ERP académico,Valor directo de columna desempeño,2026-06-25 11:12:08,87f174cf-db07-4b4a-9e4d-c229aab16e4f,1.0
RI131_repitencia,RIESGO_INT,riesgo,repitencia,,,E216,NA,NA,5.0,riesgos_internos.csv,Registros ERP académico,Valor directo de columna repitencia,2026-06-25 11:12:08,87f174cf-db07-4b4a-9e4d-c229aab16e4f,1.0
RI131_deserción,RIESGO_INT,riesgo,deserción,,,E216,NA,NA,1.0,riesgos_internos.csv,Registros ERP académico,Valor directo de columna deserción,2026-06-25 11:12:08,87f174cf-db07-4b4a-9e4d-c229aab16e4f,1.0
RI132_desempeño,RIESGO_INT,riesgo,desempeño,,,E217,NA,NA,0.702,riesgos_internos.csv,Registros ERP académico,Valor directo de columna desempeño,2026-06-25 11:12:08,87f174cf-db07-4b4a-9e4d-c229aab16e4f,1.0
RI132_repitencia,RIESGO_INT,riesgo,repitencia,,,E217,NA,NA,5.0,riesgos_internos.csv,Registros ERP académico,Valor directo de columna repitencia,2026-06-25 11:12:08,87f174cf-db07-4b4a-9e4d-c229aab16e4f,1.0
RI132_deserción,RIESGO_INT,riesgo,deserción,,,E217,NA,NA,1.0,riesgos_internos.csv,Registros ERP académico,Valor directo de columna deserción,2026-06-25 11:12:08,87f174cf-db07-4b4a-9e4d-c229aab16e4f,1.0
RI133_desempeño,RIESGO_INT,riesgo,desempeño,,,E218,NA,NA,0.752,riesgos_internos.csv,Registros ERP académico,Valor directo de columna desempeño,2026-06-25 11:12:08,87f174cf-db07-4b4a-9e4d-c229aab16e4f,1.0
RI133_repitencia,RIESGO_INT,riesgo,repitencia,,,E218,NA,NA,13.0,riesgos_internos.csv,Registros ERP académico,Valor directo de columna repitencia,2026-06-25 11:12:08,87f174cf-db07-4b4a-9e4d-c229aab16e4f,1.0
RI133_deserción,RIESGO_INT,riesgo,deserción,,,E218,NA,NA,0.0,riesgos_internos.csv,Registros ERP académico,Valor directo de columna deserción,2026-06-25 11:12:08,87f174cf-db07-4b4a-9e4d-c229aab16e4f,1.0
RI134_desempeño,RIESGO_INT,riesgo,desempeño,,,E219,NA,NA,0.61,riesgos_internos.csv,Registros ERP académico,Valor directo de columna desempeño,2026-06-25 11:12:08,87f174cf-db07-4b4a-9e4d-c229aab16e4f,1.0
RI134_repitencia,RIESGO_INT,riesgo,repitencia,,,E219,NA,NA,7.0,riesgos_internos.csv,Registros ERP académico,Valor directo de columna repitencia,2026-06-25 11:12:08,87f174cf-db07-4b4a-9e4d-c229aab16e4f,1.0
RI134_deserción,RIESGO_INT,riesgo,deserción,,,E219,NA,NA,1.0,riesgos_internos.csv,Registros ERP académico,Valor directo de columna deserción,2026-06-25 11:12:08,87f174cf-db07-4b4a-9e4d-c229aab16e4f,1.0
RI135_desempeño,RIESGO_INT,riesgo,desempeño,,,E22,NA,NA,0.615,riesgos_internos.csv,Registros ERP académico,Valor directo de columna desempeño,2026-06-25 11:12:08,87f174cf-db07-4b4a-9e4d-c229aab16e4f,1.0
RI135_repitencia,RIESGO_INT,riesgo,repitencia,,,E22,NA,NA,6.0,riesgos_internos.csv,Registros ERP académico,Valor directo de columna repitencia,2026-06-25 11:12:08,87f174cf-db07-4b4a-9e4d-c229aab16e4f,1.0
RI135_deserción,RIESGO_INT,riesgo,deserción,,,E22,NA,NA,1.0,riesgos_internos.csv,Registros ERP académico,Valor directo de columna deserción,2026-06-25 11:12:08,87f174cf-db07-4b4a-9e4d-c229aab16e4f,1.0
RI136_desempeño,RIESGO_INT,riesgo,desempeño,,,E220,NA,NA,0.654,riesgos_internos.csv,Registros ERP académico,Valor directo de columna desempeño,2026-06-25 11:12:08,87f174cf-db07-4b4a-9e4d-c229aab16e4f,1.0
RI136_repitencia,RIESGO_INT,riesgo,repitencia,,,E220,NA,NA,4.0,riesgos_internos.csv,Registros ERP académico,Valor directo de columna repitencia,2026-06-25 11:12:08,87f174cf-db07-4b4a-9e4d-c229aab16e4f,1.0
RI136_deserción,RIESGO_INT,riesgo,deserción,,,E220,NA,NA,1.0,riesgos_internos.csv,Registros ERP académico,Valor directo de columna deserción,2026-06-25 11:12:08,87f174cf-db07-4b4a-9e4d-c229aab16e4f,1.0
RI137_desempeño,RIESGO_INT,riesgo,desempeño,,,E221,NA,NA,0.622,riesgos_internos.csv,Registros ERP académico,Valor directo de columna desempeño,2026-06-25 11:12:08,87f174cf-db07-4b4a-9e4d-c229aab16e4f,1.0
RI137_repitencia,RIESGO_INT,riesgo,repitencia,,,E221,NA,NA,6.0,riesgos_internos.csv,Registros ERP académico,Valor directo de columna repitencia,2026-06-25 11:12:08,87f174cf-db07-4b4a-9e4d-c229aab16e4f,1.0
RI137_deserción,RIESGO_INT,riesgo,deserción,,,E221,NA,NA,1.0,riesgos_internos.csv,Registros ERP académico,Valor directo de columna deserción,2026-06-25 11:12:08,87f174cf-db07-4b4a-9e4d-c229aab16e4f,1.0
RI138_desempeño,RIESGO_INT,riesgo,desempeño,,,E222,NA,NA,0.799,riesgos_internos.csv,Registros ERP académico,Valor directo de columna desempeño,2026-06-25 11:12:08,87f174cf-db07-4b4a-9e4d-c229aab16e4f,1.0
RI138_repitencia,RIESGO_INT,riesgo,repitencia,,,E222,NA,NA,0.0,riesgos_internos.csv,Registros ERP académico,Valor directo de columna repitencia,2026-06-25 11:12:08,87f174cf-db07-4b4a-9e4d-c229aab16e4f,1.0
RI138_deserción,RIESGO_INT,riesgo,deserción,,,E222,NA,NA,0.0,riesgos_internos.csv,Registros ERP académico,Valor directo de columna deserción,2026-06-25 11:12:08,87f174cf-db07-4b4a-9e4d-c229aab16e4f,1.0
RI139_desempeño,RIESGO_INT,riesgo,desempeño,,,E223,NA,NA,0.831,riesgos_internos.csv,Registros ERP académico,Valor directo de columna desempeño,2026-06-25 11:12:08,87f174cf-db07-4b4a-9e4d-c229aab16e4f,1.0
RI139_repitencia,RIESGO_INT,riesgo,repitencia,,,E223,NA,NA,0.0,riesgos_internos.csv,Registros ERP académico,Valor directo de columna repitencia,2026-06-25 11:12:08,87f174cf-db07-4b4a-9e4d-c229aab16e4f,1.0
RI139_deserción,RIESGO_INT,riesgo,deserción,,,E223,NA,NA,0.0,riesgos_internos.csv,Registros ERP académico,Valor directo de columna deserción,2026-06-25 11:12:08,87f174cf-db07-4b4a-9e4d-c229aab16e4f,1.0
RI140_desempeño,RIESGO_INT,riesgo,desempeño,,,E224,NA,NA,0.634,riesgos_internos.csv,Registros ERP académico,Valor directo de columna desempeño,2026-06-25 11:12:08,87f174cf-db07-4b4a-9e4d-c229aab16e4f,1.0
RI140_repitencia,RIESGO_INT,riesgo,repitencia,,,E224,NA,NA,7.0,riesgos_internos.csv,Registros ERP académico,Valor directo de columna repitencia,2026-06-25 11:12:08,87f174cf-db07-4b4a-9e4d-c229aab16e4f,1.0
RI140_deserción,RIESGO_INT,riesgo,deserción,,,E224,NA,NA,1.0,riesgos_internos.csv,Registros ERP académico,Valor directo de columna deserción,2026-06-25 11:12:08,87f174cf-db07-4b4a-9e4d-c229aab16e4f,1.0
RI141_desempeño,RIESGO_INT,riesgo,desempeño,,,E225,NA,NA,0.713,riesgos_internos.csv,Registros ERP académico,Valor directo de columna desempeño,2026-06-25 11:12:08,87f174cf-db07-4b4a-9e4d-c229aab16e4f,1.0
RI141_repitencia,RIESGO_INT,riesgo,repitencia,,,E225,NA,NA,5.0,riesgos_internos.csv,Registros ERP académico,Valor directo de columna repitencia,2026-06-25 11:12:08,87f174cf-db07-4b4a-9e4d-c229aab16e4f,1.0
RI141_deserción,RIESGO_INT,riesgo,deserción,,,E225,NA,NA,1.0,riesgos_internos.csv,Registros ERP académico,Valor directo de columna deserción,2026-06-25 11:12:08,87f174cf-db07-4b4a-9e4d-c229aab16e4f,1.0
RI142_desempeño,RIESGO_INT,riesgo,desempeño,,,E226,NA,NA,0.794,riesgos_internos.csv,Registros ERP académico,Valor directo de columna desempeño,2026-06-25 11:12:08,87f174cf-db07-4b4a-9e4d-c229aab16e4f,1.0
RI142_repitencia,RIESGO_INT,riesgo,repitencia,,,E226,NA,NA,0.0,riesgos_internos.csv,Registros ERP académico,Valor directo de columna repitencia,2026-06-25 11:12:08,87f174cf-db07-4b4a-9e4d-c229aab16e4f,1.0
RI142_deserción,RIESGO_INT,riesgo,deserción,,,E226,NA,NA,0.0,riesgos_internos.csv,Registros ERP académico,Valor directo de columna deserción,2026-06-25 11:12:08,87f174cf-db07-4b4a-9e4d-c229aab16e4f,1.0
RI143_desempeño,RIESGO_INT,riesgo,desempeño,,,E227,NA,NA,0.652,riesgos_internos.csv,Registros ERP académico,Valor directo de columna desempeño,2026-06-25 11:12:08,87f174cf-db07-4b4a-9e4d-c229aab16e4f,1.0
RI143_repitencia,RIESGO_INT,riesgo,repitencia,,,E227,NA,NA,5.0,riesgos_internos.csv,Registros ERP académico,Valor directo de columna repitencia,2026-06-25 11:12:08,87f174cf-db07-4b4a-9e4d-c229aab16e4f,1.0
RI143_deserción,RIESGO_INT,riesgo,deserción,,,E227,NA,NA,1.0,riesgos_internos.csv,Registros ERP académico,Valor directo de columna deserción,2026-06-25 11:12:08,87f174cf-db07-4b4a-9e4d-c229aab16e4f,1.0
RI144_desempeño,RIESGO_INT,riesgo,desempeño,,,E228,NA,NA,0.729,riesgos_internos.csv,Registros ERP académico,Valor directo de columna desempeño,2026-06-25 11:12:08,87f174cf-db07-4b4a-9e4d-c229aab16e4f,1.0
RI144_repitencia,RIESGO_INT,riesgo,repitencia,,,E228,NA,NA,17.0,riesgos_internos.csv,Registros ERP académico,Valor directo de columna repitencia,2026-06-25 11:12:08,87f174cf-db07-4b4a-9e4d-c229aab16e4f,1.0
RI144_deserción,RIESGO_INT,riesgo,deserción,,,E228,NA,NA,0.0,riesgos_internos.csv,Registros ERP académico,Valor directo de columna deserción,2026-06-25 11:12:08,87f174cf-db07-4b4a-9e4d-c229aab16e4f,1.0
RI145_desempeño,RIESGO_INT,riesgo,desempeño,,,E229,NA,NA,0.761,riesgos_internos.csv,Registros ERP académico,Valor directo de columna desempeño,2026-06-25 11:12:08,87f174cf-db07-4b4a-9e4d-c229aab16e4f,1.0
RI145_repitencia,RIESGO_INT,riesgo,repitencia,,,E229,NA,NA,6.0,riesgos_internos.csv,Registros ERP académico,Valor directo de columna repitencia,2026-06-25 11:12:08,87f174cf-db07-4b4a-9e4d-c229aab16e4f,1.0
RI145_deserción,RIESGO_INT,riesgo,deserción,,,E229,NA,NA,0.0,riesgos_internos.csv,Registros ERP académico,Valor directo de columna deserción,2026-06-25 11:12:08,87f174cf-db07-4b4a-9e4d-c229aab16e4f,1.0
RI146_desempeño,RIESGO_INT,riesgo,desempeño,,,E23,NA,NA,0.797,riesgos_internos.csv,Registros ERP académico,Valor directo de columna desempeño,2026-06-25 11:12:08,87f174cf-db07-4b4a-9e4d-c229aab16e4f,1.0
RI146_repitencia,RIESGO_INT,riesgo,repitencia,,,E23,NA,NA,1.0,riesgos_internos.csv,Registros ERP académico,Valor directo de columna repitencia,2026-06-25 11:12:08,87f174cf-db07-4b4a-9e4d-c229aab16e4f,1.0
RI146_deserción,RIESGO_INT,riesgo,deserción,,,E23,NA,NA,0.0,riesgos_internos.csv,Registros ERP académico,Valor directo de columna deserción,2026-06-25 11:12:08,87f174cf-db07-4b4a-9e4d-c229aab16e4f,1.0
RI147_desempeño,RIESGO_INT,riesgo,desempeño,,,E230,NA,NA,0.804,riesgos_internos.csv,Registros ERP académico,Valor directo de columna desempeño,2026-06-25 11:12:08,87f174cf-db07-4b4a-9e4d-c229aab16e4f,1.0
RI147_repitencia,RIESGO_INT,riesgo,repitencia,,,E230,NA,NA,3.0,riesgos_internos.csv,Registros ERP académico,Valor directo de columna repitencia,2026-06-25 11:12:08,87f174cf-db07-4b4a-9e4d-c229aab16e4f,1.0
RI147_deserción,RIESGO_INT,riesgo,deserción,,,E230,NA,NA,0.0,riesgos_internos.csv,Registros ERP académico,Valor directo de columna deserción,2026-06-25 11:12:08,87f174cf-db07-4b4a-9e4d-c229aab16e4f,1.0
RI148_desempeño,RIESGO_INT,riesgo,desempeño,,,E231,NA,NA,0.825,riesgos_internos.csv,Registros ERP académico,Valor directo de columna desempeño,2026-06-25 11:12:08,87f174cf-db07-4b4a-9e4d-c229aab16e4f,1.0
RI148_repitencia,RIESGO_INT,riesgo,repitencia,,,E231,NA,NA,0.0,riesgos_internos.csv,Registros ERP académico,Valor directo de columna repitencia,2026-06-25 11:12:08,87f174cf-db07-4b4a-9e4d-c229aab16e4f,1.0
RI148_deserción,RIESGO_INT,riesgo,deserción,,,E231,NA,NA,0.0,riesgos_internos.csv,Registros ERP académico,Valor directo de columna deserción,2026-06-25 11:12:08,87f174cf-db07-4b4a-9e4d-c229aab16e4f,1.0
RI149_desempeño,RIESGO_INT,riesgo,desempeño,,,E232,NA,NA,0.838,riesgos_internos.csv,Registros ERP académico,Valor directo de columna desempeño,2026-06-25 11:12:08,87f174cf-db07-4b4a-9e4d-c229aab16e4f,1.0
RI149_repitencia,RIESGO_INT,riesgo,repitencia,,,E232,NA,NA,0.0,riesgos_internos.csv,Registros ERP académico,Valor directo de columna repitencia,2026-06-25 11:12:08,87f174cf-db07-4b4a-9e4d-c229aab16e4f,1.0
RI149_deserción,RIESGO_INT,riesgo,deserción,,,E232,NA,NA,0.0,riesgos_internos.csv,Registros ERP académico,Valor directo de columna deserción,2026-06-25 11:12:08,87f174cf-db07-4b4a-9e4d-c229aab16e4f,1.0
RI150_desempeño,RIESGO_INT,riesgo,desempeño,,,E233,NA,NA,0.807,riesgos_internos.csv,Registros ERP académico,Valor directo de columna desempeño,2026-06-25 11:12:08,87f174cf-db07-4b4a-9e4d-c229aab16e4f,1.0
RI150_repitencia,RIESGO_INT,riesgo,repitencia,,,E233,NA,NA,2.0,riesgos_internos.csv,Registros ERP académico,Valor directo de columna repitencia,2026-06-25 11:12:08,87f174cf-db07-4b4a-9e4d-c229aab16e4f,1.0
RI150_deserción,RIESGO_INT,riesgo,deserción,,,E233,NA,NA,0.0,riesgos_internos.csv,Registros ERP académico,Valor directo de columna deserción,2026-06-25 11:12:08,87f174cf-db07-4b4a-9e4d-c229aab16e4f,1.0
RI151_desempeño,RIESGO_INT,riesgo,desempeño,,,E234,NA,NA,0.582,riesgos_internos.csv,Registros ERP académico,Valor directo de columna desempeño,2026-06-25 11:12:08,87f174cf-db07-4b4a-9e4d-c229aab16e4f,1.0
RI151_repitencia,RIESGO_INT,riesgo,repitencia,,,E234,NA,NA,6.0,riesgos_internos.csv,Registros ERP académico,Valor directo de columna repitencia,2026-06-25 11:12:08,87f174cf-db07-4b4a-9e4d-c229aab16e4f,1.0
RI151_deserción,RIESGO_INT,riesgo,deserción,,,E234,NA,NA,1.0,riesgos_internos.csv,Registros ERP académico,Valor directo de columna deserción,2026-06-25 11:12:08,87f174cf-db07-4b4a-9e4d-c229aab16e4f,1.0
RI152_desempeño,RIESGO_INT,riesgo,desempeño,,,E235,NA,NA,0.781,riesgos_internos.csv,Registros ERP académico,Valor directo de columna desempeño,2026-06-25 11:12:08,87f174cf-db07-4b4a-9e4d-c229aab16e4f,1.0
RI152_repitencia,RIESGO_INT,riesgo,repitencia,,,E235,NA,NA,1.0,riesgos_internos.csv,Registros ERP académico,Valor directo de columna repitencia,2026-06-25 11:12:08,87f174cf-db07-4b4a-9e4d-c229aab16e4f,1.0
RI152_deserción,RIESGO_INT,riesgo,deserción,,,E235,NA,NA,0.0,riesgos_internos.csv,Registros ERP académico,Valor directo de columna deserción,2026-06-25 11:12:08,87f174cf-db07-4b4a-9e4d-c229aab16e4f,1.0
RI153_desempeño,RIESGO_INT,riesgo,desempeño,,,E236,NA,NA,0.652,riesgos_internos.csv,Registros ERP académico,Valor directo de columna desempeño,2026-06-25 11:12:08,87f174cf-db07-4b4a-9e4d-c229aab16e4f,1.0
RI153_repitencia,RIESGO_INT,riesgo,repitencia,,,E236,NA,NA,8.0,riesgos_internos.csv,Registros ERP académico,Valor directo de columna repitencia,2026-06-25 11:12:08,87f174cf-db07-4b4a-9e4d-c229aab16e4f,1.0
RI153_deserción,RIESGO_INT,riesgo,deserción,,,E236,NA,NA,1.0,riesgos_internos.csv,Registros ERP académico,Valor directo de columna deserción,2026-06-25 11:12:08,87f174cf-db07-4b4a-9e4d-c229aab16e4f,1.0
RI154_desempeño,RIESGO_INT,riesgo,desempeño,,,E237,NA,NA,0.686,riesgos_internos.csv,Registros ERP académico,Valor directo de columna desempeño,2026-06-25 11:12:08,87f174cf-db07-4b4a-9e4d-c229aab16e4f,1.0
RI154_repitencia,RIESGO_INT,riesgo,repitencia,,,E237,NA,NA,16.0,riesgos_internos.csv,Registros ERP académico,Valor directo de columna repitencia,2026-06-25 11:12:08,87f174cf-db07-4b4a-9e4d-c229aab16e4f,1.0
RI154_deserción,RIESGO_INT,riesgo,deserción,,,E237,NA,NA,1.0,riesgos_internos.csv,Registros ERP académico,Valor directo de columna deserción,2026-06-25 11:12:08,87f174cf-db07-4b4a-9e4d-c229aab16e4f,1.0
RI155_desempeño,RIESGO_INT,riesgo,desempeño,,,E238,NA,NA,0.687,riesgos_internos.csv,Registros ERP académico,Valor directo de columna desempeño,2026-06-25 11:12:08,87f174cf-db07-4b4a-9e4d-c229aab16e4f,1.0
RI155_repitencia,RIESGO_INT,riesgo,repitencia,,,E238,NA,NA,10.0,riesgos_internos.csv,Registros ERP académico,Valor directo de columna repitencia,2026-06-25 11:12:08,87f174cf-db07-4b4a-9e4d-c229aab16e4f,1.0
RI155_deserción,RIESGO_INT,riesgo,deserción,,,E238,NA,NA,1.0,riesgos_internos.csv,Registros ERP académico,Valor directo de columna deserción,2026-06-25 11:12:08,87f174cf-db07-4b4a-9e4d-c229aab16e4f,1.0
RI156_desempeño,RIESGO_INT,riesgo,desempeño,,,E239,NA,NA,0.656,riesgos_internos.csv,Registros ERP académico,Valor directo de columna desempeño,2026-06-25 11:12:08,87f174cf-db07-4b4a-9e4d-c229aab16e4f,1.0
RI156_repitencia,RIESGO_INT,riesgo,repitencia,,,E239,NA,NA,6.0,riesgos_internos.csv,Registros ERP académico,Valor directo de columna repitencia,2026-06-25 11:12:08,87f174cf-db07-4b4a-9e4d-c229aab16e4f,1.0
RI156_deserción,RIESGO_INT,riesgo,deserción,,,E239,NA,NA,1.0,riesgos_internos.csv,Registros ERP académico,Valor directo de columna deserción,2026-06-25 11:12:08,87f174cf-db07-4b4a-9e4d-c229aab16e4f,1.0
RI157_desempeño,RIESGO_INT,riesgo,desempeño,,,E24,NA,NA,0.763,riesgos_internos.csv,Registros ERP académico,Valor directo de columna desempeño,2026-06-25 11:12:08,87f174cf-db07-4b4a-9e4d-c229aab16e4f,1.0
RI157_repitencia,RIESGO_INT,riesgo,repitencia,,,E24,NA,NA,3.0,riesgos_internos.csv,Registros ERP académico,Valor directo de columna repitencia,2026-06-25 11:12:08,87f174cf-db07-4b4a-9e4d-c229aab16e4f,1.0
RI157_deserción,RIESGO_INT,riesgo,deserción,,,E24,NA,NA,0.0,riesgos_internos.csv,Registros ERP académico,Valor directo de columna deserción,2026-06-25 11:12:08,87f174cf-db07-4b4a-9e4d-c229aab16e4f,1.0
RI158_desempeño,RIESGO_INT,riesgo,desempeño,,,E240,NA,NA,0.791,riesgos_internos.csv,Registros ERP académico,Valor directo de columna desempeño,2026-06-25 11:12:08,87f174cf-db07-4b4a-9e4d-c229aab16e4f,1.0
RI158_repitencia,RIESGO_INT,riesgo,repitencia,,,E240,NA,NA,2.0,riesgos_internos.csv,Registros ERP académico,Valor directo de columna repitencia,2026-06-25 11:12:08,87f174cf-db07-4b4a-9e4d-c229aab16e4f,1.0
RI158_deserción,RIESGO_INT,riesgo,deserción,,,E240,NA,NA,0.0,riesgos_internos.csv,Registros ERP académico,Valor directo de columna deserción,2026-06-25 11:12:08,87f174cf-db07-4b4a-9e4d-c229aab16e4f,1.0
RI159_desempeño,RIESGO_INT,riesgo,desempeño,,,E241,NA,NA,0.814,riesgos_internos.csv,Registros ERP académico,Valor directo de columna desempeño,2026-06-25 11:12:08,87f174cf-db07-4b4a-9e4d-c229aab16e4f,1.0
RI159_repitencia,RIESGO_INT,riesgo,repitencia,,,E241,NA,NA,2.0,riesgos_internos.csv,Registros ERP académico,Valor directo de columna repitencia,2026-06-25 11:12:08,87f174cf-db07-4b4a-9e4d-c229aab16e4f,1.0
RI159_deserción,RIESGO_INT,riesgo,deserción,,,E241,NA,NA,0.0,riesgos_internos.csv,Registros ERP académico,Valor directo de columna deserción,2026-06-25 11:12:08,87f174cf-db07-4b4a-9e4d-c229aab16e4f,1.0
RI160_desempeño,RIESGO_INT,riesgo,desempeño,,,E242,NA,NA,0.692,riesgos_internos.csv,Registros ERP académico,Valor directo de columna desempeño,2026-06-25 11:12:08,87f174cf-db07-4b4a-9e4d-c229aab16e4f,1.0
RI160_repitencia,RIESGO_INT,riesgo,repitencia,,,E242,NA,NA,4.0,riesgos_internos.csv,Registros ERP académico,Valor directo de columna repitencia,2026-06-25 11:12:08,87f174cf-db07-4b4a-9e4d-c229aab16e4f,1.0
RI160_deserción,RIESGO_INT,riesgo,deserción,,,E242,NA,NA,1.0,riesgos_internos.csv,Registros ERP académico,Valor directo de columna deserción,2026-06-25 11:12:08,87f174cf-db07-4b4a-9e4d-c229aab16e4f,1.0
RI161_desempeño,RIESGO_INT,riesgo,desempeño,,,E243,NA,NA,0.741,riesgos_internos.csv,Registros ERP académico,Valor directo de columna desempeño,2026-06-25 11:12:08,87f174cf-db07-4b4a-9e4d-c229aab16e4f,1.0
RI161_repitencia,RIESGO_INT,riesgo,repitencia,,,E243,NA,NA,4.0,riesgos_internos.csv,Registros ERP académico,Valor directo de columna repitencia,2026-06-25 11:12:08,87f174cf-db07-4b4a-9e4d-c229aab16e4f,1.0
RI161_deserción,RIESGO_INT,riesgo,deserción,,,E243,NA,NA,1.0,riesgos_internos.csv,Registros ERP académico,Valor directo de columna deserción,2026-06-25 11:12:08,87f174cf-db07-4b4a-9e4d-c229aab16e4f,1.0
RI162_desempeño,RIESGO_INT,riesgo,desempeño,,,E244,NA,NA,0.816,riesgos_internos.csv,Registros ERP académico,Valor directo de columna desempeño,2026-06-25 11:12:08,87f174cf-db07-4b4a-9e4d-c229aab16e4f,1.0
RI162_repitencia,RIESGO_INT,riesgo,repitencia,,,E244,NA,NA,0.0,riesgos_internos.csv,Registros ERP académico,Valor directo de columna repitencia,2026-06-25 11:12:08,87f174cf-db07-4b4a-9e4d-c229aab16e4f,1.0
RI162_deserción,RIESGO_INT,riesgo,deserción,,,E244,NA,NA,0.0,riesgos_internos.csv,Registros ERP académico,Valor directo de columna deserción,2026-06-25 11:12:08,87f174cf-db07-4b4a-9e4d-c229aab16e4f,1.0
RI163_desempeño,RIESGO_INT,riesgo,desempeño,,,E245,NA,NA,0.792,riesgos_internos.csv,Registros ERP académico,Valor directo de columna desempeño,2026-06-25 11:12:08,87f174cf-db07-4b4a-9e4d-c229aab16e4f,1.0
RI163_repitencia,RIESGO_INT,riesgo,repitencia,,,E245,NA,NA,3.0,riesgos_internos.csv,Registros ERP académico,Valor directo de columna repitencia,2026-06-25 11:12:08,87f174cf-db07-4b4a-9e4d-c229aab16e4f,1.0
RI163_deserción,RIESGO_INT,riesgo,deserción,,,E245,NA,NA,0.0,riesgos_internos.csv,Registros ERP académico,Valor directo de columna deserción,2026-06-25 11:12:08,87f174cf-db07-4b4a-9e4d-c229aab16e4f,1.0
RI164_desempeño,RIESGO_INT,riesgo,desempeño,,,E246,NA,NA,0.688,riesgos_internos.csv,Registros ERP académico,Valor directo de columna desempeño,2026-06-25 11:12:08,87f174cf-db07-4b4a-9e4d-c229aab16e4f,1.0
RI164_repitencia,RIESGO_INT,riesgo,repitencia,,,E246,NA,NA,2.0,riesgos_internos.csv,Registros ERP académico,Valor directo de columna repitencia,2026-06-25 11:12:08,87f174cf-db07-4b4a-9e4d-c229aab16e4f,1.0
RI164_deserción,RIESGO_INT,riesgo,deserción,,,E246,NA,NA,0.0,riesgos_internos.csv,Registros ERP académico,Valor directo de columna deserción,2026-06-25 11:12:08,87f174cf-db07-4b4a-9e4d-c229aab16e4f,1.0
RI165_desempeño,RIESGO_INT,riesgo,desempeño,,,E247,NA,NA,0.729,riesgos_internos.csv,Registros ERP académico,Valor directo de columna desempeño,2026-06-25 11:12:08,87f174cf-db07-4b4a-9e4d-c229aab16e4f,1.0
RI165_repitencia,RIESGO_INT,riesgo,repitencia,,,E247,NA,NA,10.0,riesgos_internos.csv,Registros ERP académico,Valor directo de columna repitencia,2026-06-25 11:12:08,87f174cf-db07-4b4a-9e4d-c229aab16e4f,1.0
RI165_deserción,RIESGO_INT,riesgo,deserción,,,E247,NA,NA,0.0,riesgos_internos.csv,Registros ERP académico,Valor directo de columna deserción,2026-06-25 11:12:08,87f174cf-db07-4b4a-9e4d-c229aab16e4f,1.0
RI166_desempeño,RIESGO_INT,riesgo,desempeño,,,E248,NA,NA,0.716,riesgos_internos.csv,Registros ERP académico,Valor directo de columna desempeño,2026-06-25 11:12:08,87f174cf-db07-4b4a-9e4d-c229aab16e4f,1.0
RI166_repitencia,RIESGO_INT,riesgo,repitencia,,,E248,NA,NA,5.0,riesgos_internos.csv,Registros ERP académico,Valor directo de columna repitencia,2026-06-25 11:12:08,87f174cf-db07-4b4a-9e4d-c229aab16e4f,1.0
RI166_deserción,RIESGO_INT,riesgo,deserción,,,E248,NA,NA,1.0,riesgos_internos.csv,Registros ERP académico,Valor directo de columna deserción,2026-06-25 11:12:08,87f174cf-db07-4b4a-9e4d-c229aab16e4f,1.0
RI167_desempeño,RIESGO_INT,riesgo,desempeño,,,E249,NA,NA,0.74,riesgos_internos.csv,Registros ERP académico,Valor directo de columna desempeño,2026-06-25 11:12:08,87f174cf-db07-4b4a-9e4d-c229aab16e4f,1.0
RI167_repitencia,RIESGO_INT,riesgo,repitencia,,,E249,NA,NA,10.0,riesgos_internos.csv,Registros ERP académico,Valor directo de columna repitencia,2026-06-25 11:12:08,87f174cf-db07-4b4a-9e4d-c229aab16e4f,1.0
RI167_deserción,RIESGO_INT,riesgo,deserción,,,E249,NA,NA,0.0,riesgos_internos.csv,Registros ERP académico,Valor directo de columna deserción,2026-06-25 11:12:08,87f174cf-db07-4b4a-9e4d-c229aab16e4f,1.0
RI168_desempeño,RIESGO_INT,riesgo,desempeño,,,E25,NA,NA,0.865,riesgos_internos.csv,Registros ERP académico,Valor directo de columna desempeño,2026-06-25 11:12:08,87f174cf-db07-4b4a-9e4d-c229aab16e4f,1.0
RI168_repitencia,RIESGO_INT,riesgo,repitencia,,,E25,NA,NA,0.0,riesgos_internos.csv,Registros ERP académico,Valor directo de columna repitencia,2026-06-25 11:12:08,87f174cf-db07-4b4a-9e4d-c229aab16e4f,1.0
RI168_deserción,RIESGO_INT,riesgo,deserción,,,E25,NA,NA,0.0,riesgos_internos.csv,Registros ERP académico,Valor directo de columna deserción,2026-06-25 11:12:08,87f174cf-db07-4b4a-9e4d-c229aab16e4f,1.0
RI169_desempeño,RIESGO_INT,riesgo,desempeño,,,E250,NA,NA,0.656,riesgos_internos.csv,Registros ERP académico,Valor directo de columna desempeño,2026-06-25 11:12:08,87f174cf-db07-4b4a-9e4d-c229aab16e4f,1.0
RI169_repitencia,RIESGO_INT,riesgo,repitencia,,,E250,NA,NA,5.0,riesgos_internos.csv,Registros ERP académico,Valor directo de columna repitencia,2026-06-25 11:12:08,87f174cf-db07-4b4a-9e4d-c229aab16e4f,1.0
RI169_deserción,RIESGO_INT,riesgo,deserción,,,E250,NA,NA,1.0,riesgos_internos.csv,Registros ERP académico,Valor directo de columna deserción,2026-06-25 11:12:08,87f174cf-db07-4b4a-9e4d-c229aab16e4f,1.0
RI170_desempeño,RIESGO_INT,riesgo,desempeño,,,E251,NA,NA,0.782,riesgos_internos.csv,Registros ERP académico,Valor directo de columna desempeño,2026-06-25 11:12:08,87f174cf-db07-4b4a-9e4d-c229aab16e4f,1.0
RI170_repitencia,RIESGO_INT,riesgo,repitencia,,,E251,NA,NA,2.0,riesgos_internos.csv,Registros ERP académico,Valor directo de columna repitencia,2026-06-25 11:12:08,87f174cf-db07-4b4a-9e4d-c229aab16e4f,1.0
RI170_deserción,RIESGO_INT,riesgo,deserción,,,E251,NA,NA,0.0,riesgos_internos.csv,Registros ERP académico,Valor directo de columna deserción,2026-06-25 11:12:08,87f174cf-db07-4b4a-9e4d-c229aab16e4f,1.0
RI171_desempeño,RIESGO_INT,riesgo,desempeño,,,E252,NA,NA,0.823,riesgos_internos.csv,Registros ERP académico,Valor directo de columna desempeño,2026-06-25 11:12:08,87f174cf-db07-4b4a-9e4d-c229aab16e4f,1.0
RI171_repitencia,RIESGO_INT,riesgo,repitencia,,,E252,NA,NA,1.0,riesgos_internos.csv,Registros ERP académico,Valor directo de columna repitencia,2026-06-25 11:12:08,87f174cf-db07-4b4a-9e4d-c229aab16e4f,1.0
RI171_deserción,RIESGO_INT,riesgo,deserción,,,E252,NA,NA,0.0,riesgos_internos.csv,Registros ERP académico,Valor directo de columna deserción,2026-06-25 11:12:08,87f174cf-db07-4b4a-9e4d-c229aab16e4f,1.0
RI172_desempeño,RIESGO_INT,riesgo,desempeño,,,E253,NA,NA,0.748,riesgos_internos.csv,Registros ERP académico,Valor directo de columna desempeño,2026-06-25 11:12:08,87f174cf-db07-4b4a-9e4d-c229aab16e4f,1.0
RI172_repitencia,RIESGO_INT,riesgo,repitencia,,,E253,NA,NA,8.0,riesgos_internos.csv,Registros ERP académico,Valor directo de columna repitencia,2026-06-25 11:12:08,87f174cf-db07-4b4a-9e4d-c229aab16e4f,1.0
RI172_deserción,RIESGO_INT,riesgo,deserción,,,E253,NA,NA,0.0,riesgos_internos.csv,Registros ERP académico,Valor directo de columna deserción,2026-06-25 11:12:08,87f174cf-db07-4b4a-9e4d-c229aab16e4f,1.0
RI173_desempeño,RIESGO_INT,riesgo,desempeño,,,E254,NA,NA,0.802,riesgos_internos.csv,Registros ERP académico,Valor directo de columna desempeño,2026-06-25 11:12:08,87f174cf-db07-4b4a-9e4d-c229aab16e4f,1.0
RI173_repitencia,RIESGO_INT,riesgo,repitencia,,,E254,NA,NA,2.0,riesgos_internos.csv,Registros ERP académico,Valor directo de columna repitencia,2026-06-25 11:12:08,87f174cf-db07-4b4a-9e4d-c229aab16e4f,1.0
RI173_deserción,RIESGO_INT,riesgo,deserción,,,E254,NA,NA,0.0,riesgos_internos.csv,Registros ERP académico,Valor directo de columna deserción,2026-06-25 11:12:08,87f174cf-db07-4b4a-9e4d-c229aab16e4f,1.0
RI174_desempeño,RIESGO_INT,riesgo,desempeño,,,E255,NA,NA,0.845,riesgos_internos.csv,Registros ERP académico,Valor directo de columna desempeño,2026-06-25 11:12:08,87f174cf-db07-4b4a-9e4d-c229aab16e4f,1.0
RI174_repitencia,RIESGO_INT,riesgo,repitencia,,,E255,NA,NA,0.0,riesgos_internos.csv,Registros ERP académico,Valor directo de columna repitencia,2026-06-25 11:12:08,87f174cf-db07-4b4a-9e4d-c229aab16e4f,1.0
RI174_deserción,RIESGO_INT,riesgo,deserción,,,E255,NA,NA,0.0,riesgos_internos.csv,Registros ERP académico,Valor directo de columna deserción,2026-06-25 11:12:08,87f174cf-db07-4b4a-9e4d-c229aab16e4f,1.0
RI175_desempeño,RIESGO_INT,riesgo,desempeño,,,E256,NA,NA,0.664,riesgos_internos.csv,Registros ERP académico,Valor directo de columna desempeño,2026-06-25 11:12:08,87f174cf-db07-4b4a-9e4d-c229aab16e4f,1.0
RI175_repitencia,RIESGO_INT,riesgo,repitencia,,,E256,NA,NA,4.0,riesgos_internos.csv,Registros ERP académico,Valor directo de columna repitencia,2026-06-25 11:12:08,87f174cf-db07-4b4a-9e4d-c229aab16e4f,1.0
RI175_deserción,RIESGO_INT,riesgo,deserción,,,E256,NA,NA,1.0,riesgos_internos.csv,Registros ERP académico,Valor directo de columna deserción,2026-06-25 11:12:08,87f174cf-db07-4b4a-9e4d-c229aab16e4f,1.0
RI176_desempeño,RIESGO_INT,riesgo,desempeño,,,E257,NA,NA,0.791,riesgos_internos.csv,Registros ERP académico,Valor directo de columna desempeño,2026-06-25 11:12:08,87f174cf-db07-4b4a-9e4d-c229aab16e4f,1.0
RI176_repitencia,RIESGO_INT,riesgo,repitencia,,,E257,NA,NA,4.0,riesgos_internos.csv,Registros ERP académico,Valor directo de columna repitencia,2026-06-25 11:12:08,87f174cf-db07-4b4a-9e4d-c229aab16e4f,1.0
RI176_deserción,RIESGO_INT,riesgo,deserción,,,E257,NA,NA,0.0,riesgos_internos.csv,Registros ERP académico,Valor directo de columna deserción,2026-06-25 11:12:08,87f174cf-db07-4b4a-9e4d-c229aab16e4f,1.0
RI177_desempeño,RIESGO_INT,riesgo,desempeño,,,E258,NA,NA,0.631,riesgos_internos.csv,Registros ERP académico,Valor directo de columna desempeño,2026-06-25 11:12:08,87f174cf-db07-4b4a-9e4d-c229aab16e4f,1.0
RI177_repitencia,RIESGO_INT,riesgo,repitencia,,,E258,NA,NA,5.0,riesgos_internos.csv,Registros ERP académico,Valor directo de columna repitencia,2026-06-25 11:12:08,87f174cf-db07-4b4a-9e4d-c229aab16e4f,1.0
RI177_deserción,RIESGO_INT,riesgo,deserción,,,E258,NA,NA,1.0,riesgos_internos.csv,Registros ERP académico,Valor directo de columna deserción,2026-06-25 11:12:08,87f174cf-db07-4b4a-9e4d-c229aab16e4f,1.0
RI178_desempeño,RIESGO_INT,riesgo,desempeño,,,E259,NA,NA,0.707,riesgos_internos.csv,Registros ERP académico,Valor directo de columna desempeño,2026-06-25 11:12:08,87f174cf-db07-4b4a-9e4d-c229aab16e4f,1.0
RI178_repitencia,RIESGO_INT,riesgo,repitencia,,,E259,NA,NA,7.0,riesgos_internos.csv,Registros ERP académico,Valor directo de columna repitencia,2026-06-25 11:12:08,87f174cf-db07-4b4a-9e4d-c229aab16e4f,1.0
RI178_deserción,RIESGO_INT,riesgo,deserción,,,E259,NA,NA,1.0,riesgos_internos.csv,Registros ERP académico,Valor directo de columna deserción,2026-06-25 11:12:08,87f174cf-db07-4b4a-9e4d-c229aab16e4f,1.0
RI179_desempeño,RIESGO_INT,riesgo,desempeño,,,E26,NA,NA,0.586,riesgos_internos.csv,Registros ERP académico,Valor directo de columna desempeño,2026-06-25 11:12:08,87f174cf-db07-4b4a-9e4d-c229aab16e4f,1.0
RI179_repitencia,RIESGO_INT,riesgo,repitencia,,,E26,NA,NA,7.0,riesgos_internos.csv,Registros ERP académico,Valor directo de columna repitencia,2026-06-25 11:12:08,87f174cf-db07-4b4a-9e4d-c229aab16e4f,1.0
RI179_deserción,RIESGO_INT,riesgo,deserción,,,E26,NA,NA,1.0,riesgos_internos.csv,Registros ERP académico,Valor directo de columna deserción,2026-06-25 11:12:08,87f174cf-db07-4b4a-9e4d-c229aab16e4f,1.0
RI180_desempeño,RIESGO_INT,riesgo,desempeño,,,E260,NA,NA,0.758,riesgos_internos.csv,Registros ERP académico,Valor directo de columna desempeño,2026-06-25 11:12:08,87f174cf-db07-4b4a-9e4d-c229aab16e4f,1.0
RI180_repitencia,RIESGO_INT,riesgo,repitencia,,,E260,NA,NA,9.0,riesgos_internos.csv,Registros ERP académico,Valor directo de columna repitencia,2026-06-25 11:12:08,87f174cf-db07-4b4a-9e4d-c229aab16e4f,1.0
RI180_deserción,RIESGO_INT,riesgo,deserción,,,E260,NA,NA,0.0,riesgos_internos.csv,Registros ERP académico,Valor directo de columna deserción,2026-06-25 11:12:08,87f174cf-db07-4b4a-9e4d-c229aab16e4f,1.0
RI181_desempeño,RIESGO_INT,riesgo,desempeño,,,E261,NA,NA,0.612,riesgos_internos.csv,Registros ERP académico,Valor directo de columna desempeño,2026-06-25 11:12:08,87f174cf-db07-4b4a-9e4d-c229aab16e4f,1.0
RI181_repitencia,RIESGO_INT,riesgo,repitencia,,,E261,NA,NA,7.0,riesgos_internos.csv,Registros ERP académico,Valor directo de columna repitencia,2026-06-25 11:12:08,87f174cf-db07-4b4a-9e4d-c229aab16e4f,1.0
RI181_deserción,RIESGO_INT,riesgo,deserción,,,E261,NA,NA,1.0,riesgos_internos.csv,Registros ERP académico,Valor directo de columna deserción,2026-06-25 11:12:08,87f174cf-db07-4b4a-9e4d-c229aab16e4f,1.0
RI182_desempeño,RIESGO_INT,riesgo,desempeño,,,E262,NA,NA,0.712,riesgos_internos.csv,Registros ERP académico,Valor directo de columna desempeño,2026-06-25 11:12:08,87f174cf-db07-4b4a-9e4d-c229aab16e4f,1.0
RI182_repitencia,RIESGO_INT,riesgo,repitencia,,,E262,NA,NA,9.0,riesgos_internos.csv,Registros ERP académico,Valor directo de columna repitencia,2026-06-25 11:12:08,87f174cf-db07-4b4a-9e4d-c229aab16e4f,1.0
RI182_deserción,RIESGO_INT,riesgo,deserción,,,E262,NA,NA,1.0,riesgos_internos.csv,Registros ERP académico,Valor directo de columna deserción,2026-06-25 11:12:08,87f174cf-db07-4b4a-9e4d-c229aab16e4f,1.0
RI183_desempeño,RIESGO_INT,riesgo,desempeño,,,E263,NA,NA,0.628,riesgos_internos.csv,Registros ERP académico,Valor directo de columna desempeño,2026-06-25 11:12:08,87f174cf-db07-4b4a-9e4d-c229aab16e4f,1.0
RI183_repitencia,RIESGO_INT,riesgo,repitencia,,,E263,NA,NA,7.0,riesgos_internos.csv,Registros ERP académico,Valor directo de columna repitencia,2026-06-25 11:12:08,87f174cf-db07-4b4a-9e4d-c229aab16e4f,1.0
RI183_deserción,RIESGO_INT,riesgo,deserción,,,E263,NA,NA,1.0,riesgos_internos.csv,Registros ERP académico,Valor directo de columna deserción,2026-06-25 11:12:08,87f174cf-db07-4b4a-9e4d-c229aab16e4f,1.0
RI184_desempeño,RIESGO_INT,riesgo,desempeño,,,E264,NA,NA,0.857,riesgos_internos.csv,Registros ERP académico,Valor directo de columna desempeño,2026-06-25 11:12:08,87f174cf-db07-4b4a-9e4d-c229aab16e4f,1.0
RI184_repitencia,RIESGO_INT,riesgo,repitencia,,,E264,NA,NA,0.0,riesgos_internos.csv,Registros ERP académico,Valor directo de columna repitencia,2026-06-25 11:12:08,87f174cf-db07-4b4a-9e4d-c229aab16e4f,1.0
RI184_deserción,RIESGO_INT,riesgo,deserción,,,E264,NA,NA,0.0,riesgos_internos.csv,Registros ERP académico,Valor directo de columna deserción,2026-06-25 11:12:08,87f174cf-db07-4b4a-9e4d-c229aab16e4f,1.0
RI185_desempeño,RIESGO_INT,riesgo,desempeño,,,E265,NA,NA,0.686,riesgos_internos.csv,Registros ERP académico,Valor directo de columna desempeño,2026-06-25 11:12:08,87f174cf-db07-4b4a-9e4d-c229aab16e4f,1.0
RI185_repitencia,RIESGO_INT,riesgo,repitencia,,,E265,NA,NA,15.0,riesgos_internos.csv,Registros ERP académico,Valor directo de columna repitencia,2026-06-25 11:12:08,87f174cf-db07-4b4a-9e4d-c229aab16e4f,1.0
RI185_deserción,RIESGO_INT,riesgo,deserción,,,E265,NA,NA,1.0,riesgos_internos.csv,Registros ERP académico,Valor directo de columna deserción,2026-06-25 11:12:08,87f174cf-db07-4b4a-9e4d-c229aab16e4f,1.0
RI186_desempeño,RIESGO_INT,riesgo,desempeño,,,E266,NA,NA,0.651,riesgos_internos.csv,Registros ERP académico,Valor directo de columna desempeño,2026-06-25 11:12:08,87f174cf-db07-4b4a-9e4d-c229aab16e4f,1.0
RI186_repitencia,RIESGO_INT,riesgo,repitencia,,,E266,NA,NA,6.0,riesgos_internos.csv,Registros ERP académico,Valor directo de columna repitencia,2026-06-25 11:12:08,87f174cf-db07-4b4a-9e4d-c229aab16e4f,1.0
RI186_deserción,RIESGO_INT,riesgo,deserción,,,E266,NA,NA,1.0,riesgos_internos.csv,Registros ERP académico,Valor directo de columna deserción,2026-06-25 11:12:08,87f174cf-db07-4b4a-9e4d-c229aab16e4f,1.0
RI187_desempeño,RIESGO_INT,riesgo,desempeño,,,E267,NA,NA,0.702,riesgos_internos.csv,Registros ERP académico,Valor directo de columna desempeño,2026-06-25 11:12:08,87f174cf-db07-4b4a-9e4d-c229aab16e4f,1.0
RI187_repitencia,RIESGO_INT,riesgo,repitencia,,,E267,NA,NA,7.0,riesgos_internos.csv,Registros ERP académico,Valor directo de columna repitencia,2026-06-25 11:12:08,87f174cf-db07-4b4a-9e4d-c229aab16e4f,1.0
RI187_deserción,RIESGO_INT,riesgo,deserción,,,E267,NA,NA,1.0,riesgos_internos.csv,Registros ERP académico,Valor directo de columna deserción,2026-06-25 11:12:08,87f174cf-db07-4b4a-9e4d-c229aab16e4f,1.0
RI188_desempeño,RIESGO_INT,riesgo,desempeño,,,E268,NA,NA,0.709,riesgos_internos.csv,Registros ERP académico,Valor directo de columna desempeño,2026-06-25 11:12:08,87f174cf-db07-4b4a-9e4d-c229aab16e4f,1.0
RI188_repitencia,RIESGO_INT,riesgo,repitencia,,,E268,NA,NA,15.0,riesgos_internos.csv,Registros ERP académico,Valor directo de columna repitencia,2026-06-25 11:12:08,87f174cf-db07-4b4a-9e4d-c229aab16e4f,1.0
RI188_deserción,RIESGO_INT,riesgo,deserción,,,E268,NA,NA,0.0,riesgos_internos.csv,Registros ERP académico,Valor directo de columna deserción,2026-06-25 11:12:08,87f174cf-db07-4b4a-9e4d-c229aab16e4f,1.0
RI189_desempeño,RIESGO_INT,riesgo,desempeño,,,E269,NA,NA,0.765,riesgos_internos.csv,Registros ERP académico,Valor directo de columna desempeño,2026-06-25 11:12:08,87f174cf-db07-4b4a-9e4d-c229aab16e4f,1.0
RI189_repitencia,RIESGO_INT,riesgo,repitencia,,,E269,NA,NA,5.0,riesgos_internos.csv,Registros ERP académico,Valor directo de columna repitencia,2026-06-25 11:12:08,87f174cf-db07-4b4a-9e4d-c229aab16e4f,1.0
RI189_deserción,RIESGO_INT,riesgo,deserción,,,E269,NA,NA,0.0,riesgos_internos.csv,Registros ERP académico,Valor directo de columna deserción,2026-06-25 11:12:08,87f174cf-db07-4b4a-9e4d-c229aab16e4f,1.0
RI190_desempeño,RIESGO_INT,riesgo,desempeño,,,E27,NA,NA,0.624,riesgos_internos.csv,Registros ERP académico,Valor directo de columna desempeño,2026-06-25 11:12:08,87f174cf-db07-4b4a-9e4d-c229aab16e4f,1.0
RI190_repitencia,RIESGO_INT,riesgo,repitencia,,,E27,NA,NA,6.0,riesgos_internos.csv,Registros ERP académico,Valor directo de columna repitencia,2026-06-25 11:12:08,87f174cf-db07-4b4a-9e4d-c229aab16e4f,1.0
RI190_deserción,RIESGO_INT,riesgo,deserción,,,E27,NA,NA,1.0,riesgos_internos.csv,Registros ERP académico,Valor directo de columna deserción,2026-06-25 11:12:08,87f174cf-db07-4b4a-9e4d-c229aab16e4f,1.0
RI191_desempeño,RIESGO_INT,riesgo,desempeño,,,E270,NA,NA,0.792,riesgos_internos.csv,Registros ERP académico,Valor directo de columna desempeño,2026-06-25 11:12:08,87f174cf-db07-4b4a-9e4d-c229aab16e4f,1.0
RI191_repitencia,RIESGO_INT,riesgo,repitencia,,,E270,NA,NA,0.0,riesgos_internos.csv,Registros ERP académico,Valor directo de columna repitencia,2026-06-25 11:12:08,87f174cf-db07-4b4a-9e4d-c229aab16e4f,1.0
RI191_deserción,RIESGO_INT,riesgo,deserción,,,E270,NA,NA,0.0,riesgos_internos.csv,Registros ERP académico,Valor directo de columna deserción,2026-06-25 11:12:08,87f174cf-db07-4b4a-9e4d-c229aab16e4f,1.0
RI192_desempeño,RIESGO_INT,riesgo,desempeño,,,E271,NA,NA,0.823,riesgos_internos.csv,Registros ERP académico,Valor directo de columna desempeño,2026-06-25 11:12:08,87f174cf-db07-4b4a-9e4d-c229aab16e4f,1.0
RI192_repitencia,RIESGO_INT,riesgo,repitencia,,,E271,NA,NA,0.0,riesgos_internos.csv,Registros ERP académico,Valor directo de columna repitencia,2026-06-25 11:12:08,87f174cf-db07-4b4a-9e4d-c229aab16e4f,1.0
RI192_deserción,RIESGO_INT,riesgo,deserción,,,E271,NA,NA,0.0,riesgos_internos.csv,Registros ERP académico,Valor directo de columna deserción,2026-06-25 11:12:08,87f174cf-db07-4b4a-9e4d-c229aab16e4f,1.0
RI193_desempeño,RIESGO_INT,riesgo,desempeño,,,E272,NA,NA,0.842,riesgos_internos.csv,Registros ERP académico,Valor directo de columna desempeño,2026-06-25 11:12:08,87f174cf-db07-4b4a-9e4d-c229aab16e4f,1.0
RI193_repitencia,RIESGO_INT,riesgo,repitencia,,,E272,NA,NA,1.0,riesgos_internos.csv,Registros ERP académico,Valor directo de columna repitencia,2026-06-25 11:12:08,87f174cf-db07-4b4a-9e4d-c229aab16e4f,1.0
RI193_deserción,RIESGO_INT,riesgo,deserción,,,E272,NA,NA,0.0,riesgos_internos.csv,Registros ERP académico,Valor directo de columna deserción,2026-06-25 11:12:08,87f174cf-db07-4b4a-9e4d-c229aab16e4f,1.0
RI194_desempeño,RIESGO_INT,riesgo,desempeño,,,E273,NA,NA,0.772,riesgos_internos.csv,Registros ERP académico,Valor directo de columna desempeño,2026-06-25 11:12:08,87f174cf-db07-4b4a-9e4d-c229aab16e4f,1.0
RI194_repitencia,RIESGO_INT,riesgo,repitencia,,,E273,NA,NA,0.0,riesgos_internos.csv,Registros ERP académico,Valor directo de columna repitencia,2026-06-25 11:12:08,87f174cf-db07-4b4a-9e4d-c229aab16e4f,1.0
RI194_deserción,RIESGO_INT,riesgo,deserción,,,E273,NA,NA,0.0,riesgos_internos.csv,Registros ERP académico,Valor directo de columna deserción,2026-06-25 11:12:08,87f174cf-db07-4b4a-9e4d-c229aab16e4f,1.0
RI195_desempeño,RIESGO_INT,riesgo,desempeño,,,E274,NA,NA,0.713,riesgos_internos.csv,Registros ERP académico,Valor directo de columna desempeño,2026-06-25 11:12:08,87f174cf-db07-4b4a-9e4d-c229aab16e4f,1.0
RI195_repitencia,RIESGO_INT,riesgo,repitencia,,,E274,NA,NA,7.0,riesgos_internos.csv,Registros ERP académico,Valor directo de columna repitencia,2026-06-25 11:12:08,87f174cf-db07-4b4a-9e4d-c229aab16e4f,1.0
RI195_deserción,RIESGO_INT,riesgo,deserción,,,E274,NA,NA,1.0,riesgos_internos.csv,Registros ERP académico,Valor directo de columna deserción,2026-06-25 11:12:08,87f174cf-db07-4b4a-9e4d-c229aab16e4f,1.0
RI196_desempeño,RIESGO_INT,riesgo,desempeño,,,E275,NA,NA,0.78,riesgos_internos.csv,Registros ERP académico,Valor directo de columna desempeño,2026-06-25 11:12:08,87f174cf-db07-4b4a-9e4d-c229aab16e4f,1.0
RI196_repitencia,RIESGO_INT,riesgo,repitencia,,,E275,NA,NA,5.0,riesgos_internos.csv,Registros ERP académico,Valor directo de columna repitencia,2026-06-25 11:12:08,87f174cf-db07-4b4a-9e4d-c229aab16e4f,1.0
RI196_deserción,RIESGO_INT,riesgo,deserción,,,E275,NA,NA,0.0,riesgos_internos.csv,Registros ERP académico,Valor directo de columna deserción,2026-06-25 11:12:08,87f174cf-db07-4b4a-9e4d-c229aab16e4f,1.0
RI197_desempeño,RIESGO_INT,riesgo,desempeño,,,E276,NA,NA,0.711,riesgos_internos.csv,Registros ERP académico,Valor directo de columna desempeño,2026-06-25 11:12:08,87f174cf-db07-4b4a-9e4d-c229aab16e4f,1.0
RI197_repitencia,RIESGO_INT,riesgo,repitencia,,,E276,NA,NA,7.0,riesgos_internos.csv,Registros ERP académico,Valor directo de columna repitencia,2026-06-25 11:12:08,87f174cf-db07-4b4a-9e4d-c229aab16e4f,1.0
RI197_deserción,RIESGO_INT,riesgo,deserción,,,E276,NA,NA,0.0,riesgos_internos.csv,Registros ERP académico,Valor directo de columna deserción,2026-06-25 11:12:08,87f174cf-db07-4b4a-9e4d-c229aab16e4f,1.0
RI198_desempeño,RIESGO_INT,riesgo,desempeño,,,E277,NA,NA,0.671,riesgos_internos.csv,Registros ERP académico,Valor directo de columna desempeño,2026-06-25 11:12:08,87f174cf-db07-4b4a-9e4d-c229aab16e4f,1.0
RI198_repitencia,RIESGO_INT,riesgo,repitencia,,,E277,NA,NA,5.0,riesgos_internos.csv,Registros ERP académico,Valor directo de columna repitencia,2026-06-25 11:12:08,87f174cf-db07-4b4a-9e4d-c229aab16e4f,1.0
RI198_deserción,RIESGO_INT,riesgo,deserción,,,E277,NA,NA,1.0,riesgos_internos.csv,Registros ERP académico,Valor directo de columna deserción,2026-06-25 11:12:08,87f174cf-db07-4b4a-9e4d-c229aab16e4f,1.0
RI199_desempeño,RIESGO_INT,riesgo,desempeño,,,E278,NA,NA,0.743,riesgos_internos.csv,Registros ERP académico,Valor directo de columna desempeño,2026-06-25 11:12:08,87f174cf-db07-4b4a-9e4d-c229aab16e4f,1.0
RI199_repitencia,RIESGO_INT,riesgo,repitencia,,,E278,NA,NA,0.0,riesgos_internos.csv,Registros ERP académico,Valor directo de columna repitencia,2026-06-25 11:12:08,87f174cf-db07-4b4a-9e4d-c229aab16e4f,1.0
RI199_deserción,RIESGO_INT,riesgo,deserción,,,E278,NA,NA,0.0,riesgos_internos.csv,Registros ERP académico,Valor directo de columna deserción,2026-06-25 11:12:08,87f174cf-db07-4b4a-9e4d-c229aab16e4f,1.0
RI200_desempeño,RIESGO_INT,riesgo,desempeño,,,E279,NA,NA,0.823,riesgos_internos.csv,Registros ERP académico,Valor directo de columna desempeño,2026-06-25 11:12:08,87f174cf-db07-4b4a-9e4d-c229aab16e4f,1.0
RI200_repitencia,RIESGO_INT,riesgo,repitencia,,,E279,NA,NA,0.0,riesgos_internos.csv,Registros ERP académico,Valor directo de columna repitencia,2026-06-25 11:12:08,87f174cf-db07-4b4a-9e4d-c229aab16e4f,1.0
RI200_deserción,RIESGO_INT,riesgo,deserción,,,E279,NA,NA,0.0,riesgos_internos.csv,Registros ERP académico,Valor directo de columna deserción,2026-06-25 11:12:08,87f174cf-db07-4b4a-9e4d-c229aab16e4f,1.0
RI201_desempeño,RIESGO_INT,riesgo,desempeño,,,E28,NA,NA,0.717,riesgos_internos.csv,Registros ERP académico,Valor directo de columna desempeño,2026-06-25 11:12:08,87f174cf-db07-4b4a-9e4d-c229aab16e4f,1.0
RI201_repitencia,RIESGO_INT,riesgo,repitencia,,,E28,NA,NA,4.0,riesgos_internos.csv,Registros ERP académico,Valor directo de columna repitencia,2026-06-25 11:12:08,87f174cf-db07-4b4a-9e4d-c229aab16e4f,1.0
RI201_deserción,RIESGO_INT,riesgo,deserción,,,E28,NA,NA,1.0,riesgos_internos.csv,Registros ERP académico,Valor directo de columna deserción,2026-06-25 11:12:08,87f174cf-db07-4b4a-9e4d-c229aab16e4f,1.0
RI202_desempeño,RIESGO_INT,riesgo,desempeño,,,E280,NA,NA,0.744,riesgos_internos.csv,Registros ERP académico,Valor directo de columna desempeño,2026-06-25 11:12:08,87f174cf-db07-4b4a-9e4d-c229aab16e4f,1.0
RI202_repitencia,RIESGO_INT,riesgo,repitencia,,,E280,NA,NA,1.0,riesgos_internos.csv,Registros ERP académico,Valor directo de columna repitencia,2026-06-25 11:12:08,87f174cf-db07-4b4a-9e4d-c229aab16e4f,1.0
RI202_deserción,RIESGO_INT,riesgo,deserción,,,E280,NA,NA,0.0,riesgos_internos.csv,Registros ERP académico,Valor directo de columna deserción,2026-06-25 11:12:08,87f174cf-db07-4b4a-9e4d-c229aab16e4f,1.0
RI203_desempeño,RIESGO_INT,riesgo,desempeño,,,E281,NA,NA,0.728,riesgos_internos.csv,Registros ERP académico,Valor directo de columna desempeño,2026-06-25 11:12:08,87f174cf-db07-4b4a-9e4d-c229aab16e4f,1.0
RI203_repitencia,RIESGO_INT,riesgo,repitencia,,,E281,NA,NA,5.0,riesgos_internos.csv,Registros ERP académico,Valor directo de columna repitencia,2026-06-25 11:12:08,87f174cf-db07-4b4a-9e4d-c229aab16e4f,1.0
RI203_deserción,RIESGO_INT,riesgo,deserción,,,E281,NA,NA,0.0,riesgos_internos.csv,Registros ERP académico,Valor directo de columna deserción,2026-06-25 11:12:08,87f174cf-db07-4b4a-9e4d-c229aab16e4f,1.0
RI204_desempeño,RIESGO_INT,riesgo,desempeño,,,E282,NA,NA,0.755,riesgos_internos.csv,Registros ERP académico,Valor directo de columna desempeño,2026-06-25 11:12:08,87f174cf-db07-4b4a-9e4d-c229aab16e4f,1.0
RI204_repitencia,RIESGO_INT,riesgo,repitencia,,,E282,NA,NA,6.0,riesgos_internos.csv,Registros ERP académico,Valor directo de columna repitencia,2026-06-25 11:12:08,87f174cf-db07-4b4a-9e4d-c229aab16e4f,1.0
RI204_deserción,RIESGO_INT,riesgo,deserción,,,E282,NA,NA,0.0,riesgos_internos.csv,Registros ERP académico,Valor directo de columna deserción,2026-06-25 11:12:08,87f174cf-db07-4b4a-9e4d-c229aab16e4f,1.0
RI205_desempeño,RIESGO_INT,riesgo,desempeño,,,E283,NA,NA,0.75,riesgos_internos.csv,Registros ERP académico,Valor directo de columna desempeño,2026-06-25 11:12:08,87f174cf-db07-4b4a-9e4d-c229aab16e4f,1.0
RI205_repitencia,RIESGO_INT,riesgo,repitencia,,,E283,NA,NA,8.0,riesgos_internos.csv,Registros ERP académico,Valor directo de columna repitencia,2026-06-25 11:12:08,87f174cf-db07-4b4a-9e4d-c229aab16e4f,1.0
RI205_deserción,RIESGO_INT,riesgo,deserción,,,E283,NA,NA,0.0,riesgos_internos.csv,Registros ERP académico,Valor directo de columna deserción,2026-06-25 11:12:08,87f174cf-db07-4b4a-9e4d-c229aab16e4f,1.0
RI206_desempeño,RIESGO_INT,riesgo,desempeño,,,E284,NA,NA,0.671,riesgos_internos.csv,Registros ERP académico,Valor directo de columna desempeño,2026-06-25 11:12:08,87f174cf-db07-4b4a-9e4d-c229aab16e4f,1.0
RI206_repitencia,RIESGO_INT,riesgo,repitencia,,,E284,NA,NA,4.0,riesgos_internos.csv,Registros ERP académico,Valor directo de columna repitencia,2026-06-25 11:12:08,87f174cf-db07-4b4a-9e4d-c229aab16e4f,1.0
RI206_deserción,RIESGO_INT,riesgo,deserción,,,E284,NA,NA,1.0,riesgos_internos.csv,Registros ERP académico,Valor directo de columna deserción,2026-06-25 11:12:08,87f174cf-db07-4b4a-9e4d-c229aab16e4f,1.0
RI207_desempeño,RIESGO_INT,riesgo,desempeño,,,E285,NA,NA,0.677,riesgos_internos.csv,Registros ERP académico,Valor directo de columna desempeño,2026-06-25 11:12:08,87f174cf-db07-4b4a-9e4d-c229aab16e4f,1.0
RI207_repitencia,RIESGO_INT,riesgo,repitencia,,,E285,NA,NA,8.0,riesgos_internos.csv,Registros ERP académico,Valor directo de columna repitencia,2026-06-25 11:12:08,87f174cf-db07-4b4a-9e4d-c229aab16e4f,1.0
RI207_deserción,RIESGO_INT,riesgo,deserción,,,E285,NA,NA,1.0,riesgos_internos.csv,Registros ERP académico,Valor directo de columna deserción,2026-06-25 11:12:08,87f174cf-db07-4b4a-9e4d-c229aab16e4f,1.0
RI208_desempeño,RIESGO_INT,riesgo,desempeño,,,E286,NA,NA,0.65,riesgos_internos.csv,Registros ERP académico,Valor directo de columna desempeño,2026-06-25 11:12:08,87f174cf-db07-4b4a-9e4d-c229aab16e4f,1.0
RI208_repitencia,RIESGO_INT,riesgo,repitencia,,,E286,NA,NA,6.0,riesgos_internos.csv,Registros ERP académico,Valor directo de columna repitencia,2026-06-25 11:12:08,87f174cf-db07-4b4a-9e4d-c229aab16e4f,1.0
RI208_deserción,RIESGO_INT,riesgo,deserción,,,E286,NA,NA,1.0,riesgos_internos.csv,Registros ERP académico,Valor directo de columna deserción,2026-06-25 11:12:08,87f174cf-db07-4b4a-9e4d-c229aab16e4f,1.0
RI209_desempeño,RIESGO_INT,riesgo,desempeño,,,E287,NA,NA,0.81,riesgos_internos.csv,Registros ERP académico,Valor directo de columna desempeño,2026-06-25 11:12:08,87f174cf-db07-4b4a-9e4d-c229aab16e4f,1.0
RI209_repitencia,RIESGO_INT,riesgo,repitencia,,,E287,NA,NA,2.0,riesgos_internos.csv,Registros ERP académico,Valor directo de columna repitencia,2026-06-25 11:12:08,87f174cf-db07-4b4a-9e4d-c229aab16e4f,1.0
RI209_deserción,RIESGO_INT,riesgo,deserción,,,E287,NA,NA,0.0,riesgos_internos.csv,Registros ERP académico,Valor directo de columna deserción,2026-06-25 11:12:08,87f174cf-db07-4b4a-9e4d-c229aab16e4f,1.0
RI210_desempeño,RIESGO_INT,riesgo,desempeño,,,E288,NA,NA,0.851,riesgos_internos.csv,Registros ERP académico,Valor directo de columna desempeño,2026-06-25 11:12:08,87f174cf-db07-4b4a-9e4d-c229aab16e4f,1.0
RI210_repitencia,RIESGO_INT,riesgo,repitencia,,,E288,NA,NA,0.0,riesgos_internos.csv,Registros ERP académico,Valor directo de columna repitencia,2026-06-25 11:12:08,87f174cf-db07-4b4a-9e4d-c229aab16e4f,1.0
RI210_deserción,RIESGO_INT,riesgo,deserción,,,E288,NA,NA,0.0,riesgos_internos.csv,Registros ERP académico,Valor directo de columna deserción,2026-06-25 11:12:08,87f174cf-db07-4b4a-9e4d-c229aab16e4f,1.0
RI211_desempeño,RIESGO_INT,riesgo,desempeño,,,E289,NA,NA,0.826,riesgos_internos.csv,Registros ERP académico,Valor directo de columna desempeño,2026-06-25 11:12:08,87f174cf-db07-4b4a-9e4d-c229aab16e4f,1.0
RI211_repitencia,RIESGO_INT,riesgo,repitencia,,,E289,NA,NA,0.0,riesgos_internos.csv,Registros ERP académico,Valor directo de columna repitencia,2026-06-25 11:12:08,87f174cf-db07-4b4a-9e4d-c229aab16e4f,1.0
RI211_deserción,RIESGO_INT,riesgo,deserción,,,E289,NA,NA,0.0,riesgos_internos.csv,Registros ERP académico,Valor directo de columna deserción,2026-06-25 11:12:08,87f174cf-db07-4b4a-9e4d-c229aab16e4f,1.0
RI212_desempeño,RIESGO_INT,riesgo,desempeño,,,E29,NA,NA,0.868,riesgos_internos.csv,Registros ERP académico,Valor directo de columna desempeño,2026-06-25 11:12:08,87f174cf-db07-4b4a-9e4d-c229aab16e4f,1.0
RI212_repitencia,RIESGO_INT,riesgo,repitencia,,,E29,NA,NA,0.0,riesgos_internos.csv,Registros ERP académico,Valor directo de columna repitencia,2026-06-25 11:12:08,87f174cf-db07-4b4a-9e4d-c229aab16e4f,1.0
RI212_deserción,RIESGO_INT,riesgo,deserción,,,E29,NA,NA,0.0,riesgos_internos.csv,Registros ERP académico,Valor directo de columna deserción,2026-06-25 11:12:08,87f174cf-db07-4b4a-9e4d-c229aab16e4f,1.0
RI213_desempeño,RIESGO_INT,riesgo,desempeño,,,E290,NA,NA,0.64,riesgos_internos.csv,Registros ERP académico,Valor directo de columna desempeño,2026-06-25 11:12:08,87f174cf-db07-4b4a-9e4d-c229aab16e4f,1.0
RI213_repitencia,RIESGO_INT,riesgo,repitencia,,,E290,NA,NA,6.0,riesgos_internos.csv,Registros ERP académico,Valor directo de columna repitencia,2026-06-25 11:12:08,87f174cf-db07-4b4a-9e4d-c229aab16e4f,1.0
RI213_deserción,RIESGO_INT,riesgo,deserción,,,E290,NA,NA,1.0,riesgos_internos.csv,Registros ERP académico,Valor directo de columna deserción,2026-06-25 11:12:08,87f174cf-db07-4b4a-9e4d-c229aab16e4f,1.0
RI214_desempeño,RIESGO_INT,riesgo,desempeño,,,E291,NA,NA,0.656,riesgos_internos.csv,Registros ERP académico,Valor directo de columna desempeño,2026-06-25 11:12:08,87f174cf-db07-4b4a-9e4d-c229aab16e4f,1.0
RI214_repitencia,RIESGO_INT,riesgo,repitencia,,,E291,NA,NA,6.0,riesgos_internos.csv,Registros ERP académico,Valor directo de columna repitencia,2026-06-25 11:12:08,87f174cf-db07-4b4a-9e4d-c229aab16e4f,1.0
RI214_deserción,RIESGO_INT,riesgo,deserción,,,E291,NA,NA,1.0,riesgos_internos.csv,Registros ERP académico,Valor directo de columna deserción,2026-06-25 11:12:08,87f174cf-db07-4b4a-9e4d-c229aab16e4f,1.0
RI215_desempeño,RIESGO_INT,riesgo,desempeño,,,E292,NA,NA,0.844,riesgos_internos.csv,Registros ERP académico,Valor directo de columna desempeño,2026-06-25 11:12:08,87f174cf-db07-4b4a-9e4d-c229aab16e4f,1.0
RI215_repitencia,RIESGO_INT,riesgo,repitencia,,,E292,NA,NA,0.0,riesgos_internos.csv,Registros ERP académico,Valor directo de columna repitencia,2026-06-25 11:12:08,87f174cf-db07-4b4a-9e4d-c229aab16e4f,1.0
RI215_deserción,RIESGO_INT,riesgo,deserción,,,E292,NA,NA,0.0,riesgos_internos.csv,Registros ERP académico,Valor directo de columna deserción,2026-06-25 11:12:08,87f174cf-db07-4b4a-9e4d-c229aab16e4f,1.0
RI216_desempeño,RIESGO_INT,riesgo,desempeño,,,E293,NA,NA,0.632,riesgos_internos.csv,Registros ERP académico,Valor directo de columna desempeño,2026-06-25 11:12:08,87f174cf-db07-4b4a-9e4d-c229aab16e4f,1.0
RI216_repitencia,RIESGO_INT,riesgo,repitencia,,,E293,NA,NA,6.0,riesgos_internos.csv,Registros ERP académico,Valor directo de columna repitencia,2026-06-25 11:12:08,87f174cf-db07-4b4a-9e4d-c229aab16e4f,1.0
RI216_deserción,RIESGO_INT,riesgo,deserción,,,E293,NA,NA,1.0,riesgos_internos.csv,Registros ERP académico,Valor directo de columna deserción,2026-06-25 11:12:08,87f174cf-db07-4b4a-9e4d-c229aab16e4f,1.0
RI217_desempeño,RIESGO_INT,riesgo,desempeño,,,E294,NA,NA,0.79,riesgos_internos.csv,Registros ERP académico,Valor directo de columna desempeño,2026-06-25 11:12:08,87f174cf-db07-4b4a-9e4d-c229aab16e4f,1.0
RI217_repitencia,RIESGO_INT,riesgo,repitencia,,,E294,NA,NA,0.0,riesgos_internos.csv,Registros ERP académico,Valor directo de columna repitencia,2026-06-25 11:12:08,87f174cf-db07-4b4a-9e4d-c229aab16e4f,1.0
RI217_deserción,RIESGO_INT,riesgo,deserción,,,E294,NA,NA,0.0,riesgos_internos.csv,Registros ERP académico,Valor directo de columna deserción,2026-06-25 11:12:08,87f174cf-db07-4b4a-9e4d-c229aab16e4f,1.0
RI218_desempeño,RIESGO_INT,riesgo,desempeño,,,E295,NA,NA,0.684,riesgos_internos.csv,Registros ERP académico,Valor directo de columna desempeño,2026-06-25 11:12:08,87f174cf-db07-4b4a-9e4d-c229aab16e4f,1.0
RI218_repitencia,RIESGO_INT,riesgo,repitencia,,,E295,NA,NA,3.0,riesgos_internos.csv,Registros ERP académico,Valor directo de columna repitencia,2026-06-25 11:12:08,87f174cf-db07-4b4a-9e4d-c229aab16e4f,1.0
RI218_deserción,RIESGO_INT,riesgo,deserción,,,E295,NA,NA,1.0,riesgos_internos.csv,Registros ERP académico,Valor directo de columna deserción,2026-06-25 11:12:08,87f174cf-db07-4b4a-9e4d-c229aab16e4f,1.0
RI219_desempeño,RIESGO_INT,riesgo,desempeño,,,E296,NA,NA,0.847,riesgos_internos.csv,Registros ERP académico,Valor directo de columna desempeño,2026-06-25 11:12:08,87f174cf-db07-4b4a-9e4d-c229aab16e4f,1.0
RI219_repitencia,RIESGO_INT,riesgo,repitencia,,,E296,NA,NA,0.0,riesgos_internos.csv,Registros ERP académico,Valor directo de columna repitencia,2026-06-25 11:12:08,87f174cf-db07-4b4a-9e4d-c229aab16e4f,1.0
RI219_deserción,RIESGO_INT,riesgo,deserción,,,E296,NA,NA,0.0,riesgos_internos.csv,Registros ERP académico,Valor directo de columna deserción,2026-06-25 11:12:08,87f174cf-db07-4b4a-9e4d-c229aab16e4f,1.0
RI220_desempeño,RIESGO_INT,riesgo,desempeño,,,E297,NA,NA,0.848,riesgos_internos.csv,Registros ERP académico,Valor directo de columna desempeño,2026-06-25 11:12:08,87f174cf-db07-4b4a-9e4d-c229aab16e4f,1.0
RI220_repitencia,RIESGO_INT,riesgo,repitencia,,,E297,NA,NA,0.0,riesgos_internos.csv,Registros ERP académico,Valor directo de columna repitencia,2026-06-25 11:12:08,87f174cf-db07-4b4a-9e4d-c229aab16e4f,1.0
RI220_deserción,RIESGO_INT,riesgo,deserción,,,E297,NA,NA,0.0,riesgos_internos.csv,Registros ERP académico,Valor directo de columna deserción,2026-06-25 11:12:08,87f174cf-db07-4b4a-9e4d-c229aab16e4f,1.0
RI221_desempeño,RIESGO_INT,riesgo,desempeño,,,E298,NA,NA,0.682,riesgos_internos.csv,Registros ERP académico,Valor directo de columna desempeño,2026-06-25 11:12:08,87f174cf-db07-4b4a-9e4d-c229aab16e4f,1.0
RI221_repitencia,RIESGO_INT,riesgo,repitencia,,,E298,NA,NA,4.0,riesgos_internos.csv,Registros ERP académico,Valor directo de columna repitencia,2026-06-25 11:12:08,87f174cf-db07-4b4a-9e4d-c229aab16e4f,1.0
RI221_deserción,RIESGO_INT,riesgo,deserción,,,E298,NA,NA,1.0,riesgos_internos.csv,Registros ERP académico,Valor directo de columna deserción,2026-06-25 11:12:08,87f174cf-db07-4b4a-9e4d-c229aab16e4f,1.0
RI222_desempeño,RIESGO_INT,riesgo,desempeño,,,E299,NA,NA,0.727,riesgos_internos.csv,Registros ERP académico,Valor directo de columna desempeño,2026-06-25 11:12:08,87f174cf-db07-4b4a-9e4d-c229aab16e4f,1.0
RI222_repitencia,RIESGO_INT,riesgo,repitencia,,,E299,NA,NA,1.0,riesgos_internos.csv,Registros ERP académico,Valor directo de columna repitencia,2026-06-25 11:12:08,87f174cf-db07-4b4a-9e4d-c229aab16e4f,1.0
RI222_deserción,RIESGO_INT,riesgo,deserción,,,E299,NA,NA,0.0,riesgos_internos.csv,Registros ERP académico,Valor directo de columna deserción,2026-06-25 11:12:08,87f174cf-db07-4b4a-9e4d-c229aab16e4f,1.0
RI223_desempeño,RIESGO_INT,riesgo,desempeño,,,E3,NA,NA,0.688,riesgos_internos.csv,Registros ERP académico,Valor directo de columna desempeño,2026-06-25 11:12:08,87f174cf-db07-4b4a-9e4d-c229aab16e4f,1.0
RI223_repitencia,RIESGO_INT,riesgo,repitencia,,,E3,NA,NA,4.0,riesgos_internos.csv,Registros ERP académico,Valor directo de columna repitencia,2026-06-25 11:12:08,87f174cf-db07-4b4a-9e4d-c229aab16e4f,1.0
RI223_deserción,RIESGO_INT,riesgo,deserción,,,E3,NA,NA,1.0,riesgos_internos.csv,Registros ERP académico,Valor directo de columna deserción,2026-06-25 11:12:08,87f174cf-db07-4b4a-9e4d-c229aab16e4f,1.0
RI224_desempeño,RIESGO_INT,riesgo,desempeño,,,E30,NA,NA,0.845,riesgos_internos.csv,Registros ERP académico,Valor directo de columna desempeño,2026-06-25 11:12:08,87f174cf-db07-4b4a-9e4d-c229aab16e4f,1.0
RI224_repitencia,RIESGO_INT,riesgo,repitencia,,,E30,NA,NA,1.0,riesgos_internos.csv,Registros ERP académico,Valor directo de columna repitencia,2026-06-25 11:12:08,87f174cf-db07-4b4a-9e4d-c229aab16e4f,1.0
RI224_deserción,RIESGO_INT,riesgo,deserción,,,E30,NA,NA,0.0,riesgos_internos.csv,Registros ERP académico,Valor directo de columna deserción,2026-06-25 11:12:08,87f174cf-db07-4b4a-9e4d-c229aab16e4f,1.0
RI225_desempeño,RIESGO_INT,riesgo,desempeño,,,E300,NA,NA,0.795,riesgos_internos.csv,Registros ERP académico,Valor directo de columna desempeño,2026-06-25 11:12:08,87f174cf-db07-4b4a-9e4d-c229aab16e4f,1.0
RI225_repitencia,RIESGO_INT,riesgo,repitencia,,,E300,NA,NA,1.0,riesgos_internos.csv,Registros ERP académico,Valor directo de columna repitencia,2026-06-25 11:12:08,87f174cf-db07-4b4a-9e4d-c229aab16e4f,1.0
RI225_deserción,RIESGO_INT,riesgo,deserción,,,E300,NA,NA,0.0,riesgos_internos.csv,Registros ERP académico,Valor directo de columna deserción,2026-06-25 11:12:08,87f174cf-db07-4b4a-9e4d-c229aab16e4f,1.0
RI226_desempeño,RIESGO_INT,riesgo,desempeño,,,E301,NA,NA,0.717,riesgos_internos.csv,Registros ERP académico,Valor directo de columna desempeño,2026-06-25 11:12:08,87f174cf-db07-4b4a-9e4d-c229aab16e4f,1.0
RI226_repitencia,RIESGO_INT,riesgo,repitencia,,,E301,NA,NA,10.0,riesgos_internos.csv,Registros ERP académico,Valor directo de columna repitencia,2026-06-25 11:12:08,87f174cf-db07-4b4a-9e4d-c229aab16e4f,1.0
RI226_deserción,RIESGO_INT,riesgo,deserción,,,E301,NA,NA,0.0,riesgos_internos.csv,Registros ERP académico,Valor directo de columna deserción,2026-06-25 11:12:08,87f174cf-db07-4b4a-9e4d-c229aab16e4f,1.0
RI227_desempeño,RIESGO_INT,riesgo,desempeño,,,E302,NA,NA,0.666,riesgos_internos.csv,Registros ERP académico,Valor directo de columna desempeño,2026-06-25 11:12:08,87f174cf-db07-4b4a-9e4d-c229aab16e4f,1.0
RI227_repitencia,RIESGO_INT,riesgo,repitencia,,,E302,NA,NA,14.0,riesgos_internos.csv,Registros ERP académico,Valor directo de columna repitencia,2026-06-25 11:12:08,87f174cf-db07-4b4a-9e4d-c229aab16e4f,1.0
RI227_deserción,RIESGO_INT,riesgo,deserción,,,E302,NA,NA,1.0,riesgos_internos.csv,Registros ERP académico,Valor directo de columna deserción,2026-06-25 11:12:08,87f174cf-db07-4b4a-9e4d-c229aab16e4f,1.0
RI228_desempeño,RIESGO_INT,riesgo,desempeño,,,E303,NA,NA,0.728,riesgos_internos.csv,Registros ERP académico,Valor directo de columna desempeño,2026-06-25 11:12:08,87f174cf-db07-4b4a-9e4d-c229aab16e4f,1.0
RI228_repitencia,RIESGO_INT,riesgo,repitencia,,,E303,NA,NA,5.0,riesgos_internos.csv,Registros ERP académico,Valor directo de columna repitencia,2026-06-25 11:12:08,87f174cf-db07-4b4a-9e4d-c229aab16e4f,1.0
RI228_deserción,RIESGO_INT,riesgo,deserción,,,E303,NA,NA,0.0,riesgos_internos.csv,Registros ERP académico,Valor directo de columna deserción,2026-06-25 11:12:08,87f174cf-db07-4b4a-9e4d-c229aab16e4f,1.0
RI229_desempeño,RIESGO_INT,riesgo,desempeño,,,E304,NA,NA,0.651,riesgos_internos.csv,Registros ERP académico,Valor directo de columna desempeño,2026-06-25 11:12:08,87f174cf-db07-4b4a-9e4d-c229aab16e4f,1.0
RI229_repitencia,RIESGO_INT,riesgo,repitencia,,,E304,NA,NA,5.0,riesgos_internos.csv,Registros ERP académico,Valor directo de columna repitencia,2026-06-25 11:12:08,87f174cf-db07-4b4a-9e4d-c229aab16e4f,1.0
RI229_deserción,RIESGO_INT,riesgo,deserción,,,E304,NA,NA,1.0,riesgos_internos.csv,Registros ERP académico,Valor directo de columna deserción,2026-06-25 11:12:08,87f174cf-db07-4b4a-9e4d-c229aab16e4f,1.0
RI230_desempeño,RIESGO_INT,riesgo,desempeño,,,E305,NA,NA,0.611,riesgos_internos.csv,Registros ERP académico,Valor directo de columna desempeño,2026-06-25 11:12:08,87f174cf-db07-4b4a-9e4d-c229aab16e4f,1.0
RI230_repitencia,RIESGO_INT,riesgo,repitencia,,,E305,NA,NA,6.0,riesgos_internos.csv,Registros ERP académico,Valor directo de columna repitencia,2026-06-25 11:12:08,87f174cf-db07-4b4a-9e4d-c229aab16e4f,1.0
RI230_deserción,RIESGO_INT,riesgo,deserción,,,E305,NA,NA,1.0,riesgos_internos.csv,Registros ERP académico,Valor directo de columna deserción,2026-06-25 11:12:08,87f174cf-db07-4b4a-9e4d-c229aab16e4f,1.0
RI231_desempeño,RIESGO_INT,riesgo,desempeño,,,E306,NA,NA,0.704,riesgos_internos.csv,Registros ERP académico,Valor directo de columna desempeño,2026-06-25 11:12:08,87f174cf-db07-4b4a-9e4d-c229aab16e4f,1.0
RI231_repitencia,RIESGO_INT,riesgo,repitencia,,,E306,NA,NA,9.0,riesgos_internos.csv,Registros ERP académico,Valor directo de columna repitencia,2026-06-25 11:12:08,87f174cf-db07-4b4a-9e4d-c229aab16e4f,1.0
RI231_deserción,RIESGO_INT,riesgo,deserción,,,E306,NA,NA,1.0,riesgos_internos.csv,Registros ERP académico,Valor directo de columna deserción,2026-06-25 11:12:08,87f174cf-db07-4b4a-9e4d-c229aab16e4f,1.0
RI232_desempeño,RIESGO_INT,riesgo,desempeño,,,E307,NA,NA,0.604,riesgos_internos.csv,Registros ERP académico,Valor directo de columna desempeño,2026-06-25 11:12:08,87f174cf-db07-4b4a-9e4d-c229aab16e4f,1.0
RI232_repitencia,RIESGO_INT,riesgo,repitencia,,,E307,NA,NA,7.0,riesgos_internos.csv,Registros ERP académico,Valor directo de columna repitencia,2026-06-25 11:12:08,87f174cf-db07-4b4a-9e4d-c229aab16e4f,1.0
RI232_deserción,RIESGO_INT,riesgo,deserción,,,E307,NA,NA,1.0,riesgos_internos.csv,Registros ERP académico,Valor directo de columna deserción,2026-06-25 11:12:08,87f174cf-db07-4b4a-9e4d-c229aab16e4f,1.0
RI233_desempeño,RIESGO_INT,riesgo,desempeño,,,E308,NA,NA,0.795,riesgos_internos.csv,Registros ERP académico,Valor directo de columna desempeño,2026-06-25 11:12:08,87f174cf-db07-4b4a-9e4d-c229aab16e4f,1.0
RI233_repitencia,RIESGO_INT,riesgo,repitencia,,,E308,NA,NA,1.0,riesgos_internos.csv,Registros ERP académico,Valor directo de columna repitencia,2026-06-25 11:12:08,87f174cf-db07-4b4a-9e4d-c229aab16e4f,1.0
RI233_deserción,RIESGO_INT,riesgo,deserción,,,E308,NA,NA,0.0,riesgos_internos.csv,Registros ERP académico,Valor directo de columna deserción,2026-06-25 11:12:08,87f174cf-db07-4b4a-9e4d-c229aab16e4f,1.0
RI234_desempeño,RIESGO_INT,riesgo,desempeño,,,E309,NA,NA,0.736,riesgos_internos.csv,Registros ERP académico,Valor directo de columna desempeño,2026-06-25 11:12:08,87f174cf-db07-4b4a-9e4d-c229aab16e4f,1.0
RI234_repitencia,RIESGO_INT,riesgo,repitencia,,,E309,NA,NA,2.0,riesgos_internos.csv,Registros ERP académico,Valor directo de columna repitencia,2026-06-25 11:12:08,87f174cf-db07-4b4a-9e4d-c229aab16e4f,1.0
RI234_deserción,RIESGO_INT,riesgo,deserción,,,E309,NA,NA,0.0,riesgos_internos.csv,Registros ERP académico,Valor directo de columna deserción,2026-06-25 11:12:08,87f174cf-db07-4b4a-9e4d-c229aab16e4f,1.0
RI235_desempeño,RIESGO_INT,riesgo,desempeño,,,E31,NA,NA,0.667,riesgos_internos.csv,Registros ERP académico,Valor directo de columna desempeño,2026-06-25 11:12:08,87f174cf-db07-4b4a-9e4d-c229aab16e4f,1.0
RI235_repitencia,RIESGO_INT,riesgo,repitencia,,,E31,NA,NA,5.0,riesgos_internos.csv,Registros ERP académico,Valor directo de columna repitencia,2026-06-25 11:12:08,87f174cf-db07-4b4a-9e4d-c229aab16e4f,1.0
RI235_deserción,RIESGO_INT,riesgo,deserción,,,E31,NA,NA,1.0,riesgos_internos.csv,Registros ERP académico,Valor directo de columna deserción,2026-06-25 11:12:08,87f174cf-db07-4b4a-9e4d-c229aab16e4f,1.0
RI236_desempeño,RIESGO_INT,riesgo,desempeño,,,E310,NA,NA,0.692,riesgos_internos.csv,Registros ERP académico,Valor directo de columna desempeño,2026-06-25 11:12:08,87f174cf-db07-4b4a-9e4d-c229aab16e4f,1.0
RI236_repitencia,RIESGO_INT,riesgo,repitencia,,,E310,NA,NA,4.0,riesgos_internos.csv,Registros ERP académico,Valor directo de columna repitencia,2026-06-25 11:12:08,87f174cf-db07-4b4a-9e4d-c229aab16e4f,1.0
RI236_deserción,RIESGO_INT,riesgo,deserción,,,E310,NA,NA,1.0,riesgos_internos.csv,Registros ERP académico,Valor directo de columna deserción,2026-06-25 11:12:08,87f174cf-db07-4b4a-9e4d-c229aab16e4f,1.0
RI237_desempeño,RIESGO_INT,riesgo,desempeño,,,E311,NA,NA,0.608,riesgos_internos.csv,Registros ERP académico,Valor directo de columna desempeño,2026-06-25 11:12:08,87f174cf-db07-4b4a-9e4d-c229aab16e4f,1.0
RI237_repitencia,RIESGO_INT,riesgo,repitencia,,,E311,NA,NA,7.0,riesgos_internos.csv,Registros ERP académico,Valor directo de columna repitencia,2026-06-25 11:12:08,87f174cf-db07-4b4a-9e4d-c229aab16e4f,1.0
RI237_deserción,RIESGO_INT,riesgo,deserción,,,E311,NA,NA,1.0,riesgos_internos.csv,Registros ERP académico,Valor directo de columna deserción,2026-06-25 11:12:08,87f174cf-db07-4b4a-9e4d-c229aab16e4f,1.0
RI238_desempeño,RIESGO_INT,riesgo,desempeño,,,E312,NA,NA,0.636,riesgos_internos.csv,Registros ERP académico,Valor directo de columna desempeño,2026-06-25 11:12:08,87f174cf-db07-4b4a-9e4d-c229aab16e4f,1.0
RI238_repitencia,RIESGO_INT,riesgo,repitencia,,,E312,NA,NA,8.0,riesgos_internos.csv,Registros ERP académico,Valor directo de columna repitencia,2026-06-25 11:12:08,87f174cf-db07-4b4a-9e4d-c229aab16e4f,1.0
RI238_deserción,RIESGO_INT,riesgo,deserción,,,E312,NA,NA,1.0,riesgos_internos.csv,Registros ERP académico,Valor directo de columna deserción,2026-06-25 11:12:08,87f174cf-db07-4b4a-9e4d-c229aab16e4f,1.0
RI239_desempeño,RIESGO_INT,riesgo,desempeño,,,E313,NA,NA,0.635,riesgos_internos.csv,Registros ERP académico,Valor directo de columna desempeño,2026-06-25 11:12:08,87f174cf-db07-4b4a-9e4d-c229aab16e4f,1.0
RI239_repitencia,RIESGO_INT,riesgo,repitencia,,,E313,NA,NA,9.0,riesgos_internos.csv,Registros ERP académico,Valor directo de columna repitencia,2026-06-25 11:12:08,87f174cf-db07-4b4a-9e4d-c229aab16e4f,1.0
RI239_deserción,RIESGO_INT,riesgo,deserción,,,E313,NA,NA,1.0,riesgos_internos.csv,Registros ERP académico,Valor directo de columna deserción,2026-06-25 11:12:08,87f174cf-db07-4b4a-9e4d-c229aab16e4f,1.0
RI240_desempeño,RIESGO_INT,riesgo,desempeño,,,E314,NA,NA,0.639,riesgos_internos.csv,Registros ERP académico,Valor directo de columna desempeño,2026-06-25 11:12:08,87f174cf-db07-4b4a-9e4d-c229aab16e4f,1.0
RI240_repitencia,RIESGO_INT,riesgo,repitencia,,,E314,NA,NA,8.0,riesgos_internos.csv,Registros ERP académico,Valor directo de columna repitencia,2026-06-25 11:12:08,87f174cf-db07-4b4a-9e4d-c229aab16e4f,1.0
RI240_deserción,RIESGO_INT,riesgo,deserción,,,E314,NA,NA,1.0,riesgos_internos.csv,Registros ERP académico,Valor directo de columna deserción,2026-06-25 11:12:08,87f174cf-db07-4b4a-9e4d-c229aab16e4f,1.0
RI241_desempeño,RIESGO_INT,riesgo,desempeño,,,E315,NA,NA,0.67,riesgos_internos.csv,Registros ERP académico,Valor directo de columna desempeño,2026-06-25 11:12:08,87f174cf-db07-4b4a-9e4d-c229aab16e4f,1.0
RI241_repitencia,RIESGO_INT,riesgo,repitencia,,,E315,NA,NA,4.0,riesgos_internos.csv,Registros ERP académico,Valor directo de columna repitencia,2026-06-25 11:12:08,87f174cf-db07-4b4a-9e4d-c229aab16e4f,1.0
RI241_deserción,RIESGO_INT,riesgo,deserción,,,E315,NA,NA,1.0,riesgos_internos.csv,Registros ERP académico,Valor directo de columna deserción,2026-06-25 11:12:08,87f174cf-db07-4b4a-9e4d-c229aab16e4f,1.0
RI242_desempeño,RIESGO_INT,riesgo,desempeño,,,E316,NA,NA,0.724,riesgos_internos.csv,Registros ERP académico,Valor directo de columna desempeño,2026-06-25 11:12:08,87f174cf-db07-4b4a-9e4d-c229aab16e4f,1.0
RI242_repitencia,RIESGO_INT,riesgo,repitencia,,,E316,NA,NA,12.0,riesgos_internos.csv,Registros ERP académico,Valor directo de columna repitencia,2026-06-25 11:12:08,87f174cf-db07-4b4a-9e4d-c229aab16e4f,1.0
RI242_deserción,RIESGO_INT,riesgo,deserción,,,E316,NA,NA,0.0,riesgos_internos.csv,Registros ERP académico,Valor directo de columna deserción,2026-06-25 11:12:08,87f174cf-db07-4b4a-9e4d-c229aab16e4f,1.0
RI243_desempeño,RIESGO_INT,riesgo,desempeño,,,E317,NA,NA,0.779,riesgos_internos.csv,Registros ERP académico,Valor directo de columna desempeño,2026-06-25 11:12:08,87f174cf-db07-4b4a-9e4d-c229aab16e4f,1.0
RI243_repitencia,RIESGO_INT,riesgo,repitencia,,,E317,NA,NA,3.0,riesgos_internos.csv,Registros ERP académico,Valor directo de columna repitencia,2026-06-25 11:12:08,87f174cf-db07-4b4a-9e4d-c229aab16e4f,1.0
RI243_deserción,RIESGO_INT,riesgo,deserción,,,E317,NA,NA,0.0,riesgos_internos.csv,Registros ERP académico,Valor directo de columna deserción,2026-06-25 11:12:08,87f174cf-db07-4b4a-9e4d-c229aab16e4f,1.0
RI244_desempeño,RIESGO_INT,riesgo,desempeño,,,E318,NA,NA,0.638,riesgos_internos.csv,Registros ERP académico,Valor directo de columna desempeño,2026-06-25 11:12:08,87f174cf-db07-4b4a-9e4d-c229aab16e4f,1.0
RI244_repitencia,RIESGO_INT,riesgo,repitencia,,,E318,NA,NA,6.0,riesgos_internos.csv,Registros ERP académico,Valor directo de columna repitencia,2026-06-25 11:12:08,87f174cf-db07-4b4a-9e4d-c229aab16e4f,1.0
RI244_deserción,RIESGO_INT,riesgo,deserción,,,E318,NA,NA,1.0,riesgos_internos.csv,Registros ERP académico,Valor directo de columna deserción,2026-06-25 11:12:08,87f174cf-db07-4b4a-9e4d-c229aab16e4f,1.0
RI245_desempeño,RIESGO_INT,riesgo,desempeño,,,E319,NA,NA,0.747,riesgos_internos.csv,Registros ERP académico,Valor directo de columna desempeño,2026-06-25 11:12:08,87f174cf-db07-4b4a-9e4d-c229aab16e4f,1.0
RI245_repitencia,RIESGO_INT,riesgo,repitencia,,,E319,NA,NA,6.0,riesgos_internos.csv,Registros ERP académico,Valor directo de columna repitencia,2026-06-25 11:12:08,87f174cf-db07-4b4a-9e4d-c229aab16e4f,1.0
RI245_deserción,RIESGO_INT,riesgo,deserción,,,E319,NA,NA,0.0,riesgos_internos.csv,Registros ERP académico,Valor directo de columna deserción,2026-06-25 11:12:08,87f174cf-db07-4b4a-9e4d-c229aab16e4f,1.0
RI246_desempeño,RIESGO_INT,riesgo,desempeño,,,E32,NA,NA,0.757,riesgos_internos.csv,Registros ERP académico,Valor directo de columna desempeño,2026-06-25 11:12:08,87f174cf-db07-4b4a-9e4d-c229aab16e4f,1.0
RI246_repitencia,RIESGO_INT,riesgo,repitencia,,,E32,NA,NA,11.0,riesgos_internos.csv,Registros ERP académico,Valor directo de columna repitencia,2026-06-25 11:12:08,87f174cf-db07-4b4a-9e4d-c229aab16e4f,1.0
RI246_deserción,RIESGO_INT,riesgo,deserción,,,E32,NA,NA,0.0,riesgos_internos.csv,Registros ERP académico,Valor directo de columna deserción,2026-06-25 11:12:08,87f174cf-db07-4b4a-9e4d-c229aab16e4f,1.0
RI247_desempeño,RIESGO_INT,riesgo,desempeño,,,E320,NA,NA,0.743,riesgos_internos.csv,Registros ERP académico,Valor directo de columna desempeño,2026-06-25 11:12:08,87f174cf-db07-4b4a-9e4d-c229aab16e4f,1.0
RI247_repitencia,RIESGO_INT,riesgo,repitencia,,,E320,NA,NA,7.0,riesgos_internos.csv,Registros ERP académico,Valor directo de columna repitencia,2026-06-25 11:12:08,87f174cf-db07-4b4a-9e4d-c229aab16e4f,1.0
RI247_deserción,RIESGO_INT,riesgo,deserción,,,E320,NA,NA,0.0,riesgos_internos.csv,Registros ERP académico,Valor directo de columna deserción,2026-06-25 11:12:08,87f174cf-db07-4b4a-9e4d-c229aab16e4f,1.0
RI248_desempeño,RIESGO_INT,riesgo,desempeño,,,E321,NA,NA,0.631,riesgos_internos.csv,Registros ERP académico,Valor directo de columna desempeño,2026-06-25 11:12:08,87f174cf-db07-4b4a-9e4d-c229aab16e4f,1.0
RI248_repitencia,RIESGO_INT,riesgo,repitencia,,,E321,NA,NA,6.0,riesgos_internos.csv,Registros ERP académico,Valor directo de columna repitencia,2026-06-25 11:12:08,87f174cf-db07-4b4a-9e4d-c229aab16e4f,1.0
RI248_deserción,RIESGO_INT,riesgo,deserción,,,E321,NA,NA,1.0,riesgos_internos.csv,Registros ERP académico,Valor directo de columna deserción,2026-06-25 11:12:08,87f174cf-db07-4b4a-9e4d-c229aab16e4f,1.0
RI249_desempeño,RIESGO_INT,riesgo,desempeño,,,E322,NA,NA,0.825,riesgos_internos.csv,Registros ERP académico,Valor directo de columna desempeño,2026-06-25 11:12:08,87f174cf-db07-4b4a-9e4d-c229aab16e4f,1.0
RI249_repitencia,RIESGO_INT,riesgo,repitencia,,,E322,NA,NA,0.0,riesgos_internos.csv,Registros ERP académico,Valor directo de columna repitencia,2026-06-25 11:12:08,87f174cf-db07-4b4a-9e4d-c229aab16e4f,1.0
RI249_deserción,RIESGO_INT,riesgo,deserción,,,E322,NA,NA,0.0,riesgos_internos.csv,Registros ERP académico,Valor directo de columna deserción,2026-06-25 11:12:08,87f174cf-db07-4b4a-9e4d-c229aab16e4f,1.0
RI250_desempeño,RIESGO_INT,riesgo,desempeño,,,E323,NA,NA,0.758,riesgos_internos.csv,Registros ERP académico,Valor directo de columna desempeño,2026-06-25 11:12:08,87f174cf-db07-4b4a-9e4d-c229aab16e4f,1.0
RI250_repitencia,RIESGO_INT,riesgo,repitencia,,,E323,NA,NA,5.0,riesgos_internos.csv,Registros ERP académico,Valor directo de columna repitencia,2026-06-25 11:12:08,87f174cf-db07-4b4a-9e4d-c229aab16e4f,1.0
RI250_deserción,RIESGO_INT,riesgo,deserción,,,E323,NA,NA,0.0,riesgos_internos.csv,Registros ERP académico,Valor directo de columna deserción,2026-06-25 11:12:08,87f174cf-db07-4b4a-9e4d-c229aab16e4f,1.0
RI251_desempeño,RIESGO_INT,riesgo,desempeño,,,E324,NA,NA,0.752,riesgos_internos.csv,Registros ERP académico,Valor directo de columna desempeño,2026-06-25 11:12:08,87f174cf-db07-4b4a-9e4d-c229aab16e4f,1.0
RI251_repitencia,RIESGO_INT,riesgo,repitencia,,,E324,NA,NA,5.0,riesgos_internos.csv,Registros ERP académico,Valor directo de columna repitencia,2026-06-25 11:12:08,87f174cf-db07-4b4a-9e4d-c229aab16e4f,1.0
RI251_deserción,RIESGO_INT,riesgo,deserción,,,E324,NA,NA,0.0,riesgos_internos.csv,Registros ERP académico,Valor directo de columna deserción,2026-06-25 11:12:08,87f174cf-db07-4b4a-9e4d-c229aab16e4f,1.0
RI252_desempeño,RIESGO_INT,riesgo,desempeño,,,E325,NA,NA,0.722,riesgos_internos.csv,Registros ERP académico,Valor directo de columna desempeño,2026-06-25 11:12:08,87f174cf-db07-4b4a-9e4d-c229aab16e4f,1.0
RI252_repitencia,RIESGO_INT,riesgo,repitencia,,,E325,NA,NA,10.0,riesgos_internos.csv,Registros ERP académico,Valor directo de columna repitencia,2026-06-25 11:12:08,87f174cf-db07-4b4a-9e4d-c229aab16e4f,1.0
RI252_deserción,RIESGO_INT,riesgo,deserción,,,E325,NA,NA,0.0,riesgos_internos.csv,Registros ERP académico,Valor directo de columna deserción,2026-06-25 11:12:08,87f174cf-db07-4b4a-9e4d-c229aab16e4f,1.0
RI253_desempeño,RIESGO_INT,riesgo,desempeño,,,E326,NA,NA,0.767,riesgos_internos.csv,Registros ERP académico,Valor directo de columna desempeño,2026-06-25 11:12:08,87f174cf-db07-4b4a-9e4d-c229aab16e4f,1.0
RI253_repitencia,RIESGO_INT,riesgo,repitencia,,,E326,NA,NA,4.0,riesgos_internos.csv,Registros ERP académico,Valor directo de columna repitencia,2026-06-25 11:12:08,87f174cf-db07-4b4a-9e4d-c229aab16e4f,1.0
RI253_deserción,RIESGO_INT,riesgo,deserción,,,E326,NA,NA,0.0,riesgos_internos.csv,Registros ERP académico,Valor directo de columna deserción,2026-06-25 11:12:08,87f174cf-db07-4b4a-9e4d-c229aab16e4f,1.0
RI254_desempeño,RIESGO_INT,riesgo,desempeño,,,E327,NA,NA,0.595,riesgos_internos.csv,Registros ERP académico,Valor directo de columna desempeño,2026-06-25 11:12:08,87f174cf-db07-4b4a-9e4d-c229aab16e4f,1.0
RI254_repitencia,RIESGO_INT,riesgo,repitencia,,,E327,NA,NA,7.0,riesgos_internos.csv,Registros ERP académico,Valor directo de columna repitencia,2026-06-25 11:12:08,87f174cf-db07-4b4a-9e4d-c229aab16e4f,1.0
RI254_deserción,RIESGO_INT,riesgo,deserción,,,E327,NA,NA,1.0,riesgos_internos.csv,Registros ERP académico,Valor directo de columna deserción,2026-06-25 11:12:08,87f174cf-db07-4b4a-9e4d-c229aab16e4f,1.0
RI255_desempeño,RIESGO_INT,riesgo,desempeño,,,E328,NA,NA,0.784,riesgos_internos.csv,Registros ERP académico,Valor directo de columna desempeño,2026-06-25 11:12:08,87f174cf-db07-4b4a-9e4d-c229aab16e4f,1.0
RI255_repitencia,RIESGO_INT,riesgo,repitencia,,,E328,NA,NA,2.0,riesgos_internos.csv,Registros ERP académico,Valor directo de columna repitencia,2026-06-25 11:12:08,87f174cf-db07-4b4a-9e4d-c229aab16e4f,1.0
RI255_deserción,RIESGO_INT,riesgo,deserción,,,E328,NA,NA,0.0,riesgos_internos.csv,Registros ERP académico,Valor directo de columna deserción,2026-06-25 11:12:08,87f174cf-db07-4b4a-9e4d-c229aab16e4f,1.0
RI256_desempeño,RIESGO_INT,riesgo,desempeño,,,E329,NA,NA,0.732,riesgos_internos.csv,Registros ERP académico,Valor directo de columna desempeño,2026-06-25 11:12:08,87f174cf-db07-4b4a-9e4d-c229aab16e4f,1.0
RI256_repitencia,RIESGO_INT,riesgo,repitencia,,,E329,NA,NA,6.0,riesgos_internos.csv,Registros ERP académico,Valor directo de columna repitencia,2026-06-25 11:12:08,87f174cf-db07-4b4a-9e4d-c229aab16e4f,1.0
RI256_deserción,RIESGO_INT,riesgo,deserción,,,E329,NA,NA,1.0,riesgos_internos.csv,Registros ERP académico,Valor directo de columna deserción,2026-06-25 11:12:08,87f174cf-db07-4b4a-9e4d-c229aab16e4f,1.0
RI257_desempeño,RIESGO_INT,riesgo,desempeño,,,E33,NA,NA,0.663,riesgos_internos.csv,Registros ERP académico,Valor directo de columna desempeño,2026-06-25 11:12:08,87f174cf-db07-4b4a-9e4d-c229aab16e4f,1.0
RI257_repitencia,RIESGO_INT,riesgo,repitencia,,,E33,NA,NA,7.0,riesgos_internos.csv,Registros ERP académico,Valor directo de columna repitencia,2026-06-25 11:12:08,87f174cf-db07-4b4a-9e4d-c229aab16e4f,1.0
RI257_deserción,RIESGO_INT,riesgo,deserción,,,E33,NA,NA,1.0,riesgos_internos.csv,Registros ERP académico,Valor directo de columna deserción,2026-06-25 11:12:08,87f174cf-db07-4b4a-9e4d-c229aab16e4f,1.0
RI258_desempeño,RIESGO_INT,riesgo,desempeño,,,E330,NA,NA,0.644,riesgos_internos.csv,Registros ERP académico,Valor directo de columna desempeño,2026-06-25 11:12:08,87f174cf-db07-4b4a-9e4d-c229aab16e4f,1.0
RI258_repitencia,RIESGO_INT,riesgo,repitencia,,,E330,NA,NA,5.0,riesgos_internos.csv,Registros ERP académico,Valor directo de columna repitencia,2026-06-25 11:12:08,87f174cf-db07-4b4a-9e4d-c229aab16e4f,1.0
RI258_deserción,RIESGO_INT,riesgo,deserción,,,E330,NA,NA,1.0,riesgos_internos.csv,Registros ERP académico,Valor directo de columna deserción,2026-06-25 11:12:08,87f174cf-db07-4b4a-9e4d-c229aab16e4f,1.0
RI259_desempeño,RIESGO_INT,riesgo,desempeño,,,E331,NA,NA,0.83,riesgos_internos.csv,Registros ERP académico,Valor directo de columna desempeño,2026-06-25 11:12:08,87f174cf-db07-4b4a-9e4d-c229aab16e4f,1.0
RI259_repitencia,RIESGO_INT,riesgo,repitencia,,,E331,NA,NA,0.0,riesgos_internos.csv,Registros ERP académico,Valor directo de columna repitencia,2026-06-25 11:12:08,87f174cf-db07-4b4a-9e4d-c229aab16e4f,1.0
RI259_deserción,RIESGO_INT,riesgo,deserción,,,E331,NA,NA,0.0,riesgos_internos.csv,Registros ERP académico,Valor directo de columna deserción,2026-06-25 11:12:08,87f174cf-db07-4b4a-9e4d-c229aab16e4f,1.0
RI260_desempeño,RIESGO_INT,riesgo,desempeño,,,E332,NA,NA,0.635,riesgos_internos.csv,Registros ERP académico,Valor directo de columna desempeño,2026-06-25 11:12:08,87f174cf-db07-4b4a-9e4d-c229aab16e4f,1.0
RI260_repitencia,RIESGO_INT,riesgo,repitencia,,,E332,NA,NA,5.0,riesgos_internos.csv,Registros ERP académico,Valor directo de columna repitencia,2026-06-25 11:12:08,87f174cf-db07-4b4a-9e4d-c229aab16e4f,1.0
RI260_deserción,RIESGO_INT,riesgo,deserción,,,E332,NA,NA,1.0,riesgos_internos.csv,Registros ERP académico,Valor directo de columna deserción,2026-06-25 11:12:08,87f174cf-db07-4b4a-9e4d-c229aab16e4f,1.0
RI261_desempeño,RIESGO_INT,riesgo,desempeño,,,E333,NA,NA,0.792,riesgos_internos.csv,Registros ERP académico,Valor directo de columna desempeño,2026-06-25 11:12:08,87f174cf-db07-4b4a-9e4d-c229aab16e4f,1.0
RI261_repitencia,RIESGO_INT,riesgo,repitencia,,,E333,NA,NA,0.0,riesgos_internos.csv,Registros ERP académico,Valor directo de columna repitencia,2026-06-25 11:12:08,87f174cf-db07-4b4a-9e4d-c229aab16e4f,1.0
RI261_deserción,RIESGO_INT,riesgo,deserción,,,E333,NA,NA,0.0,riesgos_internos.csv,Registros ERP académico,Valor directo de columna deserción,2026-06-25 11:12:08,87f174cf-db07-4b4a-9e4d-c229aab16e4f,1.0
RI262_desempeño,RIESGO_INT,riesgo,desempeño,,,E334,NA,NA,0.746,riesgos_internos.csv,Registros ERP académico,Valor directo de columna desempeño,2026-06-25 11:12:08,87f174cf-db07-4b4a-9e4d-c229aab16e4f,1.0
RI262_repitencia,RIESGO_INT,riesgo,repitencia,,,E334,NA,NA,7.0,riesgos_internos.csv,Registros ERP académico,Valor directo de columna repitencia,2026-06-25 11:12:08,87f174cf-db07-4b4a-9e4d-c229aab16e4f,1.0
RI262_deserción,RIESGO_INT,riesgo,deserción,,,E334,NA,NA,1.0,riesgos_internos.csv,Registros ERP académico,Valor directo de columna deserción,2026-06-25 11:12:08,87f174cf-db07-4b4a-9e4d-c229aab16e4f,1.0
RI263_desempeño,RIESGO_INT,riesgo,desempeño,,,E335,NA,NA,0.668,riesgos_internos.csv,Registros ERP académico,Valor directo de columna desempeño,2026-06-25 11:12:08,87f174cf-db07-4b4a-9e4d-c229aab16e4f,1.0
RI263_repitencia,RIESGO_INT,riesgo,repitencia,,,E335,NA,NA,6.0,riesgos_internos.csv,Registros ERP académico,Valor directo de columna repitencia,2026-06-25 11:12:08,87f174cf-db07-4b4a-9e4d-c229aab16e4f,1.0
RI263_deserción,RIESGO_INT,riesgo,deserción,,,E335,NA,NA,1.0,riesgos_internos.csv,Registros ERP académico,Valor directo de columna deserción,2026-06-25 11:12:08,87f174cf-db07-4b4a-9e4d-c229aab16e4f,1.0
RI264_desempeño,RIESGO_INT,riesgo,desempeño,,,E336,NA,NA,0.829,riesgos_internos.csv,Registros ERP académico,Valor directo de columna desempeño,2026-06-25 11:12:08,87f174cf-db07-4b4a-9e4d-c229aab16e4f,1.0
RI264_repitencia,RIESGO_INT,riesgo,repitencia,,,E336,NA,NA,2.0,riesgos_internos.csv,Registros ERP académico,Valor directo de columna repitencia,2026-06-25 11:12:08,87f174cf-db07-4b4a-9e4d-c229aab16e4f,1.0
RI264_deserción,RIESGO_INT,riesgo,deserción,,,E336,NA,NA,0.0,riesgos_internos.csv,Registros ERP académico,Valor directo de columna deserción,2026-06-25 11:12:08,87f174cf-db07-4b4a-9e4d-c229aab16e4f,1.0
RI265_desempeño,RIESGO_INT,riesgo,desempeño,,,E337,NA,NA,0.691,riesgos_internos.csv,Registros ERP académico,Valor directo de columna desempeño,2026-06-25 11:12:08,87f174cf-db07-4b4a-9e4d-c229aab16e4f,1.0
RI265_repitencia,RIESGO_INT,riesgo,repitencia,,,E337,NA,NA,7.0,riesgos_internos.csv,Registros ERP académico,Valor directo de columna repitencia,2026-06-25 11:12:08,87f174cf-db07-4b4a-9e4d-c229aab16e4f,1.0
RI265_deserción,RIESGO_INT,riesgo,deserción,,,E337,NA,NA,1.0,riesgos_internos.csv,Registros ERP académico,Valor directo de columna deserción,2026-06-25 11:12:08,87f174cf-db07-4b4a-9e4d-c229aab16e4f,1.0
RI266_desempeño,RIESGO_INT,riesgo,desempeño,,,E338,NA,NA,0.811,riesgos_internos.csv,Registros ERP académico,Valor directo de columna desempeño,2026-06-25 11:12:08,87f174cf-db07-4b4a-9e4d-c229aab16e4f,1.0
RI266_repitencia,RIESGO_INT,riesgo,repitencia,,,E338,NA,NA,0.0,riesgos_internos.csv,Registros ERP académico,Valor directo de columna repitencia,2026-06-25 11:12:08,87f174cf-db07-4b4a-9e4d-c229aab16e4f,1.0
RI266_deserción,RIESGO_INT,riesgo,deserción,,,E338,NA,NA,0.0,riesgos_internos.csv,Registros ERP académico,Valor directo de columna deserción,2026-06-25 11:12:08,87f174cf-db07-4b4a-9e4d-c229aab16e4f,1.0
RI267_desempeño,RIESGO_INT,riesgo,desempeño,,,E339,NA,NA,0.746,riesgos_internos.csv,Registros ERP académico,Valor directo de columna desempeño,2026-06-25 11:12:08,87f174cf-db07-4b4a-9e4d-c229aab16e4f,1.0
RI267_repitencia,RIESGO_INT,riesgo,repitencia,,,E339,NA,NA,3.0,riesgos_internos.csv,Registros ERP académico,Valor directo de columna repitencia,2026-06-25 11:12:08,87f174cf-db07-4b4a-9e4d-c229aab16e4f,1.0
RI267_deserción,RIESGO_INT,riesgo,deserción,,,E339,NA,NA,0.0,riesgos_internos.csv,Registros ERP académico,Valor directo de columna deserción,2026-06-25 11:12:08,87f174cf-db07-4b4a-9e4d-c229aab16e4f,1.0
RI268_desempeño,RIESGO_INT,riesgo,desempeño,,,E34,NA,NA,0.769,riesgos_internos.csv,Registros ERP académico,Valor directo de columna desempeño,2026-06-25 11:12:08,87f174cf-db07-4b4a-9e4d-c229aab16e4f,1.0
RI268_repitencia,RIESGO_INT,riesgo,repitencia,,,E34,NA,NA,7.0,riesgos_internos.csv,Registros ERP académico,Valor directo de columna repitencia,2026-06-25 11:12:08,87f174cf-db07-4b4a-9e4d-c229aab16e4f,1.0
RI268_deserción,RIESGO_INT,riesgo,deserción,,,E34,NA,NA,0.0,riesgos_internos.csv,Registros ERP académico,Valor directo de columna deserción,2026-06-25 11:12:08,87f174cf-db07-4b4a-9e4d-c229aab16e4f,1.0
RI269_desempeño,RIESGO_INT,riesgo,desempeño,,,E340,NA,NA,0.833,riesgos_internos.csv,Registros ERP académico,Valor directo de columna desempeño,2026-06-25 11:12:08,87f174cf-db07-4b4a-9e4d-c229aab16e4f,1.0
RI269_repitencia,RIESGO_INT,riesgo,repitencia,,,E340,NA,NA,1.0,riesgos_internos.csv,Registros ERP académico,Valor directo de columna repitencia,2026-06-25 11:12:08,87f174cf-db07-4b4a-9e4d-c229aab16e4f,1.0
RI269_deserción,RIESGO_INT,riesgo,deserción,,,E340,NA,NA,0.0,riesgos_internos.csv,Registros ERP académico,Valor directo de columna deserción,2026-06-25 11:12:08,87f174cf-db07-4b4a-9e4d-c229aab16e4f,1.0
RI270_desempeño,RIESGO_INT,riesgo,desempeño,,,E341,NA,NA,0.76,riesgos_internos.csv,Registros ERP académico,Valor directo de columna desempeño,2026-06-25 11:12:08,87f174cf-db07-4b4a-9e4d-c229aab16e4f,1.0
RI270_repitencia,RIESGO_INT,riesgo,repitencia,,,E341,NA,NA,5.0,riesgos_internos.csv,Registros ERP académico,Valor directo de columna repitencia,2026-06-25 11:12:08,87f174cf-db07-4b4a-9e4d-c229aab16e4f,1.0
RI270_deserción,RIESGO_INT,riesgo,deserción,,,E341,NA,NA,0.0,riesgos_internos.csv,Registros ERP académico,Valor directo de columna deserción,2026-06-25 11:12:08,87f174cf-db07-4b4a-9e4d-c229aab16e4f,1.0
RI271_desempeño,RIESGO_INT,riesgo,desempeño,,,E342,NA,NA,0.728,riesgos_internos.csv,Registros ERP académico,Valor directo de columna desempeño,2026-06-25 11:12:08,87f174cf-db07-4b4a-9e4d-c229aab16e4f,1.0
RI271_repitencia,RIESGO_INT,riesgo,repitencia,,,E342,NA,NA,5.0,riesgos_internos.csv,Registros ERP académico,Valor directo de columna repitencia,2026-06-25 11:12:08,87f174cf-db07-4b4a-9e4d-c229aab16e4f,1.0
RI271_deserción,RIESGO_INT,riesgo,deserción,,,E342,NA,NA,0.0,riesgos_internos.csv,Registros ERP académico,Valor directo de columna deserción,2026-06-25 11:12:08,87f174cf-db07-4b4a-9e4d-c229aab16e4f,1.0
RI272_desempeño,RIESGO_INT,riesgo,desempeño,,,E343,NA,NA,0.814,riesgos_internos.csv,Registros ERP académico,Valor directo de columna desempeño,2026-06-25 11:12:08,87f174cf-db07-4b4a-9e4d-c229aab16e4f,1.0
RI272_repitencia,RIESGO_INT,riesgo,repitencia,,,E343,NA,NA,0.0,riesgos_internos.csv,Registros ERP académico,Valor directo de columna repitencia,2026-06-25 11:12:08,87f174cf-db07-4b4a-9e4d-c229aab16e4f,1.0
RI272_deserción,RIESGO_INT,riesgo,deserción,,,E343,NA,NA,0.0,riesgos_internos.csv,Registros ERP académico,Valor directo de columna deserción,2026-06-25 11:12:08,87f174cf-db07-4b4a-9e4d-c229aab16e4f,1.0
RI273_desempeño,RIESGO_INT,riesgo,desempeño,,,E344,NA,NA,0.722,riesgos_internos.csv,Registros ERP académico,Valor directo de columna desempeño,2026-06-25 11:12:08,87f174cf-db07-4b4a-9e4d-c229aab16e4f,1.0
RI273_repitencia,RIESGO_INT,riesgo,repitencia,,,E344,NA,NA,6.0,riesgos_internos.csv,Registros ERP académico,Valor directo de columna repitencia,2026-06-25 11:12:08,87f174cf-db07-4b4a-9e4d-c229aab16e4f,1.0
RI273_deserción,RIESGO_INT,riesgo,deserción,,,E344,NA,NA,0.0,riesgos_internos.csv,Registros ERP académico,Valor directo de columna deserción,2026-06-25 11:12:08,87f174cf-db07-4b4a-9e4d-c229aab16e4f,1.0
RI274_desempeño,RIESGO_INT,riesgo,desempeño,,,E345,NA,NA,0.685,riesgos_internos.csv,Registros ERP académico,Valor directo de columna desempeño,2026-06-25 11:12:08,87f174cf-db07-4b4a-9e4d-c229aab16e4f,1.0
RI274_repitencia,RIESGO_INT,riesgo,repitencia,,,E345,NA,NA,5.0,riesgos_internos.csv,Registros ERP académico,Valor directo de columna repitencia,2026-06-25 11:12:08,87f174cf-db07-4b4a-9e4d-c229aab16e4f,1.0
RI274_deserción,RIESGO_INT,riesgo,deserción,,,E345,NA,NA,1.0,riesgos_internos.csv,Registros ERP académico,Valor directo de columna deserción,2026-06-25 11:12:08,87f174cf-db07-4b4a-9e4d-c229aab16e4f,1.0
RI275_desempeño,RIESGO_INT,riesgo,desempeño,,,E346,NA,NA,0.823,riesgos_internos.csv,Registros ERP académico,Valor directo de columna desempeño,2026-06-25 11:12:08,87f174cf-db07-4b4a-9e4d-c229aab16e4f,1.0
RI275_repitencia,RIESGO_INT,riesgo,repitencia,,,E346,NA,NA,0.0,riesgos_internos.csv,Registros ERP académico,Valor directo de columna repitencia,2026-06-25 11:12:08,87f174cf-db07-4b4a-9e4d-c229aab16e4f,1.0
RI275_deserción,RIESGO_INT,riesgo,deserción,,,E346,NA,NA,0.0,riesgos_internos.csv,Registros ERP académico,Valor directo de columna deserción,2026-06-25 11:12:08,87f174cf-db07-4b4a-9e4d-c229aab16e4f,1.0
RI276_desempeño,RIESGO_INT,riesgo,desempeño,,,E347,NA,NA,0.74,riesgos_internos.csv,Registros ERP académico,Valor directo de columna desempeño,2026-06-25 11:12:08,87f174cf-db07-4b4a-9e4d-c229aab16e4f,1.0
RI276_repitencia,RIESGO_INT,riesgo,repitencia,,,E347,NA,NA,6.0,riesgos_internos.csv,Registros ERP académico,Valor directo de columna repitencia,2026-06-25 11:12:08,87f174cf-db07-4b4a-9e4d-c229aab16e4f,1.0
RI276_deserción,RIESGO_INT,riesgo,deserción,,,E347,NA,NA,0.0,riesgos_internos.csv,Registros ERP académico,Valor directo de columna deserción,2026-06-25 11:12:08,87f174cf-db07-4b4a-9e4d-c229aab16e4f,1.0
RI277_desempeño,RIESGO_INT,riesgo,desempeño,,,E348,NA,NA,0.738,riesgos_internos.csv,Registros ERP académico,Valor directo de columna desempeño,2026-06-25 11:12:08,87f174cf-db07-4b4a-9e4d-c229aab16e4f,1.0
RI277_repitencia,RIESGO_INT,riesgo,repitencia,,,E348,NA,NA,5.0,riesgos_internos.csv,Registros ERP académico,Valor directo de columna repitencia,2026-06-25 11:12:08,87f174cf-db07-4b4a-9e4d-c229aab16e4f,1.0
RI277_deserción,RIESGO_INT,riesgo,deserción,,,E348,NA,NA,0.0,riesgos_internos.csv,Registros ERP académico,Valor directo de columna deserción,2026-06-25 11:12:08,87f174cf-db07-4b4a-9e4d-c229aab16e4f,1.0
RI278_desempeño,RIESGO_INT,riesgo,desempeño,,,E349,NA,NA,0.781,riesgos_internos.csv,Registros ERP académico,Valor directo de columna desempeño,2026-06-25 11:12:08,87f174cf-db07-4b4a-9e4d-c229aab16e4f,1.0
RI278_repitencia,RIESGO_INT,riesgo,repitencia,,,E349,NA,NA,2.0,riesgos_internos.csv,Registros ERP académico,Valor directo de columna repitencia,2026-06-25 11:12:08,87f174cf-db07-4b4a-9e4d-c229aab16e4f,1.0
RI278_deserción,RIESGO_INT,riesgo,deserción,,,E349,NA,NA,0.0,riesgos_internos.csv,Registros ERP académico,Valor directo de columna deserción,2026-06-25 11:12:08,87f174cf-db07-4b4a-9e4d-c229aab16e4f,1.0
RI279_desempeño,RIESGO_INT,riesgo,desempeño,,,E35,NA,NA,0.686,riesgos_internos.csv,Registros ERP académico,Valor directo de columna desempeño,2026-06-25 11:12:08,87f174cf-db07-4b4a-9e4d-c229aab16e4f,1.0
RI279_repitencia,RIESGO_INT,riesgo,repitencia,,,E35,NA,NA,5.0,riesgos_internos.csv,Registros ERP académico,Valor directo de columna repitencia,2026-06-25 11:12:08,87f174cf-db07-4b4a-9e4d-c229aab16e4f,1.0
RI279_deserción,RIESGO_INT,riesgo,deserción,,,E35,NA,NA,1.0,riesgos_internos.csv,Registros ERP académico,Valor directo de columna deserción,2026-06-25 11:12:08,87f174cf-db07-4b4a-9e4d-c229aab16e4f,1.0
RI280_desempeño,RIESGO_INT,riesgo,desempeño,,,E350,NA,NA,0.829,riesgos_internos.csv,Registros ERP académico,Valor directo de columna desempeño,2026-06-25 11:12:08,87f174cf-db07-4b4a-9e4d-c229aab16e4f,1.0
RI280_repitencia,RIESGO_INT,riesgo,repitencia,,,E350,NA,NA,0.0,riesgos_internos.csv,Registros ERP académico,Valor directo de columna repitencia,2026-06-25 11:12:08,87f174cf-db07-4b4a-9e4d-c229aab16e4f,1.0
RI280_deserción,RIESGO_INT,riesgo,deserción,,,E350,NA,NA,0.0,riesgos_internos.csv,Registros ERP académico,Valor directo de columna deserción,2026-06-25 11:12:08,87f174cf-db07-4b4a-9e4d-c229aab16e4f,1.0
RI281_desempeño,RIESGO_INT,riesgo,desempeño,,,E351,NA,NA,0.632,riesgos_internos.csv,Registros ERP académico,Valor directo de columna desempeño,2026-06-25 11:12:08,87f174cf-db07-4b4a-9e4d-c229aab16e4f,1.0
RI281_repitencia,RIESGO_INT,riesgo,repitencia,,,E351,NA,NA,5.0,riesgos_internos.csv,Registros ERP académico,Valor directo de columna repitencia,2026-06-25 11:12:08,87f174cf-db07-4b4a-9e4d-c229aab16e4f,1.0
RI281_deserción,RIESGO_INT,riesgo,deserción,,,E351,NA,NA,1.0,riesgos_internos.csv,Registros ERP académico,Valor directo de columna deserción,2026-06-25 11:12:08,87f174cf-db07-4b4a-9e4d-c229aab16e4f,1.0
RI282_desempeño,RIESGO_INT,riesgo,desempeño,,,E352,NA,NA,0.81,riesgos_internos.csv,Registros ERP académico,Valor directo de columna desempeño,2026-06-25 11:12:08,87f174cf-db07-4b4a-9e4d-c229aab16e4f,1.0
RI282_repitencia,RIESGO_INT,riesgo,repitencia,,,E352,NA,NA,0.0,riesgos_internos.csv,Registros ERP académico,Valor directo de columna repitencia,2026-06-25 11:12:08,87f174cf-db07-4b4a-9e4d-c229aab16e4f,1.0
RI282_deserción,RIESGO_INT,riesgo,deserción,,,E352,NA,NA,0.0,riesgos_internos.csv,Registros ERP académico,Valor directo de columna deserción,2026-06-25 11:12:08,87f174cf-db07-4b4a-9e4d-c229aab16e4f,1.0
RI283_desempeño,RIESGO_INT,riesgo,desempeño,,,E353,NA,NA,0.627,riesgos_internos.csv,Registros ERP académico,Valor directo de columna desempeño,2026-06-25 11:12:08,87f174cf-db07-4b4a-9e4d-c229aab16e4f,1.0
RI283_repitencia,RIESGO_INT,riesgo,repitencia,,,E353,NA,NA,8.0,riesgos_internos.csv,Registros ERP académico,Valor directo de columna repitencia,2026-06-25 11:12:08,87f174cf-db07-4b4a-9e4d-c229aab16e4f,1.0
RI283_deserción,RIESGO_INT,riesgo,deserción,,,E353,NA,NA,1.0,riesgos_internos.csv,Registros ERP académico,Valor directo de columna deserción,2026-06-25 11:12:08,87f174cf-db07-4b4a-9e4d-c229aab16e4f,1.0
RI284_desempeño,RIESGO_INT,riesgo,desempeño,,,E354,NA,NA,0.695,riesgos_internos.csv,Registros ERP académico,Valor directo de columna desempeño,2026-06-25 11:12:08,87f174cf-db07-4b4a-9e4d-c229aab16e4f,1.0
RI284_repitencia,RIESGO_INT,riesgo,repitencia,,,E354,NA,NA,5.0,riesgos_internos.csv,Registros ERP académico,Valor directo de columna repitencia,2026-06-25 11:12:08,87f174cf-db07-4b4a-9e4d-c229aab16e4f,1.0
RI284_deserción,RIESGO_INT,riesgo,deserción,,,E354,NA,NA,1.0,riesgos_internos.csv,Registros ERP académico,Valor directo de columna deserción,2026-06-25 11:12:08,87f174cf-db07-4b4a-9e4d-c229aab16e4f,1.0
RI285_desempeño,RIESGO_INT,riesgo,desempeño,,,E355,NA,NA,0.792,riesgos_internos.csv,Registros ERP académico,Valor directo de columna desempeño,2026-06-25 11:12:08,87f174cf-db07-4b4a-9e4d-c229aab16e4f,1.0
RI285_repitencia,RIESGO_INT,riesgo,repitencia,,,E355,NA,NA,0.0,riesgos_internos.csv,Registros ERP académico,Valor directo de columna repitencia,2026-06-25 11:12:08,87f174cf-db07-4b4a-9e4d-c229aab16e4f,1.0
RI285_deserción,RIESGO_INT,riesgo,deserción,,,E355,NA,NA,0.0,riesgos_internos.csv,Registros ERP académico,Valor directo de columna deserción,2026-06-25 11:12:08,87f174cf-db07-4b4a-9e4d-c229aab16e4f,1.0
RI286_desempeño,RIESGO_INT,riesgo,desempeño,,,E356,NA,NA,0.698,riesgos_internos.csv,Registros ERP académico,Valor directo de columna desempeño,2026-06-25 11:12:08,87f174cf-db07-4b4a-9e4d-c229aab16e4f,1.0
RI286_repitencia,RIESGO_INT,riesgo,repitencia,,,E356,NA,NA,10.0,riesgos_internos.csv,Registros ERP académico,Valor directo de columna repitencia,2026-06-25 11:12:08,87f174cf-db07-4b4a-9e4d-c229aab16e4f,1.0
RI286_deserción,RIESGO_INT,riesgo,deserción,,,E356,NA,NA,0.0,riesgos_internos.csv,Registros ERP académico,Valor directo de columna deserción,2026-06-25 11:12:08,87f174cf-db07-4b4a-9e4d-c229aab16e4f,1.0
RI287_desempeño,RIESGO_INT,riesgo,desempeño,,,E357,NA,NA,0.729,riesgos_internos.csv,Registros ERP académico,Valor directo de columna desempeño,2026-06-25 11:12:08,87f174cf-db07-4b4a-9e4d-c229aab16e4f,1.0
RI287_repitencia,RIESGO_INT,riesgo,repitencia,,,E357,NA,NA,5.0,riesgos_internos.csv,Registros ERP académico,Valor directo de columna repitencia,2026-06-25 11:12:08,87f174cf-db07-4b4a-9e4d-c229aab16e4f,1.0
RI287_deserción,RIESGO_INT,riesgo,deserción,,,E357,NA,NA,0.0,riesgos_internos.csv,Registros ERP académico,Valor directo de columna deserción,2026-06-25 11:12:08,87f174cf-db07-4b4a-9e4d-c229aab16e4f,1.0
RI288_desempeño,RIESGO_INT,riesgo,desempeño,,,E358,NA,NA,0.694,riesgos_internos.csv,Registros ERP académico,Valor directo de columna desempeño,2026-06-25 11:12:08,87f174cf-db07-4b4a-9e4d-c229aab16e4f,1.0
RI288_repitencia,RIESGO_INT,riesgo,repitencia,,,E358,NA,NA,3.0,riesgos_internos.csv,Registros ERP académico,Valor directo de columna repitencia,2026-06-25 11:12:08,87f174cf-db07-4b4a-9e4d-c229aab16e4f,1.0
RI288_deserción,RIESGO_INT,riesgo,deserción,,,E358,NA,NA,1.0,riesgos_internos.csv,Registros ERP académico,Valor directo de columna deserción,2026-06-25 11:12:08,87f174cf-db07-4b4a-9e4d-c229aab16e4f,1.0
RI289_desempeño,RIESGO_INT,riesgo,desempeño,,,E359,NA,NA,0.639,riesgos_internos.csv,Registros ERP académico,Valor directo de columna desempeño,2026-06-25 11:12:08,87f174cf-db07-4b4a-9e4d-c229aab16e4f,1.0
RI289_repitencia,RIESGO_INT,riesgo,repitencia,,,E359,NA,NA,5.0,riesgos_internos.csv,Registros ERP académico,Valor directo de columna repitencia,2026-06-25 11:12:08,87f174cf-db07-4b4a-9e4d-c229aab16e4f,1.0
RI289_deserción,RIESGO_INT,riesgo,deserción,,,E359,NA,NA,1.0,riesgos_internos.csv,Registros ERP académico,Valor directo de columna deserción,2026-06-25 11:12:08,87f174cf-db07-4b4a-9e4d-c229aab16e4f,1.0
RI290_desempeño,RIESGO_INT,riesgo,desempeño,,,E36,NA,NA,0.641,riesgos_internos.csv,Registros ERP académico,Valor directo de columna desempeño,2026-06-25 11:12:08,87f174cf-db07-4b4a-9e4d-c229aab16e4f,1.0
RI290_repitencia,RIESGO_INT,riesgo,repitencia,,,E36,NA,NA,7.0,riesgos_internos.csv,Registros ERP académico,Valor directo de columna repitencia,2026-06-25 11:12:08,87f174cf-db07-4b4a-9e4d-c229aab16e4f,1.0
RI290_deserción,RIESGO_INT,riesgo,deserción,,,E36,NA,NA,1.0,riesgos_internos.csv,Registros ERP académico,Valor directo de columna deserción,2026-06-25 11:12:08,87f174cf-db07-4b4a-9e4d-c229aab16e4f,1.0
RI291_desempeño,RIESGO_INT,riesgo,desempeño,,,E360,NA,NA,0.752,riesgos_internos.csv,Registros ERP académico,Valor directo de columna desempeño,2026-06-25 11:12:08,87f174cf-db07-4b4a-9e4d-c229aab16e4f,1.0
RI291_repitencia,RIESGO_INT,riesgo,repitencia,,,E360,NA,NA,3.0,riesgos_internos.csv,Registros ERP académico,Valor directo de columna repitencia,2026-06-25 11:12:08,87f174cf-db07-4b4a-9e4d-c229aab16e4f,1.0
RI291_deserción,RIESGO_INT,riesgo,deserción,,,E360,NA,NA,0.0,riesgos_internos.csv,Registros ERP académico,Valor directo de columna deserción,2026-06-25 11:12:08,87f174cf-db07-4b4a-9e4d-c229aab16e4f,1.0
RI292_desempeño,RIESGO_INT,riesgo,desempeño,,,E361,NA,NA,0.818,riesgos_internos.csv,Registros ERP académico,Valor directo de columna desempeño,2026-06-25 11:12:08,87f174cf-db07-4b4a-9e4d-c229aab16e4f,1.0
RI292_repitencia,RIESGO_INT,riesgo,repitencia,,,E361,NA,NA,0.0,riesgos_internos.csv,Registros ERP académico,Valor directo de columna repitencia,2026-06-25 11:12:08,87f174cf-db07-4b4a-9e4d-c229aab16e4f,1.0
RI292_deserción,RIESGO_INT,riesgo,deserción,,,E361,NA,NA,0.0,riesgos_internos.csv,Registros ERP académico,Valor directo de columna deserción,2026-06-25 11:12:08,87f174cf-db07-4b4a-9e4d-c229aab16e4f,1.0
RI293_desempeño,RIESGO_INT,riesgo,desempeño,,,E362,NA,NA,0.725,riesgos_internos.csv,Registros ERP académico,Valor directo de columna desempeño,2026-06-25 11:12:08,87f174cf-db07-4b4a-9e4d-c229aab16e4f,1.0
RI293_repitencia,RIESGO_INT,riesgo,repitencia,,,E362,NA,NA,4.0,riesgos_internos.csv,Registros ERP académico,Valor directo de columna repitencia,2026-06-25 11:12:08,87f174cf-db07-4b4a-9e4d-c229aab16e4f,1.0
RI293_deserción,RIESGO_INT,riesgo,deserción,,,E362,NA,NA,0.0,riesgos_internos.csv,Registros ERP académico,Valor directo de columna deserción,2026-06-25 11:12:08,87f174cf-db07-4b4a-9e4d-c229aab16e4f,1.0
RI294_desempeño,RIESGO_INT,riesgo,desempeño,,,E363,NA,NA,0.656,riesgos_internos.csv,Registros ERP académico,Valor directo de columna desempeño,2026-06-25 11:12:08,87f174cf-db07-4b4a-9e4d-c229aab16e4f,1.0
RI294_repitencia,RIESGO_INT,riesgo,repitencia,,,E363,NA,NA,5.0,riesgos_internos.csv,Registros ERP académico,Valor directo de columna repitencia,2026-06-25 11:12:08,87f174cf-db07-4b4a-9e4d-c229aab16e4f,1.0
RI294_deserción,RIESGO_INT,riesgo,deserción,,,E363,NA,NA,1.0,riesgos_internos.csv,Registros ERP académico,Valor directo de columna deserción,2026-06-25 11:12:08,87f174cf-db07-4b4a-9e4d-c229aab16e4f,1.0
RI295_desempeño,RIESGO_INT,riesgo,desempeño,,,E364,NA,NA,0.658,riesgos_internos.csv,Registros ERP académico,Valor directo de columna desempeño,2026-06-25 11:12:08,87f174cf-db07-4b4a-9e4d-c229aab16e4f,1.0
RI295_repitencia,RIESGO_INT,riesgo,repitencia,,,E364,NA,NA,6.0,riesgos_internos.csv,Registros ERP académico,Valor directo de columna repitencia,2026-06-25 11:12:08,87f174cf-db07-4b4a-9e4d-c229aab16e4f,1.0
RI295_deserción,RIESGO_INT,riesgo,deserción,,,E364,NA,NA,1.0,riesgos_internos.csv,Registros ERP académico,Valor directo de columna deserción,2026-06-25 11:12:08,87f174cf-db07-4b4a-9e4d-c229aab16e4f,1.0
RI296_desempeño,RIESGO_INT,riesgo,desempeño,,,E365,NA,NA,0.702,riesgos_internos.csv,Registros ERP académico,Valor directo de columna desempeño,2026-06-25 11:12:08,87f174cf-db07-4b4a-9e4d-c229aab16e4f,1.0
RI296_repitencia,RIESGO_INT,riesgo,repitencia,,,E365,NA,NA,4.0,riesgos_internos.csv,Registros ERP académico,Valor directo de columna repitencia,2026-06-25 11:12:08,87f174cf-db07-4b4a-9e4d-c229aab16e4f,1.0
RI296_deserción,RIESGO_INT,riesgo,deserción,,,E365,NA,NA,1.0,riesgos_internos.csv,Registros ERP académico,Valor directo de columna deserción,2026-06-25 11:12:08,87f174cf-db07-4b4a-9e4d-c229aab16e4f,1.0
RI297_desempeño,RIESGO_INT,riesgo,desempeño,,,E366,NA,NA,0.687,riesgos_internos.csv,Registros ERP académico,Valor directo de columna desempeño,2026-06-25 11:12:08,87f174cf-db07-4b4a-9e4d-c229aab16e4f,1.0
RI297_repitencia,RIESGO_INT,riesgo,repitencia,,,E366,NA,NA,5.0,riesgos_internos.csv,Registros ERP académico,Valor directo de columna repitencia,2026-06-25 11:12:08,87f174cf-db07-4b4a-9e4d-c229aab16e4f,1.0
RI297_deserción,RIESGO_INT,riesgo,deserción,,,E366,NA,NA,1.0,riesgos_internos.csv,Registros ERP académico,Valor directo de columna deserción,2026-06-25 11:12:08,87f174cf-db07-4b4a-9e4d-c229aab16e4f,1.0
RI298_desempeño,RIESGO_INT,riesgo,desempeño,,,E367,NA,NA,0.69,riesgos_internos.csv,Registros ERP académico,Valor directo de columna desempeño,2026-06-25 11:12:08,87f174cf-db07-4b4a-9e4d-c229aab16e4f,1.0
RI298_repitencia,RIESGO_INT,riesgo,repitencia,,,E367,NA,NA,4.0,riesgos_internos.csv,Registros ERP académico,Valor directo de columna repitencia,2026-06-25 11:12:08,87f174cf-db07-4b4a-9e4d-c229aab16e4f,1.0
RI298_deserción,RIESGO_INT,riesgo,deserción,,,E367,NA,NA,1.0,riesgos_internos.csv,Registros ERP académico,Valor directo de columna deserción,2026-06-25 11:12:08,87f174cf-db07-4b4a-9e4d-c229aab16e4f,1.0
RI299_desempeño,RIESGO_INT,riesgo,desempeño,,,E368,NA,NA,0.751,riesgos_internos.csv,Registros ERP académico,Valor directo de columna desempeño,2026-06-25 11:12:08,87f174cf-db07-4b4a-9e4d-c229aab16e4f,1.0
RI299_repitencia,RIESGO_INT,riesgo,repitencia,,,E368,NA,NA,1.0,riesgos_internos.csv,Registros ERP académico,Valor directo de columna repitencia,2026-06-25 11:12:08,87f174cf-db07-4b4a-9e4d-c229aab16e4f,1.0
RI299_deserción,RIESGO_INT,riesgo,deserción,,,E368,NA,NA,0.0,riesgos_internos.csv,Registros ERP académico,Valor directo de columna deserción,2026-06-25 11:12:08,87f174cf-db07-4b4a-9e4d-c229aab16e4f,1.0
RI300_desempeño,RIESGO_INT,riesgo,desempeño,,,E369,NA,NA,0.801,riesgos_internos.csv,Registros ERP académico,Valor directo de columna desempeño,2026-06-25 11:12:08,87f174cf-db07-4b4a-9e4d-c229aab16e4f,1.0
RI300_repitencia,RIESGO_INT,riesgo,repitencia,,,E369,NA,NA,0.0,riesgos_internos.csv,Registros ERP académico,Valor directo de columna repitencia,2026-06-25 11:12:08,87f174cf-db07-4b4a-9e4d-c229aab16e4f,1.0
RI300_deserción,RIESGO_INT,riesgo,deserción,,,E369,NA,NA,0.0,riesgos_internos.csv,Registros ERP académico,Valor directo de columna deserción,2026-06-25 11:12:08,87f174cf-db07-4b4a-9e4d-c229aab16e4f,1.0
RI301_desempeño,RIESGO_INT,riesgo,desempeño,,,E37,NA,NA,0.744,riesgos_internos.csv,Registros ERP académico,Valor directo de columna desempeño,2026-06-25 11:12:08,87f174cf-db07-4b4a-9e4d-c229aab16e4f,1.0
RI301_repitencia,RIESGO_INT,riesgo,repitencia,,,E37,NA,NA,17.0,riesgos_internos.csv,Registros ERP académico,Valor directo de columna repitencia,2026-06-25 11:12:08,87f174cf-db07-4b4a-9e4d-c229aab16e4f,1.0
RI301_deserción,RIESGO_INT,riesgo,deserción,,,E37,NA,NA,0.0,riesgos_internos.csv,Registros ERP académico,Valor directo de columna deserción,2026-06-25 11:12:08,87f174cf-db07-4b4a-9e4d-c229aab16e4f,1.0
RI302_desempeño,RIESGO_INT,riesgo,desempeño,,,E370,NA,NA,0.783,riesgos_internos.csv,Registros ERP académico,Valor directo de columna desempeño,2026-06-25 11:12:08,87f174cf-db07-4b4a-9e4d-c229aab16e4f,1.0
RI302_repitencia,RIESGO_INT,riesgo,repitencia,,,E370,NA,NA,2.0,riesgos_internos.csv,Registros ERP académico,Valor directo de columna repitencia,2026-06-25 11:12:08,87f174cf-db07-4b4a-9e4d-c229aab16e4f,1.0
RI302_deserción,RIESGO_INT,riesgo,deserción,,,E370,NA,NA,0.0,riesgos_internos.csv,Registros ERP académico,Valor directo de columna deserción,2026-06-25 11:12:08,87f174cf-db07-4b4a-9e4d-c229aab16e4f,1.0
RI303_desempeño,RIESGO_INT,riesgo,desempeño,,,E371,NA,NA,0.662,riesgos_internos.csv,Registros ERP académico,Valor directo de columna desempeño,2026-06-25 11:12:08,87f174cf-db07-4b4a-9e4d-c229aab16e4f,1.0
RI303_repitencia,RIESGO_INT,riesgo,repitencia,,,E371,NA,NA,6.0,riesgos_internos.csv,Registros ERP académico,Valor directo de columna repitencia,2026-06-25 11:12:08,87f174cf-db07-4b4a-9e4d-c229aab16e4f,1.0
RI303_deserción,RIESGO_INT,riesgo,deserción,,,E371,NA,NA,1.0,riesgos_internos.csv,Registros ERP académico,Valor directo de columna deserción,2026-06-25 11:12:08,87f174cf-db07-4b4a-9e4d-c229aab16e4f,1.0
RI304_desempeño,RIESGO_INT,riesgo,desempeño,,,E372,NA,NA,0.61,riesgos_internos.csv,Registros ERP académico,Valor directo de columna desempeño,2026-06-25 11:12:08,87f174cf-db07-4b4a-9e4d-c229aab16e4f,1.0
RI304_repitencia,RIESGO_INT,riesgo,repitencia,,,E372,NA,NA,7.0,riesgos_internos.csv,Registros ERP académico,Valor directo de columna repitencia,2026-06-25 11:12:08,87f174cf-db07-4b4a-9e4d-c229aab16e4f,1.0
RI304_deserción,RIESGO_INT,riesgo,deserción,,,E372,NA,NA,1.0,riesgos_internos.csv,Registros ERP académico,Valor directo de columna deserción,2026-06-25 11:12:08,87f174cf-db07-4b4a-9e4d-c229aab16e4f,1.0
RI305_desempeño,RIESGO_INT,riesgo,desempeño,,,E373,NA,NA,0.776,riesgos_internos.csv,Registros ERP académico,Valor directo de columna desempeño,2026-06-25 11:12:08,87f174cf-db07-4b4a-9e4d-c229aab16e4f,1.0
RI305_repitencia,RIESGO_INT,riesgo,repitencia,,,E373,NA,NA,1.0,riesgos_internos.csv,Registros ERP académico,Valor directo de columna repitencia,2026-06-25 11:12:08,87f174cf-db07-4b4a-9e4d-c229aab16e4f,1.0
RI305_deserción,RIESGO_INT,riesgo,deserción,,,E373,NA,NA,0.0,riesgos_internos.csv,Registros ERP académico,Valor directo de columna deserción,2026-06-25 11:12:08,87f174cf-db07-4b4a-9e4d-c229aab16e4f,1.0
RI306_desempeño,RIESGO_INT,riesgo,desempeño,,,E374,NA,NA,0.815,riesgos_internos.csv,Registros ERP académico,Valor directo de columna desempeño,2026-06-25 11:12:08,87f174cf-db07-4b4a-9e4d-c229aab16e4f,1.0
RI306_repitencia,RIESGO_INT,riesgo,repitencia,,,E374,NA,NA,1.0,riesgos_internos.csv,Registros ERP académico,Valor directo de columna repitencia,2026-06-25 11:12:08,87f174cf-db07-4b4a-9e4d-c229aab16e4f,1.0
RI306_deserción,RIESGO_INT,riesgo,deserción,,,E374,NA,NA,0.0,riesgos_internos.csv,Registros ERP académico,Valor directo de columna deserción,2026-06-25 11:12:08,87f174cf-db07-4b4a-9e4d-c229aab16e4f,1.0
RI307_desempeño,RIESGO_INT,riesgo,desempeño,,,E375,NA,NA,0.805,riesgos_internos.csv,Registros ERP académico,Valor directo de columna desempeño,2026-06-25 11:12:08,87f174cf-db07-4b4a-9e4d-c229aab16e4f,1.0
RI307_repitencia,RIESGO_INT,riesgo,repitencia,,,E375,NA,NA,1.0,riesgos_internos.csv,Registros ERP académico,Valor directo de columna repitencia,2026-06-25 11:12:08,87f174cf-db07-4b4a-9e4d-c229aab16e4f,1.0
RI307_deserción,RIESGO_INT,riesgo,deserción,,,E375,NA,NA,0.0,riesgos_internos.csv,Registros ERP académico,Valor directo de columna deserción,2026-06-25 11:12:08,87f174cf-db07-4b4a-9e4d-c229aab16e4f,1.0
RI308_desempeño,RIESGO_INT,riesgo,desempeño,,,E376,NA,NA,0.732,riesgos_internos.csv,Registros ERP académico,Valor directo de columna desempeño,2026-06-25 11:12:08,87f174cf-db07-4b4a-9e4d-c229aab16e4f,1.0
RI308_repitencia,RIESGO_INT,riesgo,repitencia,,,E376,NA,NA,2.0,riesgos_internos.csv,Registros ERP académico,Valor directo de columna repitencia,2026-06-25 11:12:08,87f174cf-db07-4b4a-9e4d-c229aab16e4f,1.0
RI308_deserción,RIESGO_INT,riesgo,deserción,,,E376,NA,NA,0.0,riesgos_internos.csv,Registros ERP académico,Valor directo de columna deserción,2026-06-25 11:12:08,87f174cf-db07-4b4a-9e4d-c229aab16e4f,1.0
RI309_desempeño,RIESGO_INT,riesgo,desempeño,,,E377,NA,NA,0.803,riesgos_internos.csv,Registros ERP académico,Valor directo de columna desempeño,2026-06-25 11:12:08,87f174cf-db07-4b4a-9e4d-c229aab16e4f,1.0
RI309_repitencia,RIESGO_INT,riesgo,repitencia,,,E377,NA,NA,0.0,riesgos_internos.csv,Registros ERP académico,Valor directo de columna repitencia,2026-06-25 11:12:08,87f174cf-db07-4b4a-9e4d-c229aab16e4f,1.0
RI309_deserción,RIESGO_INT,riesgo,deserción,,,E377,NA,NA,0.0,riesgos_internos.csv,Registros ERP académico,Valor directo de columna deserción,2026-06-25 11:12:08,87f174cf-db07-4b4a-9e4d-c229aab16e4f,1.0
RI310_desempeño,RIESGO_INT,riesgo,desempeño,,,E378,NA,NA,0.78,riesgos_internos.csv,Registros ERP académico,Valor directo de columna desempeño,2026-06-25 11:12:08,87f174cf-db07-4b4a-9e4d-c229aab16e4f,1.0
RI310_repitencia,RIESGO_INT,riesgo,repitencia,,,E378,NA,NA,2.0,riesgos_internos.csv,Registros ERP académico,Valor directo de columna repitencia,2026-06-25 11:12:08,87f174cf-db07-4b4a-9e4d-c229aab16e4f,1.0
RI310_deserción,RIESGO_INT,riesgo,deserción,,,E378,NA,NA,0.0,riesgos_internos.csv,Registros ERP académico,Valor directo de columna deserción,2026-06-25 11:12:08,87f174cf-db07-4b4a-9e4d-c229aab16e4f,1.0
RI311_desempeño,RIESGO_INT,riesgo,desempeño,,,E379,NA,NA,0.792,riesgos_internos.csv,Registros ERP académico,Valor directo de columna desempeño,2026-06-25 11:12:08,87f174cf-db07-4b4a-9e4d-c229aab16e4f,1.0
RI311_repitencia,RIESGO_INT,riesgo,repitencia,,,E379,NA,NA,0.0,riesgos_internos.csv,Registros ERP académico,Valor directo de columna repitencia,2026-06-25 11:12:08,87f174cf-db07-4b4a-9e4d-c229aab16e4f,1.0
RI311_deserción,RIESGO_INT,riesgo,deserción,,,E379,NA,NA,0.0,riesgos_internos.csv,Registros ERP académico,Valor directo de columna deserción,2026-06-25 11:12:08,87f174cf-db07-4b4a-9e4d-c229aab16e4f,1.0
RI312_desempeño,RIESGO_INT,riesgo,desempeño,,,E38,NA,NA,0.789,riesgos_internos.csv,Registros ERP académico,Valor directo de columna desempeño,2026-06-25 11:12:08,87f174cf-db07-4b4a-9e4d-c229aab16e4f,1.0
RI312_repitencia,RIESGO_INT,riesgo,repitencia,,,E38,NA,NA,0.0,riesgos_internos.csv,Registros ERP académico,Valor directo de columna repitencia,2026-06-25 11:12:08,87f174cf-db07-4b4a-9e4d-c229aab16e4f,1.0
RI312_deserción,RIESGO_INT,riesgo,deserción,,,E38,NA,NA,0.0,riesgos_internos.csv,Registros ERP académico,Valor directo de columna deserción,2026-06-25 11:12:08,87f174cf-db07-4b4a-9e4d-c229aab16e4f,1.0
RI313_desempeño,RIESGO_INT,riesgo,desempeño,,,E380,NA,NA,0.736,riesgos_internos.csv,Registros ERP académico,Valor directo de columna desempeño,2026-06-25 11:12:08,87f174cf-db07-4b4a-9e4d-c229aab16e4f,1.0
RI313_repitencia,RIESGO_INT,riesgo,repitencia,,,E380,NA,NA,1.0,riesgos_internos.csv,Registros ERP académico,Valor directo de columna repitencia,2026-06-25 11:12:08,87f174cf-db07-4b4a-9e4d-c229aab16e4f,1.0
RI313_deserción,RIESGO_INT,riesgo,deserción,,,E380,NA,NA,0.0,riesgos_internos.csv,Registros ERP académico,Valor directo de columna deserción,2026-06-25 11:12:08,87f174cf-db07-4b4a-9e4d-c229aab16e4f,1.0
RI314_desempeño,RIESGO_INT,riesgo,desempeño,,,E381,NA,NA,0.808,riesgos_internos.csv,Registros ERP académico,Valor directo de columna desempeño,2026-06-25 11:12:08,87f174cf-db07-4b4a-9e4d-c229aab16e4f,1.0
RI314_repitencia,RIESGO_INT,riesgo,repitencia,,,E381,NA,NA,1.0,riesgos_internos.csv,Registros ERP académico,Valor directo de columna repitencia,2026-06-25 11:12:08,87f174cf-db07-4b4a-9e4d-c229aab16e4f,1.0
RI314_deserción,RIESGO_INT,riesgo,deserción,,,E381,NA,NA,0.0,riesgos_internos.csv,Registros ERP académico,Valor directo de columna deserción,2026-06-25 11:12:08,87f174cf-db07-4b4a-9e4d-c229aab16e4f,1.0
RI315_desempeño,RIESGO_INT,riesgo,desempeño,,,E382,NA,NA,0.658,riesgos_internos.csv,Registros ERP académico,Valor directo de columna desempeño,2026-06-25 11:12:08,87f174cf-db07-4b4a-9e4d-c229aab16e4f,1.0
RI315_repitencia,RIESGO_INT,riesgo,repitencia,,,E382,NA,NA,4.0,riesgos_internos.csv,Registros ERP académico,Valor directo de columna repitencia,2026-06-25 11:12:08,87f174cf-db07-4b4a-9e4d-c229aab16e4f,1.0
RI315_deserción,RIESGO_INT,riesgo,deserción,,,E382,NA,NA,1.0,riesgos_internos.csv,Registros ERP académico,Valor directo de columna deserción,2026-06-25 11:12:08,87f174cf-db07-4b4a-9e4d-c229aab16e4f,1.0
RI316_desempeño,RIESGO_INT,riesgo,desempeño,,,E383,NA,NA,0.672,riesgos_internos.csv,Registros ERP académico,Valor directo de columna desempeño,2026-06-25 11:12:08,87f174cf-db07-4b4a-9e4d-c229aab16e4f,1.0
RI316_repitencia,RIESGO_INT,riesgo,repitencia,,,E383,NA,NA,6.0,riesgos_internos.csv,Registros ERP académico,Valor directo de columna repitencia,2026-06-25 11:12:08,87f174cf-db07-4b4a-9e4d-c229aab16e4f,1.0
RI316_deserción,RIESGO_INT,riesgo,deserción,,,E383,NA,NA,1.0,riesgos_internos.csv,Registros ERP académico,Valor directo de columna deserción,2026-06-25 11:12:08,87f174cf-db07-4b4a-9e4d-c229aab16e4f,1.0
RI317_desempeño,RIESGO_INT,riesgo,desempeño,,,E384,NA,NA,0.655,riesgos_internos.csv,Registros ERP académico,Valor directo de columna desempeño,2026-06-25 11:12:08,87f174cf-db07-4b4a-9e4d-c229aab16e4f,1.0
RI317_repitencia,RIESGO_INT,riesgo,repitencia,,,E384,NA,NA,3.0,riesgos_internos.csv,Registros ERP académico,Valor directo de columna repitencia,2026-06-25 11:12:08,87f174cf-db07-4b4a-9e4d-c229aab16e4f,1.0
RI317_deserción,RIESGO_INT,riesgo,deserción,,,E384,NA,NA,1.0,riesgos_internos.csv,Registros ERP académico,Valor directo de columna deserción,2026-06-25 11:12:08,87f174cf-db07-4b4a-9e4d-c229aab16e4f,1.0
RI318_desempeño,RIESGO_INT,riesgo,desempeño,,,E385,NA,NA,0.816,riesgos_internos.csv,Registros ERP académico,Valor directo de columna desempeño,2026-06-25 11:12:08,87f174cf-db07-4b4a-9e4d-c229aab16e4f,1.0
RI318_repitencia,RIESGO_INT,riesgo,repitencia,,,E385,NA,NA,0.0,riesgos_internos.csv,Registros ERP académico,Valor directo de columna repitencia,2026-06-25 11:12:08,87f174cf-db07-4b4a-9e4d-c229aab16e4f,1.0
RI318_deserción,RIESGO_INT,riesgo,deserción,,,E385,NA,NA,0.0,riesgos_internos.csv,Registros ERP académico,Valor directo de columna deserción,2026-06-25 11:12:08,87f174cf-db07-4b4a-9e4d-c229aab16e4f,1.0
RI319_desempeño,RIESGO_INT,riesgo,desempeño,,,E386,NA,NA,0.751,riesgos_internos.csv,Registros ERP académico,Valor directo de columna desempeño,2026-06-25 11:12:08,87f174cf-db07-4b4a-9e4d-c229aab16e4f,1.0
RI319_repitencia,RIESGO_INT,riesgo,repitencia,,,E386,NA,NA,3.0,riesgos_internos.csv,Registros ERP académico,Valor directo de columna repitencia,2026-06-25 11:12:08,87f174cf-db07-4b4a-9e4d-c229aab16e4f,1.0
RI319_deserción,RIESGO_INT,riesgo,deserción,,,E386,NA,NA,0.0,riesgos_internos.csv,Registros ERP académico,Valor directo de columna deserción,2026-06-25 11:12:08,87f174cf-db07-4b4a-9e4d-c229aab16e4f,1.0
RI320_desempeño,RIESGO_INT,riesgo,desempeño,,,E387,NA,NA,0.607,riesgos_internos.csv,Registros ERP académico,Valor directo de columna desempeño,2026-06-25 11:12:08,87f174cf-db07-4b4a-9e4d-c229aab16e4f,1.0
RI320_repitencia,RIESGO_INT,riesgo,repitencia,,,E387,NA,NA,7.0,riesgos_internos.csv,Registros ERP académico,Valor directo de columna repitencia,2026-06-25 11:12:08,87f174cf-db07-4b4a-9e4d-c229aab16e4f,1.0
RI320_deserción,RIESGO_INT,riesgo,deserción,,,E387,NA,NA,1.0,riesgos_internos.csv,Registros ERP académico,Valor directo de columna deserción,2026-06-25 11:12:08,87f174cf-db07-4b4a-9e4d-c229aab16e4f,1.0
RI321_desempeño,RIESGO_INT,riesgo,desempeño,,,E388,NA,NA,0.673,riesgos_internos.csv,Registros ERP académico,Valor directo de columna desempeño,2026-06-25 11:12:08,87f174cf-db07-4b4a-9e4d-c229aab16e4f,1.0
RI321_repitencia,RIESGO_INT,riesgo,repitencia,,,E388,NA,NA,4.0,riesgos_internos.csv,Registros ERP académico,Valor directo de columna repitencia,2026-06-25 11:12:08,87f174cf-db07-4b4a-9e4d-c229aab16e4f,1.0
RI321_deserción,RIESGO_INT,riesgo,deserción,,,E388,NA,NA,1.0,riesgos_internos.csv,Registros ERP académico,Valor directo de columna deserción,2026-06-25 11:12:08,87f174cf-db07-4b4a-9e4d-c229aab16e4f,1.0
RI322_desempeño,RIESGO_INT,riesgo,desempeño,,,E389,NA,NA,0.706,riesgos_internos.csv,Registros ERP académico,Valor directo de columna desempeño,2026-06-25 11:12:08,87f174cf-db07-4b4a-9e4d-c229aab16e4f,1.0
RI322_repitencia,RIESGO_INT,riesgo,repitencia,,,E389,NA,NA,5.0,riesgos_internos.csv,Registros ERP académico,Valor directo de columna repitencia,2026-06-25 11:12:08,87f174cf-db07-4b4a-9e4d-c229aab16e4f,1.0
RI322_deserción,RIESGO_INT,riesgo,deserción,,,E389,NA,NA,0.0,riesgos_internos.csv,Registros ERP académico,Valor directo de columna deserción,2026-06-25 11:12:08,87f174cf-db07-4b4a-9e4d-c229aab16e4f,1.0
RI323_desempeño,RIESGO_INT,riesgo,desempeño,,,E39,NA,NA,0.623,riesgos_internos.csv,Registros ERP académico,Valor directo de columna desempeño,2026-06-25 11:12:08,87f174cf-db07-4b4a-9e4d-c229aab16e4f,1.0
RI323_repitencia,RIESGO_INT,riesgo,repitencia,,,E39,NA,NA,5.0,riesgos_internos.csv,Registros ERP académico,Valor directo de columna repitencia,2026-06-25 11:12:08,87f174cf-db07-4b4a-9e4d-c229aab16e4f,1.0
RI323_deserción,RIESGO_INT,riesgo,deserción,,,E39,NA,NA,1.0,riesgos_internos.csv,Registros ERP académico,Valor directo de columna deserción,2026-06-25 11:12:08,87f174cf-db07-4b4a-9e4d-c229aab16e4f,1.0
RI324_desempeño,RIESGO_INT,riesgo,desempeño,,,E390,NA,NA,0.754,riesgos_internos.csv,Registros ERP académico,Valor directo de columna desempeño,2026-06-25 11:12:08,87f174cf-db07-4b4a-9e4d-c229aab16e4f,1.0
RI324_repitencia,RIESGO_INT,riesgo,repitencia,,,E390,NA,NA,4.0,riesgos_internos.csv,Registros ERP académico,Valor directo de columna repitencia,2026-06-25 11:12:08,87f174cf-db07-4b4a-9e4d-c229aab16e4f,1.0
RI324_deserción,RIESGO_INT,riesgo,deserción,,,E390,NA,NA,0.0,riesgos_internos.csv,Registros ERP académico,Valor directo de columna deserción,2026-06-25 11:12:08,87f174cf-db07-4b4a-9e4d-c229aab16e4f,1.0
RI325_desempeño,RIESGO_INT,riesgo,desempeño,,,E391,NA,NA,0.795,riesgos_internos.csv,Registros ERP académico,Valor directo de columna desempeño,2026-06-25 11:12:08,87f174cf-db07-4b4a-9e4d-c229aab16e4f,1.0
RI325_repitencia,RIESGO_INT,riesgo,repitencia,,,E391,NA,NA,1.0,riesgos_internos.csv,Registros ERP académico,Valor directo de columna repitencia,2026-06-25 11:12:08,87f174cf-db07-4b4a-9e4d-c229aab16e4f,1.0
RI325_deserción,RIESGO_INT,riesgo,deserción,,,E391,NA,NA,0.0,riesgos_internos.csv,Registros ERP académico,Valor directo de columna deserción,2026-06-25 11:12:08,87f174cf-db07-4b4a-9e4d-c229aab16e4f,1.0
RI326_desempeño,RIESGO_INT,riesgo,desempeño,,,E392,NA,NA,0.63,riesgos_internos.csv,Registros ERP académico,Valor directo de columna desempeño,2026-06-25 11:12:08,87f174cf-db07-4b4a-9e4d-c229aab16e4f,1.0
RI326_repitencia,RIESGO_INT,riesgo,repitencia,,,E392,NA,NA,7.0,riesgos_internos.csv,Registros ERP académico,Valor directo de columna repitencia,2026-06-25 11:12:08,87f174cf-db07-4b4a-9e4d-c229aab16e4f,1.0
RI326_deserción,RIESGO_INT,riesgo,deserción,,,E392,NA,NA,1.0,riesgos_internos.csv,Registros ERP académico,Valor directo de columna deserción,2026-06-25 11:12:08,87f174cf-db07-4b4a-9e4d-c229aab16e4f,1.0
RI327_desempeño,RIESGO_INT,riesgo,desempeño,,,E393,NA,NA,0.634,riesgos_internos.csv,Registros ERP académico,Valor directo de columna desempeño,2026-06-25 11:12:08,87f174cf-db07-4b4a-9e4d-c229aab16e4f,1.0
RI327_repitencia,RIESGO_INT,riesgo,repitencia,,,E393,NA,NA,6.0,riesgos_internos.csv,Registros ERP académico,Valor directo de columna repitencia,2026-06-25 11:12:08,87f174cf-db07-4b4a-9e4d-c229aab16e4f,1.0
RI327_deserción,RIESGO_INT,riesgo,deserción,,,E393,NA,NA,1.0,riesgos_internos.csv,Registros ERP académico,Valor directo de columna deserción,2026-06-25 11:12:08,87f174cf-db07-4b4a-9e4d-c229aab16e4f,1.0
RI328_desempeño,RIESGO_INT,riesgo,desempeño,,,E394,NA,NA,0.73,riesgos_internos.csv,Registros ERP académico,Valor directo de columna desempeño,2026-06-25 11:12:08,87f174cf-db07-4b4a-9e4d-c229aab16e4f,1.0
RI328_repitencia,RIESGO_INT,riesgo,repitencia,,,E394,NA,NA,4.0,riesgos_internos.csv,Registros ERP académico,Valor directo de columna repitencia,2026-06-25 11:12:08,87f174cf-db07-4b4a-9e4d-c229aab16e4f,1.0
RI328_deserción,RIESGO_INT,riesgo,deserción,,,E394,NA,NA,0.0,riesgos_internos.csv,Registros ERP académico,Valor directo de columna deserción,2026-06-25 11:12:08,87f174cf-db07-4b4a-9e4d-c229aab16e4f,1.0
RI329_desempeño,RIESGO_INT,riesgo,desempeño,,,E395,NA,NA,0.669,riesgos_internos.csv,Registros ERP académico,Valor directo de columna desempeño,2026-06-25 11:12:08,87f174cf-db07-4b4a-9e4d-c229aab16e4f,1.0
RI329_repitencia,RIESGO_INT,riesgo,repitencia,,,E395,NA,NA,5.0,riesgos_internos.csv,Registros ERP académico,Valor directo de columna repitencia,2026-06-25 11:12:08,87f174cf-db07-4b4a-9e4d-c229aab16e4f,1.0
RI329_deserción,RIESGO_INT,riesgo,deserción,,,E395,NA,NA,1.0,riesgos_internos.csv,Registros ERP académico,Valor directo de columna deserción,2026-06-25 11:12:08,87f174cf-db07-4b4a-9e4d-c229aab16e4f,1.0
RI330_desempeño,RIESGO_INT,riesgo,desempeño,,,E396,NA,NA,0.839,riesgos_internos.csv,Registros ERP académico,Valor directo de columna desempeño,2026-06-25 11:12:08,87f174cf-db07-4b4a-9e4d-c229aab16e4f,1.0
RI330_repitencia,RIESGO_INT,riesgo,repitencia,,,E396,NA,NA,1.0,riesgos_internos.csv,Registros ERP académico,Valor directo de columna repitencia,2026-06-25 11:12:08,87f174cf-db07-4b4a-9e4d-c229aab16e4f,1.0
RI330_deserción,RIESGO_INT,riesgo,deserción,,,E396,NA,NA,0.0,riesgos_internos.csv,Registros ERP académico,Valor directo de columna deserción,2026-06-25 11:12:08,87f174cf-db07-4b4a-9e4d-c229aab16e4f,1.0
RI331_desempeño,RIESGO_INT,riesgo,desempeño,,,E397,NA,NA,0.816,riesgos_internos.csv,Registros ERP académico,Valor directo de columna desempeño,2026-06-25 11:12:08,87f174cf-db07-4b4a-9e4d-c229aab16e4f,1.0
RI331_repitencia,RIESGO_INT,riesgo,repitencia,,,E397,NA,NA,0.0,riesgos_internos.csv,Registros ERP académico,Valor directo de columna repitencia,2026-06-25 11:12:08,87f174cf-db07-4b4a-9e4d-c229aab16e4f,1.0
RI331_deserción,RIESGO_INT,riesgo,deserción,,,E397,NA,NA,0.0,riesgos_internos.csv,Registros ERP académico,Valor directo de columna deserción,2026-06-25 11:12:08,87f174cf-db07-4b4a-9e4d-c229aab16e4f,1.0
RI332_desempeño,RIESGO_INT,riesgo,desempeño,,,E398,NA,NA,0.82,riesgos_internos.csv,Registros ERP académico,Valor directo de columna desempeño,2026-06-25 11:12:08,87f174cf-db07-4b4a-9e4d-c229aab16e4f,1.0
RI332_repitencia,RIESGO_INT,riesgo,repitencia,,,E398,NA,NA,0.0,riesgos_internos.csv,Registros ERP académico,Valor directo de columna repitencia,2026-06-25 11:12:08,87f174cf-db07-4b4a-9e4d-c229aab16e4f,1.0
RI332_deserción,RIESGO_INT,riesgo,deserción,,,E398,NA,NA,0.0,riesgos_internos.csv,Registros ERP académico,Valor directo de columna deserción,2026-06-25 11:12:08,87f174cf-db07-4b4a-9e4d-c229aab16e4f,1.0
RI333_desempeño,RIESGO_INT,riesgo,desempeño,,,E399,NA,NA,0.826,riesgos_internos.csv,Registros ERP académico,Valor directo de columna desempeño,2026-06-25 11:12:08,87f174cf-db07-4b4a-9e4d-c229aab16e4f,1.0
RI333_repitencia,RIESGO_INT,riesgo,repitencia,,,E399,NA,NA,0.0,riesgos_internos.csv,Registros ERP académico,Valor directo de columna repitencia,2026-06-25 11:12:08,87f174cf-db07-4b4a-9e4d-c229aab16e4f,1.0
RI333_deserción,RIESGO_INT,riesgo,deserción,,,E399,NA,NA,0.0,riesgos_internos.csv,Registros ERP académico,Valor directo de columna deserción,2026-06-25 11:12:08,87f174cf-db07-4b4a-9e4d-c229aab16e4f,1.0
RI334_desempeño,RIESGO_INT,riesgo,desempeño,,,E4,NA,NA,0.627,riesgos_internos.csv,Registros ERP académico,Valor directo de columna desempeño,2026-06-25 11:12:08,87f174cf-db07-4b4a-9e4d-c229aab16e4f,1.0
RI334_repitencia,RIESGO_INT,riesgo,repitencia,,,E4,NA,NA,7.0,riesgos_internos.csv,Registros ERP académico,Valor directo de columna repitencia,2026-06-25 11:12:08,87f174cf-db07-4b4a-9e4d-c229aab16e4f,1.0
RI334_deserción,RIESGO_INT,riesgo,deserción,,,E4,NA,NA,1.0,riesgos_internos.csv,Registros ERP académico,Valor directo de columna deserción,2026-06-25 11:12:08,87f174cf-db07-4b4a-9e4d-c229aab16e4f,1.0
RI335_desempeño,RIESGO_INT,riesgo,desempeño,,,E40,NA,NA,0.641,riesgos_internos.csv,Registros ERP académico,Valor directo de columna desempeño,2026-06-25 11:12:08,87f174cf-db07-4b4a-9e4d-c229aab16e4f,1.0
RI335_repitencia,RIESGO_INT,riesgo,repitencia,,,E40,NA,NA,5.0,riesgos_internos.csv,Registros ERP académico,Valor directo de columna repitencia,2026-06-25 11:12:08,87f174cf-db07-4b4a-9e4d-c229aab16e4f,1.0
RI335_deserción,RIESGO_INT,riesgo,deserción,,,E40,NA,NA,1.0,riesgos_internos.csv,Registros ERP académico,Valor directo de columna deserción,2026-06-25 11:12:08,87f174cf-db07-4b4a-9e4d-c229aab16e4f,1.0
RI336_desempeño,RIESGO_INT,riesgo,desempeño,,,E400,NA,NA,0.661,riesgos_internos.csv,Registros ERP académico,Valor directo de columna desempeño,2026-06-25 11:12:08,87f174cf-db07-4b4a-9e4d-c229aab16e4f,1.0
RI336_repitencia,RIESGO_INT,riesgo,repitencia,,,E400,NA,NA,4.0,riesgos_internos.csv,Registros ERP académico,Valor directo de columna repitencia,2026-06-25 11:12:08,87f174cf-db07-4b4a-9e4d-c229aab16e4f,1.0
RI336_deserción,RIESGO_INT,riesgo,deserción,,,E400,NA,NA,1.0,riesgos_internos.csv,Registros ERP académico,Valor directo de columna deserción,2026-06-25 11:12:08,87f174cf-db07-4b4a-9e4d-c229aab16e4f,1.0
RI337_desempeño,RIESGO_INT,riesgo,desempeño,,,E41,NA,NA,0.709,riesgos_internos.csv,Registros ERP académico,Valor directo de columna desempeño,2026-06-25 11:12:08,87f174cf-db07-4b4a-9e4d-c229aab16e4f,1.0
RI337_repitencia,RIESGO_INT,riesgo,repitencia,,,E41,NA,NA,7.0,riesgos_internos.csv,Registros ERP académico,Valor directo de columna repitencia,2026-06-25 11:12:08,87f174cf-db07-4b4a-9e4d-c229aab16e4f,1.0
RI337_deserción,RIESGO_INT,riesgo,deserción,,,E41,NA,NA,1.0,riesgos_internos.csv,Registros ERP académico,Valor directo de columna deserción,2026-06-25 11:12:08,87f174cf-db07-4b4a-9e4d-c229aab16e4f,1.0
RI338_desempeño,RIESGO_INT,riesgo,desempeño,,,E42,NA,NA,0.712,riesgos_internos.csv,Registros ERP académico,Valor directo de columna desempeño,2026-06-25 11:12:08,87f174cf-db07-4b4a-9e4d-c229aab16e4f,1.0
RI338_repitencia,RIESGO_INT,riesgo,repitencia,,,E42,NA,NA,8.0,riesgos_internos.csv,Registros ERP académico,Valor directo de columna repitencia,2026-06-25 11:12:08,87f174cf-db07-4b4a-9e4d-c229aab16e4f,1.0
RI338_deserción,RIESGO_INT,riesgo,deserción,,,E42,NA,NA,1.0,riesgos_internos.csv,Registros ERP académico,Valor directo de columna deserción,2026-06-25 11:12:08,87f174cf-db07-4b4a-9e4d-c229aab16e4f,1.0
RI339_desempeño,RIESGO_INT,riesgo,desempeño,,,E43,NA,NA,0.623,riesgos_internos.csv,Registros ERP académico,Valor directo de columna desempeño,2026-06-25 11:12:08,87f174cf-db07-4b4a-9e4d-c229aab16e4f,1.0
RI339_repitencia,RIESGO_INT,riesgo,repitencia,,,E43,NA,NA,6.0,riesgos_internos.csv,Registros ERP académico,Valor directo de columna repitencia,2026-06-25 11:12:08,87f174cf-db07-4b4a-9e4d-c229aab16e4f,1.0
RI339_deserción,RIESGO_INT,riesgo,deserción,,,E43,NA,NA,1.0,riesgos_internos.csv,Registros ERP académico,Valor directo de columna deserción,2026-06-25 11:12:08,87f174cf-db07-4b4a-9e4d-c229aab16e4f,1.0
RI340_desempeño,RIESGO_INT,riesgo,desempeño,,,E44,NA,NA,0.662,riesgos_internos.csv,Registros ERP académico,Valor directo de columna desempeño,2026-06-25 11:12:08,87f174cf-db07-4b4a-9e4d-c229aab16e4f,1.0
RI340_repitencia,RIESGO_INT,riesgo,repitencia,,,E44,NA,NA,5.0,riesgos_internos.csv,Registros ERP académico,Valor directo de columna repitencia,2026-06-25 11:12:08,87f174cf-db07-4b4a-9e4d-c229aab16e4f,1.0
RI340_deserción,RIESGO_INT,riesgo,deserción,,,E44,NA,NA,1.0,riesgos_internos.csv,Registros ERP académico,Valor directo de columna deserción,2026-06-25 11:12:08,87f174cf-db07-4b4a-9e4d-c229aab16e4f,1.0
RI341_desempeño,RIESGO_INT,riesgo,desempeño,,,E45,NA,NA,0.737,riesgos_internos.csv,Registros ERP académico,Valor directo de columna desempeño,2026-06-25 11:12:08,87f174cf-db07-4b4a-9e4d-c229aab16e4f,1.0
RI341_repitencia,RIESGO_INT,riesgo,repitencia,,,E45,NA,NA,2.0,riesgos_internos.csv,Registros ERP académico,Valor directo de columna repitencia,2026-06-25 11:12:08,87f174cf-db07-4b4a-9e4d-c229aab16e4f,1.0
RI341_deserción,RIESGO_INT,riesgo,deserción,,,E45,NA,NA,1.0,riesgos_internos.csv,Registros ERP académico,Valor directo de columna deserción,2026-06-25 11:12:08,87f174cf-db07-4b4a-9e4d-c229aab16e4f,1.0
RI342_desempeño,RIESGO_INT,riesgo,desempeño,,,E46,NA,NA,0.688,riesgos_internos.csv,Registros ERP académico,Valor directo de columna desempeño,2026-06-25 11:12:08,87f174cf-db07-4b4a-9e4d-c229aab16e4f,1.0
RI342_repitencia,RIESGO_INT,riesgo,repitencia,,,E46,NA,NA,4.0,riesgos_internos.csv,Registros ERP académico,Valor directo de columna repitencia,2026-06-25 11:12:08,87f174cf-db07-4b4a-9e4d-c229aab16e4f,1.0
RI342_deserción,RIESGO_INT,riesgo,deserción,,,E46,NA,NA,1.0,riesgos_internos.csv,Registros ERP académico,Valor directo de columna deserción,2026-06-25 11:12:08,87f174cf-db07-4b4a-9e4d-c229aab16e4f,1.0
RI343_desempeño,RIESGO_INT,riesgo,desempeño,,,E47,NA,NA,0.771,riesgos_internos.csv,Registros ERP académico,Valor directo de columna desempeño,2026-06-25 11:12:08,87f174cf-db07-4b4a-9e4d-c229aab16e4f,1.0
RI343_repitencia,RIESGO_INT,riesgo,repitencia,,,E47,NA,NA,2.0,riesgos_internos.csv,Registros ERP académico,Valor directo de columna repitencia,2026-06-25 11:12:08,87f174cf-db07-4b4a-9e4d-c229aab16e4f,1.0
RI343_deserción,RIESGO_INT,riesgo,deserción,,,E47,NA,NA,0.0,riesgos_internos.csv,Registros ERP académico,Valor directo de columna deserción,2026-06-25 11:12:08,87f174cf-db07-4b4a-9e4d-c229aab16e4f,1.0
RI344_desempeño,RIESGO_INT,riesgo,desempeño,,,E48,NA,NA,0.613,riesgos_internos.csv,Registros ERP académico,Valor directo de columna desempeño,2026-06-25 11:12:08,87f174cf-db07-4b4a-9e4d-c229aab16e4f,1.0
RI344_repitencia,RIESGO_INT,riesgo,repitencia,,,E48,NA,NA,6.0,riesgos_internos.csv,Registros ERP académico,Valor directo de columna repitencia,2026-06-25 11:12:08,87f174cf-db07-4b4a-9e4d-c229aab16e4f,1.0
RI344_deserción,RIESGO_INT,riesgo,deserción,,,E48,NA,NA,1.0,riesgos_internos.csv,Registros ERP académico,Valor directo de columna deserción,2026-06-25 11:12:08,87f174cf-db07-4b4a-9e4d-c229aab16e4f,1.0
RI345_desempeño,RIESGO_INT,riesgo,desempeño,,,E49,NA,NA,0.743,riesgos_internos.csv,Registros ERP académico,Valor directo de columna desempeño,2026-06-25 11:12:08,87f174cf-db07-4b4a-9e4d-c229aab16e4f,1.0
RI345_repitencia,RIESGO_INT,riesgo,repitencia,,,E49,NA,NA,11.0,riesgos_internos.csv,Registros ERP académico,Valor directo de columna repitencia,2026-06-25 11:12:08,87f174cf-db07-4b4a-9e4d-c229aab16e4f,1.0
RI345_deserción,RIESGO_INT,riesgo,deserción,,,E49,NA,NA,0.0,riesgos_internos.csv,Registros ERP académico,Valor directo de columna deserción,2026-06-25 11:12:08,87f174cf-db07-4b4a-9e4d-c229aab16e4f,1.0
RI346_desempeño,RIESGO_INT,riesgo,desempeño,,,E5,NA,NA,0.634,riesgos_internos.csv,Registros ERP académico,Valor directo de columna desempeño,2026-06-25 11:12:08,87f174cf-db07-4b4a-9e4d-c229aab16e4f,1.0
RI346_repitencia,RIESGO_INT,riesgo,repitencia,,,E5,NA,NA,6.0,riesgos_internos.csv,Registros ERP académico,Valor directo de columna repitencia,2026-06-25 11:12:08,87f174cf-db07-4b4a-9e4d-c229aab16e4f,1.0
RI346_deserción,RIESGO_INT,riesgo,deserción,,,E5,NA,NA,1.0,riesgos_internos.csv,Registros ERP académico,Valor directo de columna deserción,2026-06-25 11:12:08,87f174cf-db07-4b4a-9e4d-c229aab16e4f,1.0
RI347_desempeño,RIESGO_INT,riesgo,desempeño,,,E50,NA,NA,0.736,riesgos_internos.csv,Registros ERP académico,Valor directo de columna desempeño,2026-06-25 11:12:08,87f174cf-db07-4b4a-9e4d-c229aab16e4f,1.0
RI347_repitencia,RIESGO_INT,riesgo,repitencia,,,E50,NA,NA,14.0,riesgos_internos.csv,Registros ERP académico,Valor directo de columna repitencia,2026-06-25 11:12:08,87f174cf-db07-4b4a-9e4d-c229aab16e4f,1.0
RI347_deserción,RIESGO_INT,riesgo,deserción,,,E50,NA,NA,0.0,riesgos_internos.csv,Registros ERP académico,Valor directo de columna deserción,2026-06-25 11:12:08,87f174cf-db07-4b4a-9e4d-c229aab16e4f,1.0
RI348_desempeño,RIESGO_INT,riesgo,desempeño,,,E51,NA,NA,0.816,riesgos_internos.csv,Registros ERP académico,Valor directo de columna desempeño,2026-06-25 11:12:08,87f174cf-db07-4b4a-9e4d-c229aab16e4f,1.0
RI348_repitencia,RIESGO_INT,riesgo,repitencia,,,E51,NA,NA,0.0,riesgos_internos.csv,Registros ERP académico,Valor directo de columna repitencia,2026-06-25 11:12:08,87f174cf-db07-4b4a-9e4d-c229aab16e4f,1.0
RI348_deserción,RIESGO_INT,riesgo,deserción,,,E51,NA,NA,0.0,riesgos_internos.csv,Registros ERP académico,Valor directo de columna deserción,2026-06-25 11:12:08,87f174cf-db07-4b4a-9e4d-c229aab16e4f,1.0
RI349_desempeño,RIESGO_INT,riesgo,desempeño,,,E52,NA,NA,0.795,riesgos_internos.csv,Registros ERP académico,Valor directo de columna desempeño,2026-06-25 11:12:08,87f174cf-db07-4b4a-9e4d-c229aab16e4f,1.0
RI349_repitencia,RIESGO_INT,riesgo,repitencia,,,E52,NA,NA,4.0,riesgos_internos.csv,Registros ERP académico,Valor directo de columna repitencia,2026-06-25 11:12:08,87f174cf-db07-4b4a-9e4d-c229aab16e4f,1.0
RI349_deserción,RIESGO_INT,riesgo,deserción,,,E52,NA,NA,0.0,riesgos_internos.csv,Registros ERP académico,Valor directo de columna deserción,2026-06-25 11:12:08,87f174cf-db07-4b4a-9e4d-c229aab16e4f,1.0
RI350_desempeño,RIESGO_INT,riesgo,desempeño,,,E53,NA,NA,0.664,riesgos_internos.csv,Registros ERP académico,Valor directo de columna desempeño,2026-06-25 11:12:08,87f174cf-db07-4b4a-9e4d-c229aab16e4f,1.0
RI350_repitencia,RIESGO_INT,riesgo,repitencia,,,E53,NA,NA,6.0,riesgos_internos.csv,Registros ERP académico,Valor directo de columna repitencia,2026-06-25 11:12:08,87f174cf-db07-4b4a-9e4d-c229aab16e4f,1.0
RI350_deserción,RIESGO_INT,riesgo,deserción,,,E53,NA,NA,1.0,riesgos_internos.csv,Registros ERP académico,Valor directo de columna deserción,2026-06-25 11:12:08,87f174cf-db07-4b4a-9e4d-c229aab16e4f,1.0
RI351_desempeño,RIESGO_INT,riesgo,desempeño,,,E54,NA,NA,0.61,riesgos_internos.csv,Registros ERP académico,Valor directo de columna desempeño,2026-06-25 11:12:08,87f174cf-db07-4b4a-9e4d-c229aab16e4f,1.0
RI351_repitencia,RIESGO_INT,riesgo,repitencia,,,E54,NA,NA,6.0,riesgos_internos.csv,Registros ERP académico,Valor directo de columna repitencia,2026-06-25 11:12:08,87f174cf-db07-4b4a-9e4d-c229aab16e4f,1.0
RI351_deserción,RIESGO_INT,riesgo,deserción,,,E54,NA,NA,1.0,riesgos_internos.csv,Registros ERP académico,Valor directo de columna deserción,2026-06-25 11:12:08,87f174cf-db07-4b4a-9e4d-c229aab16e4f,1.0
RI352_desempeño,RIESGO_INT,riesgo,desempeño,,,E55,NA,NA,0.697,riesgos_internos.csv,Registros ERP académico,Valor directo de columna desempeño,2026-06-25 11:12:08,87f174cf-db07-4b4a-9e4d-c229aab16e4f,1.0
RI352_repitencia,RIESGO_INT,riesgo,repitencia,,,E55,NA,NA,5.0,riesgos_internos.csv,Registros ERP académico,Valor directo de columna repitencia,2026-06-25 11:12:08,87f174cf-db07-4b4a-9e4d-c229aab16e4f,1.0
RI352_deserción,RIESGO_INT,riesgo,deserción,,,E55,NA,NA,1.0,riesgos_internos.csv,Registros ERP académico,Valor directo de columna deserción,2026-06-25 11:12:08,87f174cf-db07-4b4a-9e4d-c229aab16e4f,1.0
RI353_desempeño,RIESGO_INT,riesgo,desempeño,,,E56,NA,NA,0.777,riesgos_internos.csv,Registros ERP académico,Valor directo de columna desempeño,2026-06-25 11:12:08,87f174cf-db07-4b4a-9e4d-c229aab16e4f,1.0
RI353_repitencia,RIESGO_INT,riesgo,repitencia,,,E56,NA,NA,6.0,riesgos_internos.csv,Registros ERP académico,Valor directo de columna repitencia,2026-06-25 11:12:08,87f174cf-db07-4b4a-9e4d-c229aab16e4f,1.0
RI353_deserción,RIESGO_INT,riesgo,deserción,,,E56,NA,NA,0.0,riesgos_internos.csv,Registros ERP académico,Valor directo de columna deserción,2026-06-25 11:12:08,87f174cf-db07-4b4a-9e4d-c229aab16e4f,1.0
RI354_desempeño,RIESGO_INT,riesgo,desempeño,,,E57,NA,NA,0.738,riesgos_internos.csv,Registros ERP académico,Valor directo de columna desempeño,2026-06-25 11:12:08,87f174cf-db07-4b4a-9e4d-c229aab16e4f,1.0
RI354_repitencia,RIESGO_INT,riesgo,repitencia,,,E57,NA,NA,7.0,riesgos_internos.csv,Registros ERP académico,Valor directo de columna repitencia,2026-06-25 11:12:08,87f174cf-db07-4b4a-9e4d-c229aab16e4f,1.0
RI354_deserción,RIESGO_INT,riesgo,deserción,,,E57,NA,NA,1.0,riesgos_internos.csv,Registros ERP académico,Valor directo de columna deserción,2026-06-25 11:12:08,87f174cf-db07-4b4a-9e4d-c229aab16e4f,1.0
RI355_desempeño,RIESGO_INT,riesgo,desempeño,,,E58,NA,NA,0.687,riesgos_internos.csv,Registros ERP académico,Valor directo de columna desempeño,2026-06-25 11:12:08,87f174cf-db07-4b4a-9e4d-c229aab16e4f,1.0
RI355_repitencia,RIESGO_INT,riesgo,repitencia,,,E58,NA,NA,11.0,riesgos_internos.csv,Registros ERP académico,Valor directo de columna repitencia,2026-06-25 11:12:08,87f174cf-db07-4b4a-9e4d-c229aab16e4f,1.0
RI355_deserción,RIESGO_INT,riesgo,deserción,,,E58,NA,NA,1.0,riesgos_internos.csv,Registros ERP académico,Valor directo de columna deserción,2026-06-25 11:12:08,87f174cf-db07-4b4a-9e4d-c229aab16e4f,1.0
RI356_desempeño,RIESGO_INT,riesgo,desempeño,,,E59,NA,NA,0.735,riesgos_internos.csv,Registros ERP académico,Valor directo de columna desempeño,2026-06-25 11:12:08,87f174cf-db07-4b4a-9e4d-c229aab16e4f,1.0
RI356_repitencia,RIESGO_INT,riesgo,repitencia,,,E59,NA,NA,18.0,riesgos_internos.csv,Registros ERP académico,Valor directo de columna repitencia,2026-06-25 11:12:08,87f174cf-db07-4b4a-9e4d-c229aab16e4f,1.0
RI356_deserción,RIESGO_INT,riesgo,deserción,,,E59,NA,NA,0.0,riesgos_internos.csv,Registros ERP académico,Valor directo de columna deserción,2026-06-25 11:12:08,87f174cf-db07-4b4a-9e4d-c229aab16e4f,1.0
RI357_desempeño,RIESGO_INT,riesgo,desempeño,,,E6,NA,NA,0.752,riesgos_internos.csv,Registros ERP académico,Valor directo de columna desempeño,2026-06-25 11:12:08,87f174cf-db07-4b4a-9e4d-c229aab16e4f,1.0
RI357_repitencia,RIESGO_INT,riesgo,repitencia,,,E6,NA,NA,16.0,riesgos_internos.csv,Registros ERP académico,Valor directo de columna repitencia,2026-06-25 11:12:08,87f174cf-db07-4b4a-9e4d-c229aab16e4f,1.0
RI357_deserción,RIESGO_INT,riesgo,deserción,,,E6,NA,NA,0.0,riesgos_internos.csv,Registros ERP académico,Valor directo de columna deserción,2026-06-25 11:12:08,87f174cf-db07-4b4a-9e4d-c229aab16e4f,1.0
RI358_desempeño,RIESGO_INT,riesgo,desempeño,,,E60,NA,NA,0.701,riesgos_internos.csv,Registros ERP académico,Valor directo de columna desempeño,2026-06-25 11:12:08,87f174cf-db07-4b4a-9e4d-c229aab16e4f,1.0
RI358_repitencia,RIESGO_INT,riesgo,repitencia,,,E60,NA,NA,12.0,riesgos_internos.csv,Registros ERP académico,Valor directo de columna repitencia,2026-06-25 11:12:08,87f174cf-db07-4b4a-9e4d-c229aab16e4f,1.0
RI358_deserción,RIESGO_INT,riesgo,deserción,,,E60,NA,NA,1.0,riesgos_internos.csv,Registros ERP académico,Valor directo de columna deserción,2026-06-25 11:12:08,87f174cf-db07-4b4a-9e4d-c229aab16e4f,1.0
RI359_desempeño,RIESGO_INT,riesgo,desempeño,,,E61,NA,NA,0.788,riesgos_internos.csv,Registros ERP académico,Valor directo de columna desempeño,2026-06-25 11:12:08,87f174cf-db07-4b4a-9e4d-c229aab16e4f,1.0
RI359_repitencia,RIESGO_INT,riesgo,repitencia,,,E61,NA,NA,4.0,riesgos_internos.csv,Registros ERP académico,Valor directo de columna repitencia,2026-06-25 11:12:08,87f174cf-db07-4b4a-9e4d-c229aab16e4f,1.0
RI359_deserción,RIESGO_INT,riesgo,deserción,,,E61,NA,NA,0.0,riesgos_internos.csv,Registros ERP académico,Valor directo de columna deserción,2026-06-25 11:12:08,87f174cf-db07-4b4a-9e4d-c229aab16e4f,1.0
RI360_desempeño,RIESGO_INT,riesgo,desempeño,,,E62,NA,NA,0.634,riesgos_internos.csv,Registros ERP académico,Valor directo de columna desempeño,2026-06-25 11:12:08,87f174cf-db07-4b4a-9e4d-c229aab16e4f,1.0
RI360_repitencia,RIESGO_INT,riesgo,repitencia,,,E62,NA,NA,6.0,riesgos_internos.csv,Registros ERP académico,Valor directo de columna repitencia,2026-06-25 11:12:08,87f174cf-db07-4b4a-9e4d-c229aab16e4f,1.0
RI360_deserción,RIESGO_INT,riesgo,deserción,,,E62,NA,NA,1.0,riesgos_internos.csv,Registros ERP académico,Valor directo de columna deserción,2026-06-25 11:12:08,87f174cf-db07-4b4a-9e4d-c229aab16e4f,1.0
RI361_desempeño,RIESGO_INT,riesgo,desempeño,,,E63,NA,NA,0.648,riesgos_internos.csv,Registros ERP académico,Valor directo de columna desempeño,2026-06-25 11:12:08,87f174cf-db07-4b4a-9e4d-c229aab16e4f,1.0
RI361_repitencia,RIESGO_INT,riesgo,repitencia,,,E63,NA,NA,3.0,riesgos_internos.csv,Registros ERP académico,Valor directo de columna repitencia,2026-06-25 11:12:08,87f174cf-db07-4b4a-9e4d-c229aab16e4f,1.0
RI361_deserción,RIESGO_INT,riesgo,deserción,,,E63,NA,NA,1.0,riesgos_internos.csv,Registros ERP académico,Valor directo de columna deserción,2026-06-25 11:12:08,87f174cf-db07-4b4a-9e4d-c229aab16e4f,1.0
RI362_desempeño,RIESGO_INT,riesgo,desempeño,,,E64,NA,NA,0.812,riesgos_internos.csv,Registros ERP académico,Valor directo de columna desempeño,2026-06-25 11:12:08,87f174cf-db07-4b4a-9e4d-c229aab16e4f,1.0
RI362_repitencia,RIESGO_INT,riesgo,repitencia,,,E64,NA,NA,1.0,riesgos_internos.csv,Registros ERP académico,Valor directo de columna repitencia,2026-06-25 11:12:08,87f174cf-db07-4b4a-9e4d-c229aab16e4f,1.0
RI362_deserción,RIESGO_INT,riesgo,deserción,,,E64,NA,NA,0.0,riesgos_internos.csv,Registros ERP académico,Valor directo de columna deserción,2026-06-25 11:12:08,87f174cf-db07-4b4a-9e4d-c229aab16e4f,1.0
RI363_desempeño,RIESGO_INT,riesgo,desempeño,,,E65,NA,NA,0.809,riesgos_internos.csv,Registros ERP académico,Valor directo de columna desempeño,2026-06-25 11:12:08,87f174cf-db07-4b4a-9e4d-c229aab16e4f,1.0
RI363_repitencia,RIESGO_INT,riesgo,repitencia,,,E65,NA,NA,0.0,riesgos_internos.csv,Registros ERP académico,Valor directo de columna repitencia,2026-06-25 11:12:08,87f174cf-db07-4b4a-9e4d-c229aab16e4f,1.0
RI363_deserción,RIESGO_INT,riesgo,deserción,,,E65,NA,NA,0.0,riesgos_internos.csv,Registros ERP académico,Valor directo de columna deserción,2026-06-25 11:12:08,87f174cf-db07-4b4a-9e4d-c229aab16e4f,1.0
RI364_desempeño,RIESGO_INT,riesgo,desempeño,,,E66,NA,NA,0.62,riesgos_internos.csv,Registros ERP académico,Valor directo de columna desempeño,2026-06-25 11:12:08,87f174cf-db07-4b4a-9e4d-c229aab16e4f,1.0
RI364_repitencia,RIESGO_INT,riesgo,repitencia,,,E66,NA,NA,6.0,riesgos_internos.csv,Registros ERP académico,Valor directo de columna repitencia,2026-06-25 11:12:08,87f174cf-db07-4b4a-9e4d-c229aab16e4f,1.0
RI364_deserción,RIESGO_INT,riesgo,deserción,,,E66,NA,NA,1.0,riesgos_internos.csv,Registros ERP académico,Valor directo de columna deserción,2026-06-25 11:12:08,87f174cf-db07-4b4a-9e4d-c229aab16e4f,1.0
RI365_desempeño,RIESGO_INT,riesgo,desempeño,,,E67,NA,NA,0.791,riesgos_internos.csv,Registros ERP académico,Valor directo de columna desempeño,2026-06-25 11:12:08,87f174cf-db07-4b4a-9e4d-c229aab16e4f,1.0
RI365_repitencia,RIESGO_INT,riesgo,repitencia,,,E67,NA,NA,0.0,riesgos_internos.csv,Registros ERP académico,Valor directo de columna repitencia,2026-06-25 11:12:08,87f174cf-db07-4b4a-9e4d-c229aab16e4f,1.0
RI365_deserción,RIESGO_INT,riesgo,deserción,,,E67,NA,NA,0.0,riesgos_internos.csv,Registros ERP académico,Valor directo de columna deserción,2026-06-25 11:12:08,87f174cf-db07-4b4a-9e4d-c229aab16e4f,1.0
RI366_desempeño,RIESGO_INT,riesgo,desempeño,,,E68,NA,NA,0.637,riesgos_internos.csv,Registros ERP académico,Valor directo de columna desempeño,2026-06-25 11:12:08,87f174cf-db07-4b4a-9e4d-c229aab16e4f,1.0
RI366_repitencia,RIESGO_INT,riesgo,repitencia,,,E68,NA,NA,5.0,riesgos_internos.csv,Registros ERP académico,Valor directo de columna repitencia,2026-06-25 11:12:08,87f174cf-db07-4b4a-9e4d-c229aab16e4f,1.0
RI366_deserción,RIESGO_INT,riesgo,deserción,,,E68,NA,NA,1.0,riesgos_internos.csv,Registros ERP académico,Valor directo de columna deserción,2026-06-25 11:12:08,87f174cf-db07-4b4a-9e4d-c229aab16e4f,1.0
RI367_desempeño,RIESGO_INT,riesgo,desempeño,,,E69,NA,NA,0.788,riesgos_internos.csv,Registros ERP académico,Valor directo de columna desempeño,2026-06-25 11:12:08,87f174cf-db07-4b4a-9e4d-c229aab16e4f,1.0
RI367_repitencia,RIESGO_INT,riesgo,repitencia,,,E69,NA,NA,2.0,riesgos_internos.csv,Registros ERP académico,Valor directo de columna repitencia,2026-06-25 11:12:08,87f174cf-db07-4b4a-9e4d-c229aab16e4f,1.0
RI367_deserción,RIESGO_INT,riesgo,deserción,,,E69,NA,NA,0.0,riesgos_internos.csv,Registros ERP académico,Valor directo de columna deserción,2026-06-25 11:12:08,87f174cf-db07-4b4a-9e4d-c229aab16e4f,1.0
RI368_desempeño,RIESGO_INT,riesgo,desempeño,,,E7,NA,NA,0.746,riesgos_internos.csv,Registros ERP académico,Valor directo de columna desempeño,2026-06-25 11:12:08,87f174cf-db07-4b4a-9e4d-c229aab16e4f,1.0
RI368_repitencia,RIESGO_INT,riesgo,repitencia,,,E7,NA,NA,12.0,riesgos_internos.csv,Registros ERP académico,Valor directo de columna repitencia,2026-06-25 11:12:08,87f174cf-db07-4b4a-9e4d-c229aab16e4f,1.0
RI368_deserción,RIESGO_INT,riesgo,deserción,,,E7,NA,NA,1.0,riesgos_internos.csv,Registros ERP académico,Valor directo de columna deserción,2026-06-25 11:12:08,87f174cf-db07-4b4a-9e4d-c229aab16e4f,1.0
RI369_desempeño,RIESGO_INT,riesgo,desempeño,,,E70,NA,NA,0.634,riesgos_internos.csv,Registros ERP académico,Valor directo de columna desempeño,2026-06-25 11:12:08,87f174cf-db07-4b4a-9e4d-c229aab16e4f,1.0
RI369_repitencia,RIESGO_INT,riesgo,repitencia,,,E70,NA,NA,7.0,riesgos_internos.csv,Registros ERP académico,Valor directo de columna repitencia,2026-06-25 11:12:08,87f174cf-db07-4b4a-9e4d-c229aab16e4f,1.0
RI369_deserción,RIESGO_INT,riesgo,deserción,,,E70,NA,NA,1.0,riesgos_internos.csv,Registros ERP académico,Valor directo de columna deserción,2026-06-25 11:12:08,87f174cf-db07-4b4a-9e4d-c229aab16e4f,1.0
RI370_desempeño,RIESGO_INT,riesgo,desempeño,,,E71,NA,NA,0.749,riesgos_internos.csv,Registros ERP académico,Valor directo de columna desempeño,2026-06-25 11:12:08,87f174cf-db07-4b4a-9e4d-c229aab16e4f,1.0
RI370_repitencia,RIESGO_INT,riesgo,repitencia,,,E71,NA,NA,14.0,riesgos_internos.csv,Registros ERP académico,Valor directo de columna repitencia,2026-06-25 11:12:08,87f174cf-db07-4b4a-9e4d-c229aab16e4f,1.0
RI370_deserción,RIESGO_INT,riesgo,deserción,,,E71,NA,NA,1.0,riesgos_internos.csv,Registros ERP académico,Valor directo de columna deserción,2026-06-25 11:12:08,87f174cf-db07-4b4a-9e4d-c229aab16e4f,1.0
RI371_desempeño,RIESGO_INT,riesgo,desempeño,,,E72,NA,NA,0.675,riesgos_internos.csv,Registros ERP académico,Valor directo de columna desempeño,2026-06-25 11:12:08,87f174cf-db07-4b4a-9e4d-c229aab16e4f,1.0
RI371_repitencia,RIESGO_INT,riesgo,repitencia,,,E72,NA,NA,5.0,riesgos_internos.csv,Registros ERP académico,Valor directo de columna repitencia,2026-06-25 11:12:08,87f174cf-db07-4b4a-9e4d-c229aab16e4f,1.0
RI371_deserción,RIESGO_INT,riesgo,deserción,,,E72,NA,NA,1.0,riesgos_internos.csv,Registros ERP académico,Valor directo de columna deserción,2026-06-25 11:12:08,87f174cf-db07-4b4a-9e4d-c229aab16e4f,1.0
RI372_desempeño,RIESGO_INT,riesgo,desempeño,,,E73,NA,NA,0.762,riesgos_internos.csv,Registros ERP académico,Valor directo de columna desempeño,2026-06-25 11:12:08,87f174cf-db07-4b4a-9e4d-c229aab16e4f,1.0
RI372_repitencia,RIESGO_INT,riesgo,repitencia,,,E73,NA,NA,9.0,riesgos_internos.csv,Registros ERP académico,Valor directo de columna repitencia,2026-06-25 11:12:08,87f174cf-db07-4b4a-9e4d-c229aab16e4f,1.0
RI372_deserción,RIESGO_INT,riesgo,deserción,,,E73,NA,NA,0.0,riesgos_internos.csv,Registros ERP académico,Valor directo de columna deserción,2026-06-25 11:12:08,87f174cf-db07-4b4a-9e4d-c229aab16e4f,1.0
RI373_desempeño,RIESGO_INT,riesgo,desempeño,,,E74,NA,NA,0.724,riesgos_internos.csv,Registros ERP académico,Valor directo de columna desempeño,2026-06-25 11:12:08,87f174cf-db07-4b4a-9e4d-c229aab16e4f,1.0
RI373_repitencia,RIESGO_INT,riesgo,repitencia,,,E74,NA,NA,12.0,riesgos_internos.csv,Registros ERP académico,Valor directo de columna repitencia,2026-06-25 11:12:08,87f174cf-db07-4b4a-9e4d-c229aab16e4f,1.0
RI373_deserción,RIESGO_INT,riesgo,deserción,,,E74,NA,NA,1.0,riesgos_internos.csv,Registros ERP académico,Valor directo de columna deserción,2026-06-25 11:12:08,87f174cf-db07-4b4a-9e4d-c229aab16e4f,1.0
RI374_desempeño,RIESGO_INT,riesgo,desempeño,,,E75,NA,NA,0.685,riesgos_internos.csv,Registros ERP académico,Valor directo de columna desempeño,2026-06-25 11:12:08,87f174cf-db07-4b4a-9e4d-c229aab16e4f,1.0
RI374_repitencia,RIESGO_INT,riesgo,repitencia,,,E75,NA,NA,11.0,riesgos_internos.csv,Registros ERP académico,Valor directo de columna repitencia,2026-06-25 11:12:08,87f174cf-db07-4b4a-9e4d-c229aab16e4f,1.0
RI374_deserción,RIESGO_INT,riesgo,deserción,,,E75,NA,NA,1.0,riesgos_internos.csv,Registros ERP académico,Valor directo de columna deserción,2026-06-25 11:12:08,87f174cf-db07-4b4a-9e4d-c229aab16e4f,1.0
RI375_desempeño,RIESGO_INT,riesgo,desempeño,,,E76,NA,NA,0.616,riesgos_internos.csv,Registros ERP académico,Valor directo de columna desempeño,2026-06-25 11:12:08,87f174cf-db07-4b4a-9e4d-c229aab16e4f,1.0
RI375_repitencia,RIESGO_INT,riesgo,repitencia,,,E76,NA,NA,8.0,riesgos_internos.csv,Registros ERP académico,Valor directo de columna repitencia,2026-06-25 11:12:08,87f174cf-db07-4b4a-9e4d-c229aab16e4f,1.0
RI375_deserción,RIESGO_INT,riesgo,deserción,,,E76,NA,NA,1.0,riesgos_internos.csv,Registros ERP académico,Valor directo de columna deserción,2026-06-25 11:12:08,87f174cf-db07-4b4a-9e4d-c229aab16e4f,1.0
RI376_desempeño,RIESGO_INT,riesgo,desempeño,,,E77,NA,NA,0.746,riesgos_internos.csv,Registros ERP académico,Valor directo de columna desempeño,2026-06-25 11:12:08,87f174cf-db07-4b4a-9e4d-c229aab16e4f,1.0
RI376_repitencia,RIESGO_INT,riesgo,repitencia,,,E77,NA,NA,11.0,riesgos_internos.csv,Registros ERP académico,Valor directo de columna repitencia,2026-06-25 11:12:08,87f174cf-db07-4b4a-9e4d-c229aab16e4f,1.0
RI376_deserción,RIESGO_INT,riesgo,deserción,,,E77,NA,NA,0.0,riesgos_internos.csv,Registros ERP académico,Valor directo de columna deserción,2026-06-25 11:12:08,87f174cf-db07-4b4a-9e4d-c229aab16e4f,1.0
RI377_desempeño,RIESGO_INT,riesgo,desempeño,,,E78,NA,NA,0.799,riesgos_internos.csv,Registros ERP académico,Valor directo de columna desempeño,2026-06-25 11:12:08,87f174cf-db07-4b4a-9e4d-c229aab16e4f,1.0
RI377_repitencia,RIESGO_INT,riesgo,repitencia,,,E78,NA,NA,3.0,riesgos_internos.csv,Registros ERP académico,Valor directo de columna repitencia,2026-06-25 11:12:08,87f174cf-db07-4b4a-9e4d-c229aab16e4f,1.0
RI377_deserción,RIESGO_INT,riesgo,deserción,,,E78,NA,NA,0.0,riesgos_internos.csv,Registros ERP académico,Valor directo de columna deserción,2026-06-25 11:12:08,87f174cf-db07-4b4a-9e4d-c229aab16e4f,1.0
RI378_desempeño,RIESGO_INT,riesgo,desempeño,,,E79,NA,NA,0.84,riesgos_internos.csv,Registros ERP académico,Valor directo de columna desempeño,2026-06-25 11:12:08,87f174cf-db07-4b4a-9e4d-c229aab16e4f,1.0
RI378_repitencia,RIESGO_INT,riesgo,repitencia,,,E79,NA,NA,0.0,riesgos_internos.csv,Registros ERP académico,Valor directo de columna repitencia,2026-06-25 11:12:08,87f174cf-db07-4b4a-9e4d-c229aab16e4f,1.0
RI378_deserción,RIESGO_INT,riesgo,deserción,,,E79,NA,NA,0.0,riesgos_internos.csv,Registros ERP académico,Valor directo de columna deserción,2026-06-25 11:12:08,87f174cf-db07-4b4a-9e4d-c229aab16e4f,1.0
RI379_desempeño,RIESGO_INT,riesgo,desempeño,,,E8,NA,NA,0.803,riesgos_internos.csv,Registros ERP académico,Valor directo de columna desempeño,2026-06-25 11:12:08,87f174cf-db07-4b4a-9e4d-c229aab16e4f,1.0
RI379_repitencia,RIESGO_INT,riesgo,repitencia,,,E8,NA,NA,4.0,riesgos_internos.csv,Registros ERP académico,Valor directo de columna repitencia,2026-06-25 11:12:08,87f174cf-db07-4b4a-9e4d-c229aab16e4f,1.0
RI379_deserción,RIESGO_INT,riesgo,deserción,,,E8,NA,NA,0.0,riesgos_internos.csv,Registros ERP académico,Valor directo de columna deserción,2026-06-25 11:12:08,87f174cf-db07-4b4a-9e4d-c229aab16e4f,1.0
RI380_desempeño,RIESGO_INT,riesgo,desempeño,,,E80,NA,NA,0.786,riesgos_internos.csv,Registros ERP académico,Valor directo de columna desempeño,2026-06-25 11:12:08,87f174cf-db07-4b4a-9e4d-c229aab16e4f,1.0
RI380_repitencia,RIESGO_INT,riesgo,repitencia,,,E80,NA,NA,4.0,riesgos_internos.csv,Registros ERP académico,Valor directo de columna repitencia,2026-06-25 11:12:08,87f174cf-db07-4b4a-9e4d-c229aab16e4f,1.0
RI380_deserción,RIESGO_INT,riesgo,deserción,,,E80,NA,NA,0.0,riesgos_internos.csv,Registros ERP académico,Valor directo de columna deserción,2026-06-25 11:12:08,87f174cf-db07-4b4a-9e4d-c229aab16e4f,1.0
RI381_desempeño,RIESGO_INT,riesgo,desempeño,,,E81,NA,NA,0.803,riesgos_internos.csv,Registros ERP académico,Valor directo de columna desempeño,2026-06-25 11:12:08,87f174cf-db07-4b4a-9e4d-c229aab16e4f,1.0
RI381_repitencia,RIESGO_INT,riesgo,repitencia,,,E81,NA,NA,2.0,riesgos_internos.csv,Registros ERP académico,Valor directo de columna repitencia,2026-06-25 11:12:08,87f174cf-db07-4b4a-9e4d-c229aab16e4f,1.0
RI381_deserción,RIESGO_INT,riesgo,deserción,,,E81,NA,NA,0.0,riesgos_internos.csv,Registros ERP académico,Valor directo de columna deserción,2026-06-25 11:12:08,87f174cf-db07-4b4a-9e4d-c229aab16e4f,1.0
RI382_desempeño,RIESGO_INT,riesgo,desempeño,,,E82,NA,NA,0.824,riesgos_internos.csv,Registros ERP académico,Valor directo de columna desempeño,2026-06-25 11:12:08,87f174cf-db07-4b4a-9e4d-c229aab16e4f,1.0
RI382_repitencia,RIESGO_INT,riesgo,repitencia,,,E82,NA,NA,1.0,riesgos_internos.csv,Registros ERP académico,Valor directo de columna repitencia,2026-06-25 11:12:08,87f174cf-db07-4b4a-9e4d-c229aab16e4f,1.0
RI382_deserción,RIESGO_INT,riesgo,deserción,,,E82,NA,NA,0.0,riesgos_internos.csv,Registros ERP académico,Valor directo de columna deserción,2026-06-25 11:12:08,87f174cf-db07-4b4a-9e4d-c229aab16e4f,1.0
RI383_desempeño,RIESGO_INT,riesgo,desempeño,,,E83,NA,NA,0.597,riesgos_internos.csv,Registros ERP académico,Valor directo de columna desempeño,2026-06-25 11:12:08,87f174cf-db07-4b4a-9e4d-c229aab16e4f,1.0
RI383_repitencia,RIESGO_INT,riesgo,repitencia,,,E83,NA,NA,6.0,riesgos_internos.csv,Registros ERP académico,Valor directo de columna repitencia,2026-06-25 11:12:08,87f174cf-db07-4b4a-9e4d-c229aab16e4f,1.0
RI383_deserción,RIESGO_INT,riesgo,deserción,,,E83,NA,NA,1.0,riesgos_internos.csv,Registros ERP académico,Valor directo de columna deserción,2026-06-25 11:12:08,87f174cf-db07-4b4a-9e4d-c229aab16e4f,1.0
RI384_desempeño,RIESGO_INT,riesgo,desempeño,,,E84,NA,NA,0.671,riesgos_internos.csv,Registros ERP académico,Valor directo de columna desempeño,2026-06-25 11:12:08,87f174cf-db07-4b4a-9e4d-c229aab16e4f,1.0
RI384_repitencia,RIESGO_INT,riesgo,repitencia,,,E84,NA,NA,6.0,riesgos_internos.csv,Registros ERP académico,Valor directo de columna repitencia,2026-06-25 11:12:08,87f174cf-db07-4b4a-9e4d-c229aab16e4f,1.0
RI384_deserción,RIESGO_INT,riesgo,deserción,,,E84,NA,NA,1.0,riesgos_internos.csv,Registros ERP académico,Valor directo de columna deserción,2026-06-25 11:12:08,87f174cf-db07-4b4a-9e4d-c229aab16e4f,1.0
RI385_desempeño,RIESGO_INT,riesgo,desempeño,,,E85,NA,NA,0.752,riesgos_internos.csv,Registros ERP académico,Valor directo de columna desempeño,2026-06-25 11:12:08,87f174cf-db07-4b4a-9e4d-c229aab16e4f,1.0
RI385_repitencia,RIESGO_INT,riesgo,repitencia,,,E85,NA,NA,12.0,riesgos_internos.csv,Registros ERP académico,Valor directo de columna repitencia,2026-06-25 11:12:08,87f174cf-db07-4b4a-9e4d-c229aab16e4f,1.0
RI385_deserción,RIESGO_INT,riesgo,deserción,,,E85,NA,NA,0.0,riesgos_internos.csv,Registros ERP académico,Valor directo de columna deserción,2026-06-25 11:12:08,87f174cf-db07-4b4a-9e4d-c229aab16e4f,1.0
RI386_desempeño,RIESGO_INT,riesgo,desempeño,,,E86,NA,NA,0.704,riesgos_internos.csv,Registros ERP académico,Valor directo de columna desempeño,2026-06-25 11:12:08,87f174cf-db07-4b4a-9e4d-c229aab16e4f,1.0
RI386_repitencia,RIESGO_INT,riesgo,repitencia,,,E86,NA,NA,3.0,riesgos_internos.csv,Registros ERP académico,Valor directo de columna repitencia,2026-06-25 11:12:08,87f174cf-db07-4b4a-9e4d-c229aab16e4f,1.0
RI386_deserción,RIESGO_INT,riesgo,deserción,,,E86,NA,NA,1.0,riesgos_internos.csv,Registros ERP académico,Valor directo de columna deserción,2026-06-25 11:12:08,87f174cf-db07-4b4a-9e4d-c229aab16e4f,1.0
RI387_desempeño,RIESGO_INT,riesgo,desempeño,,,E87,NA,NA,0.677,riesgos_internos.csv,Registros ERP académico,Valor directo de columna desempeño,2026-06-25 11:12:08,87f174cf-db07-4b4a-9e4d-c229aab16e4f,1.0
RI387_repitencia,RIESGO_INT,riesgo,repitencia,,,E87,NA,NA,7.0,riesgos_internos.csv,Registros ERP académico,Valor directo de columna repitencia,2026-06-25 11:12:08,87f174cf-db07-4b4a-9e4d-c229aab16e4f,1.0
RI387_deserción,RIESGO_INT,riesgo,deserción,,,E87,NA,NA,1.0,riesgos_internos.csv,Registros ERP académico,Valor directo de columna deserción,2026-06-25 11:12:08,87f174cf-db07-4b4a-9e4d-c229aab16e4f,1.0
RI388_desempeño,RIESGO_INT,riesgo,desempeño,,,E88,NA,NA,0.741,riesgos_internos.csv,Registros ERP académico,Valor directo de columna desempeño,2026-06-25 11:12:08,87f174cf-db07-4b4a-9e4d-c229aab16e4f,1.0
RI388_repitencia,RIESGO_INT,riesgo,repitencia,,,E88,NA,NA,16.0,riesgos_internos.csv,Registros ERP académico,Valor directo de columna repitencia,2026-06-25 11:12:08,87f174cf-db07-4b4a-9e4d-c229aab16e4f,1.0
RI388_deserción,RIESGO_INT,riesgo,deserción,,,E88,NA,NA,0.0,riesgos_internos.csv,Registros ERP académico,Valor directo de columna deserción,2026-06-25 11:12:08,87f174cf-db07-4b4a-9e4d-c229aab16e4f,1.0
RI389_desempeño,RIESGO_INT,riesgo,desempeño,,,E89,NA,NA,0.638,riesgos_internos.csv,Registros ERP académico,Valor directo de columna desempeño,2026-06-25 11:12:08,87f174cf-db07-4b4a-9e4d-c229aab16e4f,1.0
RI389_repitencia,RIESGO_INT,riesgo,repitencia,,,E89,NA,NA,7.0,riesgos_internos.csv,Registros ERP académico,Valor directo de columna repitencia,2026-06-25 11:12:08,87f174cf-db07-4b4a-9e4d-c229aab16e4f,1.0
RI389_deserción,RIESGO_INT,riesgo,deserción,,,E89,NA,NA,1.0,riesgos_internos.csv,Registros ERP académico,Valor directo de columna deserción,2026-06-25 11:12:08,87f174cf-db07-4b4a-9e4d-c229aab16e4f,1.0
RI390_desempeño,RIESGO_INT,riesgo,desempeño,,,E9,NA,NA,0.655,riesgos_internos.csv,Registros ERP académico,Valor directo de columna desempeño,2026-06-25 11:12:08,87f174cf-db07-4b4a-9e4d-c229aab16e4f,1.0
RI390_repitencia,RIESGO_INT,riesgo,repitencia,,,E9,NA,NA,6.0,riesgos_internos.csv,Registros ERP académico,Valor directo de columna repitencia,2026-06-25 11:12:08,87f174cf-db07-4b4a-9e4d-c229aab16e4f,1.0
RI390_deserción,RIESGO_INT,riesgo,deserción,,,E9,NA,NA,1.0,riesgos_internos.csv,Registros ERP académico,Valor directo de columna deserción,2026-06-25 11:12:08,87f174cf-db07-4b4a-9e4d-c229aab16e4f,1.0
RI391_desempeño,RIESGO_INT,riesgo,desempeño,,,E90,NA,NA,0.788,riesgos_internos.csv,Registros ERP académico,Valor directo de columna desempeño,2026-06-25 11:12:08,87f174cf-db07-4b4a-9e4d-c229aab16e4f,1.0
RI391_repitencia,RIESGO_INT,riesgo,repitencia,,,E90,NA,NA,3.0,riesgos_internos.csv,Registros ERP académico,Valor directo de columna repitencia,2026-06-25 11:12:08,87f174cf-db07-4b4a-9e4d-c229aab16e4f,1.0
RI391_deserción,RIESGO_INT,riesgo,deserción,,,E90,NA,NA,0.0,riesgos_internos.csv,Registros ERP académico,Valor directo de columna deserción,2026-06-25 11:12:08,87f174cf-db07-4b4a-9e4d-c229aab16e4f,1.0
RI392_desempeño,RIESGO_INT,riesgo,desempeño,,,E91,NA,NA,0.683,riesgos_internos.csv,Registros ERP académico,Valor directo de columna desempeño,2026-06-25 11:12:08,87f174cf-db07-4b4a-9e4d-c229aab16e4f,1.0
RI392_repitencia,RIESGO_INT,riesgo,repitencia,,,E91,NA,NA,6.0,riesgos_internos.csv,Registros ERP académico,Valor directo de columna repitencia,2026-06-25 11:12:08,87f174cf-db07-4b4a-9e4d-c229aab16e4f,1.0
RI392_deserción,RIESGO_INT,riesgo,deserción,,,E91,NA,NA,1.0,riesgos_internos.csv,Registros ERP académico,Valor directo de columna deserción,2026-06-25 11:12:08,87f174cf-db07-4b4a-9e4d-c229aab16e4f,1.0
RI393_desempeño,RIESGO_INT,riesgo,desempeño,,,E92,NA,NA,0.836,riesgos_internos.csv,Registros ERP académico,Valor directo de columna desempeño,2026-06-25 11:12:08,87f174cf-db07-4b4a-9e4d-c229aab16e4f,1.0
RI393_repitencia,RIESGO_INT,riesgo,repitencia,,,E92,NA,NA,2.0,riesgos_internos.csv,Registros ERP académico,Valor directo de columna repitencia,2026-06-25 11:12:08,87f174cf-db07-4b4a-9e4d-c229aab16e4f,1.0
RI393_deserción,RIESGO_INT,riesgo,deserción,,,E92,NA,NA,0.0,riesgos_internos.csv,Registros ERP académico,Valor directo de columna deserción,2026-06-25 11:12:08,87f174cf-db07-4b4a-9e4d-c229aab16e4f,1.0
RI394_desempeño,RIESGO_INT,riesgo,desempeño,,,E93,NA,NA,0.71,riesgos_internos.csv,Registros ERP académico,Valor directo de columna desempeño,2026-06-25 11:12:08,87f174cf-db07-4b4a-9e4d-c229aab16e4f,1.0
RI394_repitencia,RIESGO_INT,riesgo,repitencia,,,E93,NA,NA,6.0,riesgos_internos.csv,Registros ERP académico,Valor directo de columna repitencia,2026-06-25 11:12:08,87f174cf-db07-4b4a-9e4d-c229aab16e4f,1.0
RI394_deserción,RIESGO_INT,riesgo,deserción,,,E93,NA,NA,1.0,riesgos_internos.csv,Registros ERP académico,Valor directo de columna deserción,2026-06-25 11:12:08,87f174cf-db07-4b4a-9e4d-c229aab16e4f,1.0
RI395_desempeño,RIESGO_INT,riesgo,desempeño,,,E94,NA,NA,0.668,riesgos_internos.csv,Registros ERP académico,Valor directo de columna desempeño,2026-06-25 11:12:08,87f174cf-db07-4b4a-9e4d-c229aab16e4f,1.0
RI395_repitencia,RIESGO_INT,riesgo,repitencia,,,E94,NA,NA,5.0,riesgos_internos.csv,Registros ERP académico,Valor directo de columna repitencia,2026-06-25 11:12:08,87f174cf-db07-4b4a-9e4d-c229aab16e4f,1.0
RI395_deserción,RIESGO_INT,riesgo,deserción,,,E94,NA,NA,1.0,riesgos_internos.csv,Registros ERP académico,Valor directo de columna deserción,2026-06-25 11:12:08,87f174cf-db07-4b4a-9e4d-c229aab16e4f,1.0
RI396_desempeño,RIESGO_INT,riesgo,desempeño,,,E95,NA,NA,0.643,riesgos_internos.csv,Registros ERP académico,Valor directo de columna desempeño,2026-06-25 11:12:08,87f174cf-db07-4b4a-9e4d-c229aab16e4f,1.0
RI396_repitencia,RIESGO_INT,riesgo,repitencia,,,E95,NA,NA,7.0,riesgos_internos.csv,Registros ERP académico,Valor directo de columna repitencia,2026-06-25 11:12:08,87f174cf-db07-4b4a-9e4d-c229aab16e4f,1.0
RI396_deserción,RIESGO_INT,riesgo,deserción,,,E95,NA,NA,1.0,riesgos_internos.csv,Registros ERP académico,Valor directo de columna deserción,2026-06-25 11:12:08,87f174cf-db07-4b4a-9e4d-c229aab16e4f,1.0
RI397_desempeño,RIESGO_INT,riesgo,desempeño,,,E96,NA,NA,0.585,riesgos_internos.csv,Registros ERP académico,Valor directo de columna desempeño,2026-06-25 11:12:08,87f174cf-db07-4b4a-9e4d-c229aab16e4f,1.0
RI397_repitencia,RIESGO_INT,riesgo,repitencia,,,E96,NA,NA,7.0,riesgos_internos.csv,Registros ERP académico,Valor directo de columna repitencia,2026-06-25 11:12:08,87f174cf-db07-4b4a-9e4d-c229aab16e4f,1.0
RI397_deserción,RIESGO_INT,riesgo,deserción,,,E96,NA,NA,1.0,riesgos_internos.csv,Registros ERP académico,Valor directo de columna deserción,2026-06-25 11:12:08,87f174cf-db07-4b4a-9e4d-c229aab16e4f,1.0
RI398_desempeño,RIESGO_INT,riesgo,desempeño,,,E97,NA,NA,0.626,riesgos_internos.csv,Registros ERP académico,Valor directo de columna desempeño,2026-06-25 11:12:08,87f174cf-db07-4b4a-9e4d-c229aab16e4f,1.0
RI398_repitencia,RIESGO_INT,riesgo,repitencia,,,E97,NA,NA,7.0,riesgos_internos.csv,Registros ERP académico,Valor directo de columna repitencia,2026-06-25 11:12:08,87f174cf-db07-4b4a-9e4d-c229aab16e4f,1.0
RI398_deserción,RIESGO_INT,riesgo,deserción,,,E97,NA,NA,1.0,riesgos_internos.csv,Registros ERP académico,Valor directo de columna deserción,2026-06-25 11:12:08,87f174cf-db07-4b4a-9e4d-c229aab16e4f,1.0
RI399_desempeño,RIESGO_INT,riesgo,desempeño,,,E98,NA,NA,0.756,riesgos_internos.csv,Registros ERP académico,Valor directo de columna desempeño,2026-06-25 11:12:08,87f174cf-db07-4b4a-9e4d-c229aab16e4f,1.0
RI399_repitencia,RIESGO_INT,riesgo,repitencia,,,E98,NA,NA,7.0,riesgos_internos.csv,Registros ERP académico,Valor directo de columna repitencia,2026-06-25 11:12:08,87f174cf-db07-4b4a-9e4d-c229aab16e4f,1.0
RI399_deserción,RIESGO_INT,riesgo,deserción,,,E98,NA,NA,1.0,riesgos_internos.csv,Registros ERP académico,Valor directo de columna deserción,2026-06-25 11:12:08,87f174cf-db07-4b4a-9e4d-c229aab16e4f,1.0
RI400_desempeño,RIESGO_INT,riesgo,desempeño,,,E99,NA,NA,0.757,riesgos_internos.csv,Registros ERP académico,Valor directo de columna desempeño,2026-06-25 11:12:08,87f174cf-db07-4b4a-9e4d-c229aab16e4f,1.0
RI400_repitencia,RIESGO_INT,riesgo,repitencia,,,E99,NA,NA,3.0,riesgos_internos.csv,Registros ERP académico,Valor directo de columna repitencia,2026-06-25 11:12:08,87f174cf-db07-4b4a-9e4d-c229aab16e4f,1.0
RI400_deserción,RIESGO_INT,riesgo,deserción,,,E99,NA,NA,0.0,riesgos_internos.csv,Registros ERP académico,Valor directo de columna deserción,2026-06-25 11:12:08,87f174cf-db07-4b4a-9e4d-c229aab16e4f,1.0
RE01_empleabilidad,RIESGO_EXT,riesgo,empleabilidad,,,E10,NA,NA,0.877,riesgos_externos.csv,Encuestas a empleadores,Valor directo de columna empleabilidad,2026-06-25 11:12:08,87f174cf-db07-4b4a-9e4d-c229aab16e4f,1.0
RE01_satisfacción,RIESGO_EXT,riesgo,satisfacción,,,E10,NA,NA,0.884,riesgos_externos.csv,Encuestas a empleadores,Valor directo de columna satisfacción,2026-06-25 11:12:08,87f174cf-db07-4b4a-9e4d-c229aab16e4f,1.0
RE02_empleabilidad,RIESGO_EXT,riesgo,empleabilidad,,,E23,NA,NA,0.762,riesgos_externos.csv,Encuestas a empleadores,Valor directo de columna empleabilidad,2026-06-25 11:12:08,87f174cf-db07-4b4a-9e4d-c229aab16e4f,1.0
RE02_satisfacción,RIESGO_EXT,riesgo,satisfacción,,,E23,NA,NA,0.82,riesgos_externos.csv,Encuestas a empleadores,Valor directo de columna satisfacción,2026-06-25 11:12:08,87f174cf-db07-4b4a-9e4d-c229aab16e4f,1.0
RE03_empleabilidad,RIESGO_EXT,riesgo,empleabilidad,,,E8,NA,NA,0.86,riesgos_externos.csv,Encuestas a empleadores,Valor directo de columna empleabilidad,2026-06-25 11:12:08,87f174cf-db07-4b4a-9e4d-c229aab16e4f,1.0
RE03_satisfacción,RIESGO_EXT,riesgo,satisfacción,,,E8,NA,NA,0.8,riesgos_externos.csv,Encuestas a empleadores,Valor directo de columna satisfacción,2026-06-25 11:12:08,87f174cf-db07-4b4a-9e4d-c229aab16e4f,1.0
RE04_empleabilidad,RIESGO_EXT,riesgo,empleabilidad,,,E12,NA,NA,0.724,riesgos_externos.csv,Encuestas a empleadores,Valor directo de columna empleabilidad,2026-06-25 11:12:08,87f174cf-db07-4b4a-9e4d-c229aab16e4f,1.0
RE04_satisfacción,RIESGO_EXT,riesgo,satisfacción,,,E12,NA,NA,0.663,riesgos_externos.csv,Encuestas a empleadores,Valor directo de columna satisfacción,2026-06-25 11:12:08,87f174cf-db07-4b4a-9e4d-c229aab16e4f,1.0
RE05_empleabilidad,RIESGO_EXT,riesgo,empleabilidad,,,E19,NA,NA,0.765,riesgos_externos.csv,Encuestas a empleadores,Valor directo de columna empleabilidad,2026-06-25 11:12:08,87f174cf-db07-4b4a-9e4d-c229aab16e4f,1.0
RE05_satisfacción,RIESGO_EXT,riesgo,satisfacción,,,E19,NA,NA,0.728,riesgos_externos.csv,Encuestas a empleadores,Valor directo de columna satisfacción,2026-06-25 11:12:08,87f174cf-db07-4b4a-9e4d-c229aab16e4f,1.0
RE06_empleabilidad,RIESGO_EXT,riesgo,empleabilidad,,,E30,NA,NA,0.849,riesgos_externos.csv,Encuestas a empleadores,Valor directo de columna empleabilidad,2026-06-25 11:12:08,87f174cf-db07-4b4a-9e4d-c229aab16e4f,1.0
RE06_satisfacción,RIESGO_EXT,riesgo,satisfacción,,,E30,NA,NA,0.656,riesgos_externos.csv,Encuestas a empleadores,Valor directo de columna satisfacción,2026-06-25 11:12:08,87f174cf-db07-4b4a-9e4d-c229aab16e4f,1.0
RE07_empleabilidad,RIESGO_EXT,riesgo,empleabilidad,,,E32,NA,NA,0.903,riesgos_externos.csv,Encuestas a empleadores,Valor directo de columna empleabilidad,2026-06-25 11:12:08,87f174cf-db07-4b4a-9e4d-c229aab16e4f,1.0
RE07_satisfacción,RIESGO_EXT,riesgo,satisfacción,,,E32,NA,NA,0.841,riesgos_externos.csv,Encuestas a empleadores,Valor directo de columna satisfacción,2026-06-25 11:12:08,87f174cf-db07-4b4a-9e4d-c229aab16e4f,1.0
RE08_empleabilidad,RIESGO_EXT,riesgo,empleabilidad,,,E34,NA,NA,0.822,riesgos_externos.csv,Encuestas a empleadores,Valor directo de columna empleabilidad,2026-06-25 11:12:08,87f174cf-db07-4b4a-9e4d-c229aab16e4f,1.0
RE08_satisfacción,RIESGO_EXT,riesgo,satisfacción,,,E34,NA,NA,0.698,riesgos_externos.csv,Encuestas a empleadores,Valor directo de columna satisfacción,2026-06-25 11:12:08,87f174cf-db07-4b4a-9e4d-c229aab16e4f,1.0
RE09_empleabilidad,RIESGO_EXT,riesgo,empleabilidad,,,E51,NA,NA,0.829,riesgos_externos.csv,Encuestas a empleadores,Valor directo de columna empleabilidad,2026-06-25 11:12:08,87f174cf-db07-4b4a-9e4d-c229aab16e4f,1.0
RE09_satisfacción,RIESGO_EXT,riesgo,satisfacción,,,E51,NA,NA,0.65,riesgos_externos.csv,Encuestas a empleadores,Valor directo de columna satisfacción,2026-06-25 11:12:08,87f174cf-db07-4b4a-9e4d-c229aab16e4f,1.0
RE10_empleabilidad,RIESGO_EXT,riesgo,empleabilidad,,,E52,NA,NA,0.68,riesgos_externos.csv,Encuestas a empleadores,Valor directo de columna empleabilidad,2026-06-25 11:12:08,87f174cf-db07-4b4a-9e4d-c229aab16e4f,1.0
RE10_satisfacción,RIESGO_EXT,riesgo,satisfacción,,,E52,NA,NA,0.781,riesgos_externos.csv,Encuestas a empleadores,Valor directo de columna satisfacción,2026-06-25 11:12:08,87f174cf-db07-4b4a-9e4d-c229aab16e4f,1.0
RE11_empleabilidad,RIESGO_EXT,riesgo,empleabilidad,,,E64,NA,NA,0.895,riesgos_externos.csv,Encuestas a empleadores,Valor directo de columna empleabilidad,2026-06-25 11:12:08,87f174cf-db07-4b4a-9e4d-c229aab16e4f,1.0
RE11_satisfacción,RIESGO_EXT,riesgo,satisfacción,,,E64,NA,NA,0.814,riesgos_externos.csv,Encuestas a empleadores,Valor directo de columna satisfacción,2026-06-25 11:12:08,87f174cf-db07-4b4a-9e4d-c229aab16e4f,1.0
RE12_empleabilidad,RIESGO_EXT,riesgo,empleabilidad,,,E65,NA,NA,0.817,riesgos_externos.csv,Encuestas a empleadores,Valor directo de columna empleabilidad,2026-06-25 11:12:08,87f174cf-db07-4b4a-9e4d-c229aab16e4f,1.0
RE12_satisfacción,RIESGO_EXT,riesgo,satisfacción,,,E65,NA,NA,0.739,riesgos_externos.csv,Encuestas a empleadores,Valor directo de columna satisfacción,2026-06-25 11:12:08,87f174cf-db07-4b4a-9e4d-c229aab16e4f,1.0
RE13_empleabilidad,RIESGO_EXT,riesgo,empleabilidad,,,E67,NA,NA,0.597,riesgos_externos.csv,Encuestas a empleadores,Valor directo de columna empleabilidad,2026-06-25 11:12:08,87f174cf-db07-4b4a-9e4d-c229aab16e4f,1.0
RE13_satisfacción,RIESGO_EXT,riesgo,satisfacción,,,E67,NA,NA,0.692,riesgos_externos.csv,Encuestas a empleadores,Valor directo de columna satisfacción,2026-06-25 11:12:08,87f174cf-db07-4b4a-9e4d-c229aab16e4f,1.0
RE14_empleabilidad,RIESGO_EXT,riesgo,empleabilidad,,,E69,NA,NA,0.856,riesgos_externos.csv,Encuestas a empleadores,Valor directo de columna empleabilidad,2026-06-25 11:12:08,87f174cf-db07-4b4a-9e4d-c229aab16e4f,1.0
RE14_satisfacción,RIESGO_EXT,riesgo,satisfacción,,,E69,NA,NA,0.979,riesgos_externos.csv,Encuestas a empleadores,Valor directo de columna satisfacción,2026-06-25 11:12:08,87f174cf-db07-4b4a-9e4d-c229aab16e4f,1.0
RE15_empleabilidad,RIESGO_EXT,riesgo,empleabilidad,,,E49,NA,NA,0.744,riesgos_externos.csv,Encuestas a empleadores,Valor directo de columna empleabilidad,2026-06-25 11:12:08,87f174cf-db07-4b4a-9e4d-c229aab16e4f,1.0
RE15_satisfacción,RIESGO_EXT,riesgo,satisfacción,,,E49,NA,NA,0.925,riesgos_externos.csv,Encuestas a empleadores,Valor directo de columna satisfacción,2026-06-25 11:12:08,87f174cf-db07-4b4a-9e4d-c229aab16e4f,1.0
RE16_empleabilidad,RIESGO_EXT,riesgo,empleabilidad,,,E56,NA,NA,0.892,riesgos_externos.csv,Encuestas a empleadores,Valor directo de columna empleabilidad,2026-06-25 11:12:08,87f174cf-db07-4b4a-9e4d-c229aab16e4f,1.0
RE16_satisfacción,RIESGO_EXT,riesgo,satisfacción,,,E56,NA,NA,0.606,riesgos_externos.csv,Encuestas a empleadores,Valor directo de columna satisfacción,2026-06-25 11:12:08,87f174cf-db07-4b4a-9e4d-c229aab16e4f,1.0
RE17_empleabilidad,RIESGO_EXT,riesgo,empleabilidad,,,E78,NA,NA,0.719,riesgos_externos.csv,Encuestas a empleadores,Valor directo de columna empleabilidad,2026-06-25 11:12:08,87f174cf-db07-4b4a-9e4d-c229aab16e4f,1.0
RE17_satisfacción,RIESGO_EXT,riesgo,satisfacción,,,E78,NA,NA,0.624,riesgos_externos.csv,Encuestas a empleadores,Valor directo de columna satisfacción,2026-06-25 11:12:08,87f174cf-db07-4b4a-9e4d-c229aab16e4f,1.0
RE18_empleabilidad,RIESGO_EXT,riesgo,empleabilidad,,,E80,NA,NA,0.628,riesgos_externos.csv,Encuestas a empleadores,Valor directo de columna empleabilidad,2026-06-25 11:12:08,87f174cf-db07-4b4a-9e4d-c229aab16e4f,1.0
RE18_satisfacción,RIESGO_EXT,riesgo,satisfacción,,,E80,NA,NA,0.794,riesgos_externos.csv,Encuestas a empleadores,Valor directo de columna satisfacción,2026-06-25 11:12:08,87f174cf-db07-4b4a-9e4d-c229aab16e4f,1.0
RE19_empleabilidad,RIESGO_EXT,riesgo,empleabilidad,,,E81,NA,NA,0.79,riesgos_externos.csv,Encuestas a empleadores,Valor directo de columna empleabilidad,2026-06-25 11:12:08,87f174cf-db07-4b4a-9e4d-c229aab16e4f,1.0
RE19_satisfacción,RIESGO_EXT,riesgo,satisfacción,,,E81,NA,NA,0.604,riesgos_externos.csv,Encuestas a empleadores,Valor directo de columna satisfacción,2026-06-25 11:12:08,87f174cf-db07-4b4a-9e4d-c229aab16e4f,1.0
RE20_empleabilidad,RIESGO_EXT,riesgo,empleabilidad,,,E82,NA,NA,0.79,riesgos_externos.csv,Encuestas a empleadores,Valor directo de columna empleabilidad,2026-06-25 11:12:08,87f174cf-db07-4b4a-9e4d-c229aab16e4f,1.0
RE20_satisfacción,RIESGO_EXT,riesgo,satisfacción,,,E82,NA,NA,0.762,riesgos_externos.csv,Encuestas a empleadores,Valor directo de columna satisfacción,2026-06-25 11:12:08,87f174cf-db07-4b4a-9e4d-c229aab16e4f,1.0
RE21_empleabilidad,RIESGO_EXT,riesgo,empleabilidad,,,E90,NA,NA,0.862,riesgos_externos.csv,Encuestas a empleadores,Valor directo de columna empleabilidad,2026-06-25 11:12:08,87f174cf-db07-4b4a-9e4d-c229aab16e4f,1.0
RE21_satisfacción,RIESGO_EXT,riesgo,satisfacción,,,E90,NA,NA,0.894,riesgos_externos.csv,Encuestas a empleadores,Valor directo de columna satisfacción,2026-06-25 11:12:08,87f174cf-db07-4b4a-9e4d-c229aab16e4f,1.0
RE22_empleabilidad,RIESGO_EXT,riesgo,empleabilidad,,,E92,NA,NA,0.734,riesgos_externos.csv,Encuestas a empleadores,Valor directo de columna empleabilidad,2026-06-25 11:12:08,87f174cf-db07-4b4a-9e4d-c229aab16e4f,1.0
RE22_satisfacción,RIESGO_EXT,riesgo,satisfacción,,,E92,NA,NA,0.773,riesgos_externos.csv,Encuestas a empleadores,Valor directo de columna satisfacción,2026-06-25 11:12:08,87f174cf-db07-4b4a-9e4d-c229aab16e4f,1.0
RE23_empleabilidad,RIESGO_EXT,riesgo,empleabilidad,,,E100,NA,NA,0.764,riesgos_externos.csv,Encuestas a empleadores,Valor directo de columna empleabilidad,2026-06-25 11:12:08,87f174cf-db07-4b4a-9e4d-c229aab16e4f,1.0
RE23_satisfacción,RIESGO_EXT,riesgo,satisfacción,,,E100,NA,NA,0.972,riesgos_externos.csv,Encuestas a empleadores,Valor directo de columna satisfacción,2026-06-25 11:12:08,87f174cf-db07-4b4a-9e4d-c229aab16e4f,1.0
RE24_empleabilidad,RIESGO_EXT,riesgo,empleabilidad,,,E50,NA,NA,0.723,riesgos_externos.csv,Encuestas a empleadores,Valor directo de columna empleabilidad,2026-06-25 11:12:08,87f174cf-db07-4b4a-9e4d-c229aab16e4f,1.0
RE24_satisfacción,RIESGO_EXT,riesgo,satisfacción,,,E50,NA,NA,1.0,riesgos_externos.csv,Encuestas a empleadores,Valor directo de columna satisfacción,2026-06-25 11:12:08,87f174cf-db07-4b4a-9e4d-c229aab16e4f,1.0
RE25_empleabilidad,RIESGO_EXT,riesgo,empleabilidad,,,E59,NA,NA,0.745,riesgos_externos.csv,Encuestas a empleadores,Valor directo de columna empleabilidad,2026-06-25 11:12:08,87f174cf-db07-4b4a-9e4d-c229aab16e4f,1.0
RE25_satisfacción,RIESGO_EXT,riesgo,satisfacción,,,E59,NA,NA,0.913,riesgos_externos.csv,Encuestas a empleadores,Valor directo de columna satisfacción,2026-06-25 11:12:08,87f174cf-db07-4b4a-9e4d-c229aab16e4f,1.0
RE26_empleabilidad,RIESGO_EXT,riesgo,empleabilidad,,,E73,NA,NA,0.842,riesgos_externos.csv,Encuestas a empleadores,Valor directo de columna empleabilidad,2026-06-25 11:12:08,87f174cf-db07-4b4a-9e4d-c229aab16e4f,1.0
RE26_satisfacción,RIESGO_EXT,riesgo,satisfacción,,,E73,NA,NA,0.935,riesgos_externos.csv,Encuestas a empleadores,Valor directo de columna satisfacción,2026-06-25 11:12:08,87f174cf-db07-4b4a-9e4d-c229aab16e4f,1.0
RE27_empleabilidad,RIESGO_EXT,riesgo,empleabilidad,,,E85,NA,NA,0.779,riesgos_externos.csv,Encuestas a empleadores,Valor directo de columna empleabilidad,2026-06-25 11:12:08,87f174cf-db07-4b4a-9e4d-c229aab16e4f,1.0
RE27_satisfacción,RIESGO_EXT,riesgo,satisfacción,,,E85,NA,NA,0.819,riesgos_externos.csv,Encuestas a empleadores,Valor directo de columna satisfacción,2026-06-25 11:12:08,87f174cf-db07-4b4a-9e4d-c229aab16e4f,1.0
RE28_empleabilidad,RIESGO_EXT,riesgo,empleabilidad,,,E102,NA,NA,0.814,riesgos_externos.csv,Encuestas a empleadores,Valor directo de columna empleabilidad,2026-06-25 11:12:08,87f174cf-db07-4b4a-9e4d-c229aab16e4f,1.0
RE28_satisfacción,RIESGO_EXT,riesgo,satisfacción,,,E102,NA,NA,0.651,riesgos_externos.csv,Encuestas a empleadores,Valor directo de columna satisfacción,2026-06-25 11:12:08,87f174cf-db07-4b4a-9e4d-c229aab16e4f,1.0
RE29_empleabilidad,RIESGO_EXT,riesgo,empleabilidad,,,E110,NA,NA,0.908,riesgos_externos.csv,Encuestas a empleadores,Valor directo de columna empleabilidad,2026-06-25 11:12:08,87f174cf-db07-4b4a-9e4d-c229aab16e4f,1.0
RE29_satisfacción,RIESGO_EXT,riesgo,satisfacción,,,E110,NA,NA,0.683,riesgos_externos.csv,Encuestas a empleadores,Valor directo de columna satisfacción,2026-06-25 11:12:08,87f174cf-db07-4b4a-9e4d-c229aab16e4f,1.0
RE30_empleabilidad,RIESGO_EXT,riesgo,empleabilidad,,,E113,NA,NA,0.746,riesgos_externos.csv,Encuestas a empleadores,Valor directo de columna empleabilidad,2026-06-25 11:12:08,87f174cf-db07-4b4a-9e4d-c229aab16e4f,1.0
RE30_satisfacción,RIESGO_EXT,riesgo,satisfacción,,,E113,NA,NA,0.932,riesgos_externos.csv,Encuestas a empleadores,Valor directo de columna satisfacción,2026-06-25 11:12:08,87f174cf-db07-4b4a-9e4d-c229aab16e4f,1.0
RE31_empleabilidad,RIESGO_EXT,riesgo,empleabilidad,,,E88,NA,NA,0.777,riesgos_externos.csv,Encuestas a empleadores,Valor directo de columna empleabilidad,2026-06-25 11:12:08,87f174cf-db07-4b4a-9e4d-c229aab16e4f,1.0
RE31_satisfacción,RIESGO_EXT,riesgo,satisfacción,,,E88,NA,NA,0.882,riesgos_externos.csv,Encuestas a empleadores,Valor directo de columna satisfacción,2026-06-25 11:12:08,87f174cf-db07-4b4a-9e4d-c229aab16e4f,1.0
RE32_empleabilidad,RIESGO_EXT,riesgo,empleabilidad,,,E117,NA,NA,0.789,riesgos_externos.csv,Encuestas a empleadores,Valor directo de columna empleabilidad,2026-06-25 11:12:08,87f174cf-db07-4b4a-9e4d-c229aab16e4f,1.0
RE32_satisfacción,RIESGO_EXT,riesgo,satisfacción,,,E117,NA,NA,0.748,riesgos_externos.csv,Encuestas a empleadores,Valor directo de columna satisfacción,2026-06-25 11:12:08,87f174cf-db07-4b4a-9e4d-c229aab16e4f,1.0
RE33_empleabilidad,RIESGO_EXT,riesgo,empleabilidad,,,E127,NA,NA,0.898,riesgos_externos.csv,Encuestas a empleadores,Valor directo de columna empleabilidad,2026-06-25 11:12:08,87f174cf-db07-4b4a-9e4d-c229aab16e4f,1.0
RE33_satisfacción,RIESGO_EXT,riesgo,satisfacción,,,E127,NA,NA,0.73,riesgos_externos.csv,Encuestas a empleadores,Valor directo de columna satisfacción,2026-06-25 11:12:08,87f174cf-db07-4b4a-9e4d-c229aab16e4f,1.0
RE34_empleabilidad,RIESGO_EXT,riesgo,empleabilidad,,,E129,NA,NA,0.755,riesgos_externos.csv,Encuestas a empleadores,Valor directo de columna empleabilidad,2026-06-25 11:12:08,87f174cf-db07-4b4a-9e4d-c229aab16e4f,1.0
RE34_satisfacción,RIESGO_EXT,riesgo,satisfacción,,,E129,NA,NA,0.756,riesgos_externos.csv,Encuestas a empleadores,Valor directo de columna satisfacción,2026-06-25 11:12:08,87f174cf-db07-4b4a-9e4d-c229aab16e4f,1.0
RE35_empleabilidad,RIESGO_EXT,riesgo,empleabilidad,,,E131,NA,NA,0.721,riesgos_externos.csv,Encuestas a empleadores,Valor directo de columna empleabilidad,2026-06-25 11:12:08,87f174cf-db07-4b4a-9e4d-c229aab16e4f,1.0
RE35_satisfacción,RIESGO_EXT,riesgo,satisfacción,,,E131,NA,NA,0.614,riesgos_externos.csv,Encuestas a empleadores,Valor directo de columna satisfacción,2026-06-25 11:12:08,87f174cf-db07-4b4a-9e4d-c229aab16e4f,1.0
RE36_empleabilidad,RIESGO_EXT,riesgo,empleabilidad,,,E133,NA,NA,0.819,riesgos_externos.csv,Encuestas a empleadores,Valor directo de columna empleabilidad,2026-06-25 11:12:08,87f174cf-db07-4b4a-9e4d-c229aab16e4f,1.0
RE36_satisfacción,RIESGO_EXT,riesgo,satisfacción,,,E133,NA,NA,0.717,riesgos_externos.csv,Encuestas a empleadores,Valor directo de columna satisfacción,2026-06-25 11:12:08,87f174cf-db07-4b4a-9e4d-c229aab16e4f,1.0
RE37_empleabilidad,RIESGO_EXT,riesgo,empleabilidad,,,E143,NA,NA,0.899,riesgos_externos.csv,Encuestas a empleadores,Valor directo de columna empleabilidad,2026-06-25 11:12:08,87f174cf-db07-4b4a-9e4d-c229aab16e4f,1.0
RE37_satisfacción,RIESGO_EXT,riesgo,satisfacción,,,E143,NA,NA,0.847,riesgos_externos.csv,Encuestas a empleadores,Valor directo de columna satisfacción,2026-06-25 11:12:08,87f174cf-db07-4b4a-9e4d-c229aab16e4f,1.0
RE38_empleabilidad,RIESGO_EXT,riesgo,empleabilidad,,,E148,NA,NA,0.923,riesgos_externos.csv,Encuestas a empleadores,Valor directo de columna empleabilidad,2026-06-25 11:12:08,87f174cf-db07-4b4a-9e4d-c229aab16e4f,1.0
RE38_satisfacción,RIESGO_EXT,riesgo,satisfacción,,,E148,NA,NA,0.785,riesgos_externos.csv,Encuestas a empleadores,Valor directo de columna satisfacción,2026-06-25 11:12:08,87f174cf-db07-4b4a-9e4d-c229aab16e4f,1.0
RE39_empleabilidad,RIESGO_EXT,riesgo,empleabilidad,,,E104,NA,NA,0.773,riesgos_externos.csv,Encuestas a empleadores,Valor directo de columna empleabilidad,2026-06-25 11:12:08,87f174cf-db07-4b4a-9e4d-c229aab16e4f,1.0
RE39_satisfacción,RIESGO_EXT,riesgo,satisfacción,,,E104,NA,NA,0.785,riesgos_externos.csv,Encuestas a empleadores,Valor directo de columna satisfacción,2026-06-25 11:12:08,87f174cf-db07-4b4a-9e4d-c229aab16e4f,1.0
RE40_empleabilidad,RIESGO_EXT,riesgo,empleabilidad,,,E128,NA,NA,1.0,riesgos_externos.csv,Encuestas a empleadores,Valor directo de columna empleabilidad,2026-06-25 11:12:08,87f174cf-db07-4b4a-9e4d-c229aab16e4f,1.0
RE40_satisfacción,RIESGO_EXT,riesgo,satisfacción,,,E128,NA,NA,0.686,riesgos_externos.csv,Encuestas a empleadores,Valor directo de columna satisfacción,2026-06-25 11:12:08,87f174cf-db07-4b4a-9e4d-c229aab16e4f,1.0
RE41_empleabilidad,RIESGO_EXT,riesgo,empleabilidad,,,E151,NA,NA,0.789,riesgos_externos.csv,Encuestas a empleadores,Valor directo de columna empleabilidad,2026-06-25 11:12:08,87f174cf-db07-4b4a-9e4d-c229aab16e4f,1.0
RE41_satisfacción,RIESGO_EXT,riesgo,satisfacción,,,E151,NA,NA,0.769,riesgos_externos.csv,Encuestas a empleadores,Valor directo de columna satisfacción,2026-06-25 11:12:08,87f174cf-db07-4b4a-9e4d-c229aab16e4f,1.0
RE42_empleabilidad,RIESGO_EXT,riesgo,empleabilidad,,,E152,NA,NA,0.756,riesgos_externos.csv,Encuestas a empleadores,Valor directo de columna empleabilidad,2026-06-25 11:12:08,87f174cf-db07-4b4a-9e4d-c229aab16e4f,1.0
RE42_satisfacción,RIESGO_EXT,riesgo,satisfacción,,,E152,NA,NA,0.578,riesgos_externos.csv,Encuestas a empleadores,Valor directo de columna satisfacción,2026-06-25 11:12:08,87f174cf-db07-4b4a-9e4d-c229aab16e4f,1.0
RE43_empleabilidad,RIESGO_EXT,riesgo,empleabilidad,,,E158,NA,NA,0.873,riesgos_externos.csv,Encuestas a empleadores,Valor directo de columna empleabilidad,2026-06-25 11:12:08,87f174cf-db07-4b4a-9e4d-c229aab16e4f,1.0
RE43_satisfacción,RIESGO_EXT,riesgo,satisfacción,,,E158,NA,NA,0.655,riesgos_externos.csv,Encuestas a empleadores,Valor directo de columna satisfacción,2026-06-25 11:12:08,87f174cf-db07-4b4a-9e4d-c229aab16e4f,1.0
RE44_empleabilidad,RIESGO_EXT,riesgo,empleabilidad,,,E161,NA,NA,0.759,riesgos_externos.csv,Encuestas a empleadores,Valor directo de columna empleabilidad,2026-06-25 11:12:08,87f174cf-db07-4b4a-9e4d-c229aab16e4f,1.0
RE44_satisfacción,RIESGO_EXT,riesgo,satisfacción,,,E161,NA,NA,0.722,riesgos_externos.csv,Encuestas a empleadores,Valor directo de columna satisfacción,2026-06-25 11:12:08,87f174cf-db07-4b4a-9e4d-c229aab16e4f,1.0
RE45_empleabilidad,RIESGO_EXT,riesgo,empleabilidad,,,E163,NA,NA,0.586,riesgos_externos.csv,Encuestas a empleadores,Valor directo de columna empleabilidad,2026-06-25 11:12:08,87f174cf-db07-4b4a-9e4d-c229aab16e4f,1.0
RE45_satisfacción,RIESGO_EXT,riesgo,satisfacción,,,E163,NA,NA,0.888,riesgos_externos.csv,Encuestas a empleadores,Valor directo de columna satisfacción,2026-06-25 11:12:08,87f174cf-db07-4b4a-9e4d-c229aab16e4f,1.0
RE46_empleabilidad,RIESGO_EXT,riesgo,empleabilidad,,,E170,NA,NA,1.0,riesgos_externos.csv,Encuestas a empleadores,Valor directo de columna empleabilidad,2026-06-25 11:12:08,87f174cf-db07-4b4a-9e4d-c229aab16e4f,1.0
RE46_satisfacción,RIESGO_EXT,riesgo,satisfacción,,,E170,NA,NA,0.791,riesgos_externos.csv,Encuestas a empleadores,Valor directo de columna satisfacción,2026-06-25 11:12:08,87f174cf-db07-4b4a-9e4d-c229aab16e4f,1.0
RE47_empleabilidad,RIESGO_EXT,riesgo,empleabilidad,,,E135,NA,NA,0.734,riesgos_externos.csv,Encuestas a empleadores,Valor directo de columna empleabilidad,2026-06-25 11:12:08,87f174cf-db07-4b4a-9e4d-c229aab16e4f,1.0
RE47_satisfacción,RIESGO_EXT,riesgo,satisfacción,,,E135,NA,NA,0.634,riesgos_externos.csv,Encuestas a empleadores,Valor directo de columna satisfacción,2026-06-25 11:12:08,87f174cf-db07-4b4a-9e4d-c229aab16e4f,1.0
RE48_empleabilidad,RIESGO_EXT,riesgo,empleabilidad,,,E173,NA,NA,0.832,riesgos_externos.csv,Encuestas a empleadores,Valor directo de columna empleabilidad,2026-06-25 11:12:08,87f174cf-db07-4b4a-9e4d-c229aab16e4f,1.0
RE48_satisfacción,RIESGO_EXT,riesgo,satisfacción,,,E173,NA,NA,0.579,riesgos_externos.csv,Encuestas a empleadores,Valor directo de columna satisfacción,2026-06-25 11:12:08,87f174cf-db07-4b4a-9e4d-c229aab16e4f,1.0
RE49_empleabilidad,RIESGO_EXT,riesgo,empleabilidad,,,E188,NA,NA,0.978,riesgos_externos.csv,Encuestas a empleadores,Valor directo de columna empleabilidad,2026-06-25 11:12:08,87f174cf-db07-4b4a-9e4d-c229aab16e4f,1.0
RE49_satisfacción,RIESGO_EXT,riesgo,satisfacción,,,E188,NA,NA,0.816,riesgos_externos.csv,Encuestas a empleadores,Valor directo de columna satisfacción,2026-06-25 11:12:08,87f174cf-db07-4b4a-9e4d-c229aab16e4f,1.0
RE50_empleabilidad,RIESGO_EXT,riesgo,empleabilidad,,,E189,NA,NA,0.592,riesgos_externos.csv,Encuestas a empleadores,Valor directo de columna empleabilidad,2026-06-25 11:12:08,87f174cf-db07-4b4a-9e4d-c229aab16e4f,1.0
RE50_satisfacción,RIESGO_EXT,riesgo,satisfacción,,,E189,NA,NA,0.684,riesgos_externos.csv,Encuestas a empleadores,Valor directo de columna satisfacción,2026-06-25 11:12:08,87f174cf-db07-4b4a-9e4d-c229aab16e4f,1.0
RE51_empleabilidad,RIESGO_EXT,riesgo,empleabilidad,,,E191,NA,NA,0.817,riesgos_externos.csv,Encuestas a empleadores,Valor directo de columna empleabilidad,2026-06-25 11:12:08,87f174cf-db07-4b4a-9e4d-c229aab16e4f,1.0
RE51_satisfacción,RIESGO_EXT,riesgo,satisfacción,,,E191,NA,NA,0.698,riesgos_externos.csv,Encuestas a empleadores,Valor directo de columna satisfacción,2026-06-25 11:12:08,87f174cf-db07-4b4a-9e4d-c229aab16e4f,1.0
RE52_empleabilidad,RIESGO_EXT,riesgo,empleabilidad,,,E196,NA,NA,0.814,riesgos_externos.csv,Encuestas a empleadores,Valor directo de columna empleabilidad,2026-06-25 11:12:08,87f174cf-db07-4b4a-9e4d-c229aab16e4f,1.0
RE52_satisfacción,RIESGO_EXT,riesgo,satisfacción,,,E196,NA,NA,0.857,riesgos_externos.csv,Encuestas a empleadores,Valor directo de columna satisfacción,2026-06-25 11:12:08,87f174cf-db07-4b4a-9e4d-c229aab16e4f,1.0
RE53_empleabilidad,RIESGO_EXT,riesgo,empleabilidad,,,E198,NA,NA,0.833,riesgos_externos.csv,Encuestas a empleadores,Valor directo de columna empleabilidad,2026-06-25 11:12:08,87f174cf-db07-4b4a-9e4d-c229aab16e4f,1.0
RE53_satisfacción,RIESGO_EXT,riesgo,satisfacción,,,E198,NA,NA,0.766,riesgos_externos.csv,Encuestas a empleadores,Valor directo de columna satisfacción,2026-06-25 11:12:08,87f174cf-db07-4b4a-9e4d-c229aab16e4f,1.0
RE54_empleabilidad,RIESGO_EXT,riesgo,empleabilidad,,,E200,NA,NA,0.656,riesgos_externos.csv,Encuestas a empleadores,Valor directo de columna empleabilidad,2026-06-25 11:12:08,87f174cf-db07-4b4a-9e4d-c229aab16e4f,1.0
RE54_satisfacción,RIESGO_EXT,riesgo,satisfacción,,,E200,NA,NA,0.736,riesgos_externos.csv,Encuestas a empleadores,Valor directo de columna satisfacción,2026-06-25 11:12:08,87f174cf-db07-4b4a-9e4d-c229aab16e4f,1.0
RE55_empleabilidad,RIESGO_EXT,riesgo,empleabilidad,,,E211,NA,NA,0.719,riesgos_externos.csv,Encuestas a empleadores,Valor directo de columna empleabilidad,2026-06-25 11:12:08,87f174cf-db07-4b4a-9e4d-c229aab16e4f,1.0
RE55_satisfacción,RIESGO_EXT,riesgo,satisfacción,,,E211,NA,NA,0.559,riesgos_externos.csv,Encuestas a empleadores,Valor directo de columna satisfacción,2026-06-25 11:12:08,87f174cf-db07-4b4a-9e4d-c229aab16e4f,1.0
RE56_empleabilidad,RIESGO_EXT,riesgo,empleabilidad,,,E223,NA,NA,0.87,riesgos_externos.csv,Encuestas a empleadores,Valor directo de columna empleabilidad,2026-06-25 11:12:08,87f174cf-db07-4b4a-9e4d-c229aab16e4f,1.0
RE56_satisfacción,RIESGO_EXT,riesgo,satisfacción,,,E223,NA,NA,0.781,riesgos_externos.csv,Encuestas a empleadores,Valor directo de columna satisfacción,2026-06-25 11:12:08,87f174cf-db07-4b4a-9e4d-c229aab16e4f,1.0
